"student_id","ma_mon","ma_lop_hoc_phan","loai_hoc_phan","diem_thong_thuong","diem_giua_ky","diem_thuc_hanh_hien_tai","diem_thuc_hanh_tich_hop","diem_thuong_ky_lt_list","diem_giua_ky_lt"
"SV1001","INT1002","L01","ly_thuyet","3.64,3.64","3.64","","","",""
"SV1001","INT1001","L01","tich_hop","","","","9.04","6,5.54","6"
"SV1002","INT1002","L01","ly_thuyet","9.46,9.46","9.46","","","",""
"SV1002","GDTC101","L01","thuc_hanh","","","8.89,2.37,8.89","","",""
"SV1003","INT1003","L01","tich_hop","","","","1.44","2.28,1.19","2.28"
"SV1003","GDTC101","L01","thuc_hanh","","","8.1,4.4,8.1","","",""
"SV1003","INT1001","L01","tich_hop","","","","3.53","6.44,2.37","6.44"
"SV1004","GDTC101","L01","thuc_hanh","","","5.81,0.57,5.81","","",""
"SV1004","INT1003","L01","tich_hop","","","","9.94","8.35,9.27","8.35"
"SV1005","GDTC101","L01","thuc_hanh","","","8.97,5.53,8.97","","",""
"SV1005","INT1001","L01","tich_hop","","","","1.34","8.61,2.38","8.61"
"SV1005","GDQP102","L01","ly_thuyet","1.33,1.33","1.33","","","",""
"SV1005","INT1002","L01","ly_thuyet","6.66,6.66","6.66","","","",""
"SV1006","INT1002","L01","ly_thuyet","9.62,9.62","9.62","","","",""
"SV1006","INT1001","L01","tich_hop","","","","5.11","3.16,3.24","3.16"
"SV1006","GDTC101","L01","thuc_hanh","","","3.42,5.61,3.42","","",""
"SV1007","GDTC101","L01","thuc_hanh","","","8.03,0.58,8.03","","",""
"SV1007","INT1002","L01","ly_thuyet","3.49,3.49","3.49","","","",""
"SV1008","GDQP102","L01","ly_thuyet","8.7,8.7","8.7","","","",""
"SV1008","INT1003","L01","tich_hop","","","","6.19","0.31,5.38","0.31"
"SV1009","INT1002","L01","ly_thuyet","7.88,7.88","7.88","","","",""
"SV1009","GDQP102","L01","ly_thuyet","8.3,8.3","8.3","","","",""
"SV1009","GDTC101","L01","thuc_hanh","","","4.1,7.58,4.1","","",""
"SV1010","GDTC101","L01","thuc_hanh","","","8.66,7.96,8.66","","",""
"SV1010","GDQP102","L01","ly_thuyet","5.1,5.1","5.1","","","",""
"SV1011","INT1003","L01","tich_hop","","","","6.71","4.1,8.42","4.1"
"SV1011","INT1002","L01","ly_thuyet","3.14,3.14","3.14","","","",""
"SV1011","GDTC101","L01","thuc_hanh","","","8.51,2.95,8.51","","",""
"SV1011","GDQP102","L01","ly_thuyet","3.21,3.21","3.21","","","",""
"SV1012","INT1002","L01","ly_thuyet","5.47,5.47","5.47","","","",""
"SV1012","INT1001","L01","tich_hop","","","","7.24","4.63,8.04","4.63"
"SV1013","INT1002","L01","ly_thuyet","9.47,9.47","9.47","","","",""
"SV1013","GDQP102","L01","ly_thuyet","3.17,3.17","3.17","","","",""
"SV1013","INT1001","L01","tich_hop","","","","6.93","8.18,3.85","8.18"
"SV1013","GDTC101","L01","thuc_hanh","","","9.85,9.84,9.85","","",""
"SV1014","INT1001","L01","tich_hop","","","","4.9","8.19,5.57","8.19"
"SV1014","INT1003","L01","tich_hop","","","","3.14","3.1,4.15","3.1"
"SV1014","INT1002","L01","ly_thuyet","4.93,4.93","4.93","","","",""
"SV1014","GDTC101","L01","thuc_hanh","","","3.63,8.9,3.63","","",""
"SV1015","INT1001","L01","tich_hop","","","","7.2","2.29,5.3","2.29"
"SV1015","GDQP102","L01","ly_thuyet","2.79,2.79","2.79","","","",""
"SV1015","INT1003","L01","tich_hop","","","","1.71","3.39,2.55","3.39"
"SV1016","INT1001","L01","tich_hop","","","","1.94","0.15,4.4","0.15"
"SV1016","INT1002","L01","ly_thuyet","4.45,4.45","4.45","","","",""
"SV1016","INT1003","L01","tich_hop","","","","9.24","0.11,6.36","0.11"
"SV1017","INT1001","L01","tich_hop","","","","1.16","7.25,2.52","7.25"
"SV1017","INT1003","L01","tich_hop","","","","2.48","0.95,6.03","0.95"
"SV1017","INT1002","L01","ly_thuyet","2.24,2.24","2.24","","","",""
"SV1018","GDTC101","L01","thuc_hanh","","","5.77,2.47,5.77","","",""
"SV1018","INT1001","L01","tich_hop","","","","6.1","7.87,3.98","7.87"
"SV1018","INT1003","L01","tich_hop","","","","5.04","7.92,7.69","7.92"
"SV1018","INT1002","L01","ly_thuyet","0.59,0.59","0.59","","","",""
"SV1019","INT1003","L01","tich_hop","","","","9.41","9.41,5.95","9.41"
"SV1019","GDQP102","L01","ly_thuyet","2.99,2.99","2.99","","","",""
"SV1020","INT1003","L01","tich_hop","","","","6.46","8.22,8.13","8.22"
"SV1020","INT1001","L01","tich_hop","","","","5.76","6.1,3.49","6.1"
"SV1020","GDQP102","L01","ly_thuyet","8.53,8.53","8.53","","","",""
"SV1021","INT1003","L01","tich_hop","","","","5.35","6.95,2.95","6.95"
"SV1021","GDTC101","L01","thuc_hanh","","","1.92,8.94,1.92","","",""
"SV1021","INT1001","L01","tich_hop","","","","8.88","1.36,7.53","1.36"
"SV1021","GDQP102","L01","ly_thuyet","3.04,3.04","3.04","","","",""
"SV1022","INT1003","L01","tich_hop","","","","4.27","5.18,4.07","5.18"
"SV1022","GDQP102","L01","ly_thuyet","6.04,6.04","6.04","","","",""
"SV1023","INT1002","L01","ly_thuyet","0.96,0.96","0.96","","","",""
"SV1023","INT1001","L01","tich_hop","","","","5.11","1.53,5.87","1.53"
"SV1023","GDQP102","L01","ly_thuyet","5.55,5.55","5.55","","","",""
"SV1024","INT1003","L01","tich_hop","","","","6.46","3.39,7.36","3.39"
"SV1024","GDQP102","L01","ly_thuyet","0.84,0.84","0.84","","","",""
"SV1024","INT1001","L01","tich_hop","","","","6.1","6.55,4.26","6.55"
"SV1025","GDTC101","L01","thuc_hanh","","","3.47,1.89,3.47","","",""
"SV1025","INT1001","L01","tich_hop","","","","8.3","1.01,4.64","1.01"
"SV1025","INT1002","L01","ly_thuyet","7.28,7.28","7.28","","","",""
"SV1025","INT1003","L01","tich_hop","","","","9.2","1.08,8.34","1.08"
"SV1026","GDQP102","L01","ly_thuyet","4.09,4.09","4.09","","","",""
"SV1026","INT1002","L01","ly_thuyet","5.07,5.07","5.07","","","",""
"SV1026","INT1003","L01","tich_hop","","","","9.09","8.63,6.18","8.63"
"SV1027","GDTC101","L01","thuc_hanh","","","4.45,7.44,4.45","","",""
"SV1027","INT1002","L01","ly_thuyet","7.01,7.01","7.01","","","",""
"SV1027","INT1003","L01","tich_hop","","","","7.61","8.52,5.19","8.52"
"SV1027","INT1001","L01","tich_hop","","","","5.84","8.97,6.1","8.97"
"SV1028","GDQP102","L01","ly_thuyet","1.75,1.75","1.75","","","",""
"SV1028","GDTC101","L01","thuc_hanh","","","3.65,3.64,3.65","","",""
"SV1028","INT1003","L01","tich_hop","","","","2.99","3.47,6.49","3.47"
"SV1029","INT1001","L01","tich_hop","","","","7.73","1.35,7.72","1.35"
"SV1029","INT1002","L01","ly_thuyet","2.71,2.71","2.71","","","",""
"SV1030","INT1003","L01","tich_hop","","","","8.73","6.01,9.4","6.01"
"SV1030","INT1001","L01","tich_hop","","","","8.66","4.08,7.6","4.08"
"SV1030","INT1002","L01","ly_thuyet","8.11,8.11","8.11","","","",""
"SV1030","GDQP102","L01","ly_thuyet","8.45,8.45","8.45","","","",""
"SV1031","INT1003","L01","tich_hop","","","","4.64","2.84,3.13","2.84"
"SV1031","GDQP102","L01","ly_thuyet","8.05,8.05","8.05","","","",""
"SV1031","INT1001","L01","tich_hop","","","","7.5","5.31,7.88","5.31"
"SV1032","GDTC101","L01","thuc_hanh","","","2.67,0.82,2.67","","",""
"SV1032","INT1003","L01","tich_hop","","","","7.5","4.12,8.61","4.12"
"SV1032","INT1002","L01","ly_thuyet","0.14,0.14","0.14","","","",""
"SV1033","INT1001","L01","tich_hop","","","","6.52","4,6.85","4"
"SV1033","INT1002","L01","ly_thuyet","5.28,5.28","5.28","","","",""
"SV1033","INT1003","L01","tich_hop","","","","4.86","9.63,3.73","9.63"
"SV1034","GDTC101","L01","thuc_hanh","","","6.61,5.93,6.61","","",""
"SV1034","INT1002","L01","ly_thuyet","7.81,7.81","7.81","","","",""
"SV1034","INT1003","L01","tich_hop","","","","6.27","9.33,5.1","9.33"
"SV1035","INT1001","L01","tich_hop","","","","7.75","7.11,7.32","7.11"
"SV1035","GDQP102","L01","ly_thuyet","2.18,2.18","2.18","","","",""
"SV1036","INT1002","L01","ly_thuyet","6.58,6.58","6.58","","","",""
"SV1036","INT1001","L01","tich_hop","","","","2.48","9.53,2.92","9.53"
"SV1037","GDQP102","L01","ly_thuyet","3.34,3.34","3.34","","","",""
"SV1037","GDTC101","L01","thuc_hanh","","","5.92,0.28,5.92","","",""
"SV1037","INT1001","L01","tich_hop","","","","2.09","5.22,2.56","5.22"
"SV1037","INT1002","L01","ly_thuyet","8.45,8.45","8.45","","","",""
"SV1038","GDTC101","L01","thuc_hanh","","","7.69,4.45,7.69","","",""
"SV1038","INT1003","L01","tich_hop","","","","5.39","0.14,7.37","0.14"
"SV1038","GDQP102","L01","ly_thuyet","5.98,5.98","5.98","","","",""
"SV1039","GDTC101","L01","thuc_hanh","","","8.85,4.62,8.85","","",""
"SV1039","INT1002","L01","ly_thuyet","1.3,1.3","1.3","","","",""
"SV1039","GDQP102","L01","ly_thuyet","9.12,9.12","9.12","","","",""
"SV1039","INT1001","L01","tich_hop","","","","3.81","5.5,2.94","5.5"
"SV1040","INT1001","L01","tich_hop","","","","2.96","6.21,5.32","6.21"
"SV1040","GDTC101","L01","thuc_hanh","","","3.28,8.77,3.28","","",""
"SV1040","INT1002","L01","ly_thuyet","0.68,0.68","0.68","","","",""
"SV1041","INT1002","L01","ly_thuyet","5.13,5.13","5.13","","","",""
"SV1041","GDTC101","L01","thuc_hanh","","","5.98,0.53,5.98","","",""
"SV1041","GDQP102","L01","ly_thuyet","0.53,0.53","0.53","","","",""
"SV1041","INT1003","L01","tich_hop","","","","7.99","2.7,5.31","2.7"
"SV1042","GDTC101","L01","thuc_hanh","","","5.53,1.32,5.53","","",""
"SV1042","INT1002","L01","ly_thuyet","1.63,1.63","1.63","","","",""
"SV1043","GDQP102","L01","ly_thuyet","2.89,2.89","2.89","","","",""
"SV1043","GDTC101","L01","thuc_hanh","","","3.11,7.79,3.11","","",""
"SV1043","INT1003","L01","tich_hop","","","","9.89","3.08,6.07","3.08"
"SV1043","INT1002","L01","ly_thuyet","7.58,7.58","7.58","","","",""
"SV1044","INT1003","L01","tich_hop","","","","5.52","6.67,5.64","6.67"
"SV1044","GDQP102","L01","ly_thuyet","6.89,6.89","6.89","","","",""
"SV1044","GDTC101","L01","thuc_hanh","","","2.11,2.65,2.11","","",""
"SV1044","INT1002","L01","ly_thuyet","3.75,3.75","3.75","","","",""
"SV1045","GDQP102","L01","ly_thuyet","2.39,2.39","2.39","","","",""
"SV1045","INT1001","L01","tich_hop","","","","1.87","6.36,5.79","6.36"
"SV1046","INT1001","L01","tich_hop","","","","4.71","9.13,3.79","9.13"
"SV1046","GDQP102","L01","ly_thuyet","7.65,7.65","7.65","","","",""
"SV1047","INT1003","L01","tich_hop","","","","4.09","3.5,6.19","3.5"
"SV1047","GDTC101","L01","thuc_hanh","","","2.47,5.76,2.47","","",""
"SV1047","GDQP102","L01","ly_thuyet","7.66,7.66","7.66","","","",""
"SV1048","INT1001","L01","tich_hop","","","","4.95","6.02,3.12","6.02"
"SV1048","GDTC101","L01","thuc_hanh","","","6.6,2.25,6.6","","",""
"SV1048","INT1003","L01","tich_hop","","","","5.08","7.22,2.86","7.22"
"SV1049","GDQP102","L01","ly_thuyet","9.07,9.07","9.07","","","",""
"SV1049","INT1003","L01","tich_hop","","","","6.6","5.21,5.12","5.21"
"SV1049","INT1002","L01","ly_thuyet","2.97,2.97","2.97","","","",""
"SV1049","GDTC101","L01","thuc_hanh","","","6.95,4.18,6.95","","",""
"SV1050","INT1001","L01","tich_hop","","","","7.7","1.03,4.09","1.03"
"SV1050","INT1003","L01","tich_hop","","","","4.77","0.19,6.49","0.19"
"SV1051","GDTC101","L01","thuc_hanh","","","3.72,9.8,3.72","","",""
"SV1051","INT1002","L01","ly_thuyet","6.74,6.74","6.74","","","",""
"SV1052","INT1003","L01","tich_hop","","","","1.63","6.69,3.27","6.69"
"SV1052","INT1002","L01","ly_thuyet","2.92,2.92","2.92","","","",""
"SV1052","GDTC101","L01","thuc_hanh","","","9.38,8.82,9.38","","",""
"SV1053","INT1003","L01","tich_hop","","","","3.44","1.51,3.14","1.51"
"SV1053","GDTC101","L01","thuc_hanh","","","9.57,2.4,9.57","","",""
"SV1054","INT1001","L01","tich_hop","","","","1.05","5.23,6.73","5.23"
"SV1054","GDQP102","L01","ly_thuyet","6.61,6.61","6.61","","","",""
"SV1055","INT1002","L01","ly_thuyet","2.99,2.99","2.99","","","",""
"SV1055","INT1003","L01","tich_hop","","","","7.08","3.06,4.95","3.06"
"SV1055","GDQP102","L01","ly_thuyet","5.38,5.38","5.38","","","",""
"SV1055","GDTC101","L01","thuc_hanh","","","2.5,8.29,2.5","","",""
"SV1056","INT1002","L01","ly_thuyet","1.89,1.89","1.89","","","",""
"SV1056","INT1001","L01","tich_hop","","","","5.67","2.7,5.72","2.7"
"SV1056","GDQP102","L01","ly_thuyet","3.04,3.04","3.04","","","",""
"SV1056","INT1003","L01","tich_hop","","","","4.85","0.2,2.86","0.2"
"SV1057","INT1003","L01","tich_hop","","","","2.86","2.56,6.12","2.56"
"SV1057","INT1002","L01","ly_thuyet","8.36,8.36","8.36","","","",""
"SV1057","GDQP102","L01","ly_thuyet","0.01,0.01","0.01","","","",""
"SV1058","GDTC101","L01","thuc_hanh","","","5.45,2.34,5.45","","",""
"SV1058","GDQP102","L01","ly_thuyet","5.15,5.15","5.15","","","",""
"SV1058","INT1003","L01","tich_hop","","","","6.02","6.92,4.42","6.92"
"SV1059","GDQP102","L01","ly_thuyet","2.58,2.58","2.58","","","",""
"SV1059","INT1002","L01","ly_thuyet","7.09,7.09","7.09","","","",""
"SV1059","INT1001","L01","tich_hop","","","","9.39","3.94,6.23","3.94"
"SV1060","GDTC101","L01","thuc_hanh","","","6.97,6.7,6.97","","",""
"SV1060","INT1002","L01","ly_thuyet","9.58,9.58","9.58","","","",""
"SV1060","INT1001","L01","tich_hop","","","","1.81","6.08,5.92","6.08"
"SV1060","INT1003","L01","tich_hop","","","","8.68","1.43,8.19","1.43"
"SV1061","GDTC101","L01","thuc_hanh","","","4.94,9.4,4.94","","",""
"SV1061","INT1002","L01","ly_thuyet","8.16,8.16","8.16","","","",""
"SV1061","INT1003","L01","tich_hop","","","","4.47","6.09,6.82","6.09"
"SV1061","GDQP102","L01","ly_thuyet","0.24,0.24","0.24","","","",""
"SV1062","GDTC101","L01","thuc_hanh","","","8.45,2.6,8.45","","",""
"SV1062","INT1001","L01","tich_hop","","","","8.16","2.65,3.87","2.65"
"SV1062","INT1002","L01","ly_thuyet","3.64,3.64","3.64","","","",""
"SV1063","GDTC101","L01","thuc_hanh","","","1.95,9.6,1.95","","",""
"SV1063","INT1003","L01","tich_hop","","","","6.47","5.2,4.89","5.2"
"SV1063","GDQP102","L01","ly_thuyet","1.19,1.19","1.19","","","",""
"SV1063","INT1002","L01","ly_thuyet","8.77,8.77","8.77","","","",""
"SV1064","GDTC101","L01","thuc_hanh","","","1.3,6,1.3","","",""
"SV1064","INT1001","L01","tich_hop","","","","7.33","5.23,5.81","5.23"
"SV1065","INT1003","L01","tich_hop","","","","2.17","8.78,3.32","8.78"
"SV1065","GDTC101","L01","thuc_hanh","","","3.09,5.84,3.09","","",""
"SV1065","GDQP102","L01","ly_thuyet","1.18,1.18","1.18","","","",""
"SV1066","GDQP102","L01","ly_thuyet","1.7,1.7","1.7","","","",""
"SV1066","INT1001","L01","tich_hop","","","","4.97","7.62,6.82","7.62"
"SV1066","GDTC101","L01","thuc_hanh","","","3.8,7.15,3.8","","",""
"SV1067","GDQP102","L01","ly_thuyet","1.85,1.85","1.85","","","",""
"SV1067","INT1001","L01","tich_hop","","","","2.88","8.55,6.11","8.55"
"SV1067","INT1002","L01","ly_thuyet","6.79,6.79","6.79","","","",""
"SV1067","GDTC101","L01","thuc_hanh","","","2.41,6.22,2.41","","",""
"SV1068","INT1002","L01","ly_thuyet","7.64,7.64","7.64","","","",""
"SV1068","INT1003","L01","tich_hop","","","","6.84","5.17,4.27","5.17"
"SV1068","GDTC101","L01","thuc_hanh","","","6.43,2.2,6.43","","",""
"SV1069","INT1003","L01","tich_hop","","","","9.81","2.42,8.23","2.42"
"SV1069","INT1002","L01","ly_thuyet","2.72,2.72","2.72","","","",""
"SV1069","GDTC101","L01","thuc_hanh","","","4.26,6.29,4.26","","",""
"SV1069","INT1001","L01","tich_hop","","","","3.72","6.4,7.78","6.4"
"SV1070","INT1002","L01","ly_thuyet","0.23,0.23","0.23","","","",""
"SV1070","GDTC101","L01","thuc_hanh","","","5.35,0.12,5.35","","",""
"SV1071","GDQP102","L01","ly_thuyet","4.57,4.57","4.57","","","",""
"SV1071","INT1001","L01","tich_hop","","","","8.77","7.71,9.16","7.71"
"SV1072","INT1002","L01","ly_thuyet","9.31,9.31","9.31","","","",""
"SV1072","INT1001","L01","tich_hop","","","","8.98","5.74,5.21","5.74"
"SV1073","GDQP102","L01","ly_thuyet","9.96,9.96","9.96","","","",""
"SV1073","INT1002","L01","ly_thuyet","1.78,1.78","1.78","","","",""
"SV1073","GDTC101","L01","thuc_hanh","","","2.76,4.95,2.76","","",""
"SV1074","INT1002","L01","ly_thuyet","5.78,5.78","5.78","","","",""
"SV1074","GDQP102","L01","ly_thuyet","7.33,7.33","7.33","","","",""
"SV1074","INT1003","L01","tich_hop","","","","9.55","9.09,6.85","9.09"
"SV1075","GDTC101","L01","thuc_hanh","","","5.94,1.54,5.94","","",""
"SV1075","INT1002","L01","ly_thuyet","9.79,9.79","9.79","","","",""
"SV1075","GDQP102","L01","ly_thuyet","4.34,4.34","4.34","","","",""
"SV1075","INT1001","L01","tich_hop","","","","6.81","0.16,3.22","0.16"
"SV1076","INT1003","L01","tich_hop","","","","7.27","6.9,6.12","6.9"
"SV1076","INT1002","L01","ly_thuyet","9.19,9.19","9.19","","","",""
"SV1076","GDQP102","L01","ly_thuyet","2.3,2.3","2.3","","","",""
"SV1077","INT1003","L01","tich_hop","","","","2.11","9.14,3.84","9.14"
"SV1077","INT1002","L01","ly_thuyet","8.84,8.84","8.84","","","",""
"SV1078","INT1002","L01","ly_thuyet","5.48,5.48","5.48","","","",""
"SV1078","INT1003","L01","tich_hop","","","","4.91","7.27,6.92","7.27"
"SV1078","GDQP102","L01","ly_thuyet","8.72,8.72","8.72","","","",""
"SV1078","INT1001","L01","tich_hop","","","","8.68","6.98,4.09","6.98"
"SV1079","INT1002","L01","ly_thuyet","5.63,5.63","5.63","","","",""
"SV1079","INT1001","L01","tich_hop","","","","1.94","3.1,3.61","3.1"
"SV1079","GDQP102","L01","ly_thuyet","1.53,1.53","1.53","","","",""
"SV1080","INT1002","L01","ly_thuyet","2.31,2.31","2.31","","","",""
"SV1080","GDTC101","L01","thuc_hanh","","","3.06,3.82,3.06","","",""
"SV1080","INT1003","L01","tich_hop","","","","5.9","7.89,4.62","7.89"
"SV1080","INT1001","L01","tich_hop","","","","3.84","2.73,5.16","2.73"
"SV1081","GDQP102","L01","ly_thuyet","5.22,5.22","5.22","","","",""
"SV1081","GDTC101","L01","thuc_hanh","","","1.66,2.53,1.66","","",""
"SV1081","INT1002","L01","ly_thuyet","6.39,6.39","6.39","","","",""
"SV1082","INT1001","L01","tich_hop","","","","8.76","9.37,4.33","9.37"
"SV1082","GDQP102","L01","ly_thuyet","4.02,4.02","4.02","","","",""
"SV1083","INT1001","L01","tich_hop","","","","1.82","5.73,5.5","5.73"
"SV1083","GDQP102","L01","ly_thuyet","9.82,9.82","9.82","","","",""
"SV1083","GDTC101","L01","thuc_hanh","","","3.22,8.13,3.22","","",""
"SV1084","INT1003","L01","tich_hop","","","","7.24","6.06,4.22","6.06"
"SV1084","INT1002","L01","ly_thuyet","5.95,5.95","5.95","","","",""
"SV1084","GDTC101","L01","thuc_hanh","","","4.17,4.42,4.17","","",""
"SV1084","INT1001","L01","tich_hop","","","","4.58","7.77,5.07","7.77"
"SV1085","GDQP102","L01","ly_thuyet","4.51,4.51","4.51","","","",""
"SV1085","INT1002","L01","ly_thuyet","3.52,3.52","3.52","","","",""
"SV1086","GDTC101","L01","thuc_hanh","","","2.56,1.79,2.56","","",""
"SV1086","GDQP102","L01","ly_thuyet","1.97,1.97","1.97","","","",""
"SV1086","INT1001","L01","tich_hop","","","","6.89","3.92,5.65","3.92"
"SV1087","GDQP102","L01","ly_thuyet","6.77,6.77","6.77","","","",""
"SV1087","INT1002","L01","ly_thuyet","5.27,5.27","5.27","","","",""
"SV1087","INT1003","L01","tich_hop","","","","9.87","6.09,7.94","6.09"
"SV1087","INT1001","L01","tich_hop","","","","7.13","6.22,8.57","6.22"
"SV1088","INT1001","L01","tich_hop","","","","7.5","4.15,3.22","4.15"
"SV1088","INT1003","L01","tich_hop","","","","4.58","8,2.89","8"
"SV1088","GDTC101","L01","thuc_hanh","","","1.64,4.31,1.64","","",""
"SV1088","INT1002","L01","ly_thuyet","8.02,8.02","8.02","","","",""
"SV1089","GDQP102","L01","ly_thuyet","0.61,0.61","0.61","","","",""
"SV1089","INT1001","L01","tich_hop","","","","6.91","1.35,3.11","1.35"
"SV1089","INT1002","L01","ly_thuyet","8.05,8.05","8.05","","","",""
"SV1089","GDTC101","L01","thuc_hanh","","","9.62,3.64,9.62","","",""
"SV1090","GDTC101","L01","thuc_hanh","","","4.27,6.44,4.27","","",""
"SV1090","INT1001","L01","tich_hop","","","","1.35","2.55,2.32","2.55"
"SV1090","GDQP102","L01","ly_thuyet","9.84,9.84","9.84","","","",""
"SV1091","INT1002","L01","ly_thuyet","2.31,2.31","2.31","","","",""
"SV1091","GDTC101","L01","thuc_hanh","","","8.46,4.49,8.46","","",""
"SV1092","GDTC101","L01","thuc_hanh","","","3.9,0.43,3.9","","",""
"SV1092","INT1001","L01","tich_hop","","","","2.14","2.69,6.89","2.69"
"SV1093","GDQP102","L01","ly_thuyet","9.18,9.18","9.18","","","",""
"SV1093","GDTC101","L01","thuc_hanh","","","6.64,4.33,6.64","","",""
"SV1093","INT1001","L01","tich_hop","","","","2.32","7.11,5.11","7.11"
"SV1094","GDTC101","L01","thuc_hanh","","","5.68,3.8,5.68","","",""
"SV1094","INT1003","L01","tich_hop","","","","8.64","7.96,7.75","7.96"
"SV1094","INT1002","L01","ly_thuyet","5.64,5.64","5.64","","","",""
"SV1095","INT1003","L01","tich_hop","","","","5.14","3.15,3.3","3.15"
"SV1095","GDTC101","L01","thuc_hanh","","","1.9,1.93,1.9","","",""
"SV1095","GDQP102","L01","ly_thuyet","5.06,5.06","5.06","","","",""
"SV1095","INT1001","L01","tich_hop","","","","8.11","9.03,3.41","9.03"
"SV1096","GDTC101","L01","thuc_hanh","","","1.24,7.95,1.24","","",""
"SV1096","INT1001","L01","tich_hop","","","","9.4","7.26,6.51","7.26"
"SV1097","GDTC101","L01","thuc_hanh","","","3.06,4.01,3.06","","",""
"SV1097","INT1001","L01","tich_hop","","","","9.8","2.3,6.55","2.3"
"SV1098","INT1002","L01","ly_thuyet","8.7,8.7","8.7","","","",""
"SV1098","INT1001","L01","tich_hop","","","","7.67","5.36,8.97","5.36"
"SV1098","GDTC101","L01","thuc_hanh","","","8.97,2.96,8.97","","",""
"SV1098","GDQP102","L01","ly_thuyet","3.05,3.05","3.05","","","",""
"SV1099","INT1003","L01","tich_hop","","","","8.55","4.36,8.02","4.36"
"SV1099","GDQP102","L01","ly_thuyet","7,7","7","","","",""
"SV1100","INT1001","L01","tich_hop","","","","6.41","8.52,5.48","8.52"
"SV1100","GDQP102","L01","ly_thuyet","4.45,4.45","4.45","","","",""
"SV1101","GDQP102","L01","ly_thuyet","8.33,8.33","8.33","","","",""
"SV1101","INT1001","L01","tich_hop","","","","7.76","1.74,3.26","1.74"
"SV1101","INT1002","L01","ly_thuyet","9.79,9.79","9.79","","","",""
"SV1101","INT1003","L01","tich_hop","","","","1.64","4.56,6.24","4.56"
"SV1102","INT1003","L01","tich_hop","","","","6.53","8.32,6.51","8.32"
"SV1102","GDTC101","L01","thuc_hanh","","","5.24,4.02,5.24","","",""
"SV1102","GDQP102","L01","ly_thuyet","9.55,9.55","9.55","","","",""
"SV1103","INT1003","L01","tich_hop","","","","1.23","5.22,2.43","5.22"
"SV1103","INT1002","L01","ly_thuyet","0.41,0.41","0.41","","","",""
"SV1103","INT1001","L01","tich_hop","","","","4.78","0.56,7.54","0.56"
"SV1104","GDQP102","L01","ly_thuyet","6.14,6.14","6.14","","","",""
"SV1104","GDTC101","L01","thuc_hanh","","","5.44,7.34,5.44","","",""
"SV1104","INT1001","L01","tich_hop","","","","5.27","8.97,4.87","8.97"
"SV1105","INT1002","L01","ly_thuyet","6.55,6.55","6.55","","","",""
"SV1105","GDTC101","L01","thuc_hanh","","","8.98,3.44,8.98","","",""
"SV1105","INT1003","L01","tich_hop","","","","9.35","9.53,6.12","9.53"
"SV1106","INT1002","L01","ly_thuyet","5.55,5.55","5.55","","","",""
"SV1106","GDTC101","L01","thuc_hanh","","","4.54,8.77,4.54","","",""
"SV1107","INT1002","L01","ly_thuyet","8.32,8.32","8.32","","","",""
"SV1107","GDTC101","L01","thuc_hanh","","","7.57,6.52,7.57","","",""
"SV1107","INT1001","L01","tich_hop","","","","5.29","6.52,3.52","6.52"
"SV1107","INT1003","L01","tich_hop","","","","5.54","3.69,5.88","3.69"
"SV1108","GDQP102","L01","ly_thuyet","7.93,7.93","7.93","","","",""
"SV1108","INT1003","L01","tich_hop","","","","6.83","4.65,4","4.65"
"SV1109","INT1003","L01","tich_hop","","","","1.04","9.38,3.18","9.38"
"SV1109","GDQP102","L01","ly_thuyet","2.87,2.87","2.87","","","",""
"SV1109","INT1002","L01","ly_thuyet","7.15,7.15","7.15","","","",""
"SV1110","INT1002","L01","ly_thuyet","9.05,9.05","9.05","","","",""
"SV1110","INT1003","L01","tich_hop","","","","8.95","1.07,7.35","1.07"
"SV1110","GDQP102","L01","ly_thuyet","0.29,0.29","0.29","","","",""
"SV1111","GDQP102","L01","ly_thuyet","2.88,2.88","2.88","","","",""
"SV1111","INT1003","L01","tich_hop","","","","7.91","5.91,8.82","5.91"
"SV1112","INT1002","L01","ly_thuyet","3.43,3.43","3.43","","","",""
"SV1112","INT1001","L01","tich_hop","","","","5.56","6.1,7.03","6.1"
"SV1112","INT1003","L01","tich_hop","","","","8.57","4.42,7.15","4.42"
"SV1113","INT1001","L01","tich_hop","","","","3.5","2.28,1.95","2.28"
"SV1113","GDQP102","L01","ly_thuyet","8.05,8.05","8.05","","","",""
"SV1114","GDTC101","L01","thuc_hanh","","","6.8,9.67,6.8","","",""
"SV1114","INT1003","L01","tich_hop","","","","6.52","0.45,5.94","0.45"
"SV1115","INT1002","L01","ly_thuyet","2.01,2.01","2.01","","","",""
"SV1115","INT1003","L01","tich_hop","","","","8.53","4.41,7.99","4.41"
"SV1115","GDQP102","L01","ly_thuyet","5.54,5.54","5.54","","","",""
"SV1116","GDTC101","L01","thuc_hanh","","","9.08,5.32,9.08","","",""
"SV1116","INT1001","L01","tich_hop","","","","9.23","4.38,5.72","4.38"
"SV1116","INT1002","L01","ly_thuyet","2.52,2.52","2.52","","","",""
"SV1116","INT1003","L01","tich_hop","","","","1.64","9.73,1.71","9.73"
"SV1117","INT1001","L01","tich_hop","","","","9.88","8.58,9.63","8.58"
"SV1117","INT1002","L01","ly_thuyet","5.67,5.67","5.67","","","",""
"SV1117","GDQP102","L01","ly_thuyet","3.48,3.48","3.48","","","",""
"SV1118","INT1002","L01","ly_thuyet","9.27,9.27","9.27","","","",""
"SV1118","INT1003","L01","tich_hop","","","","2.34","5.47,2.57","5.47"
"SV1118","GDTC101","L01","thuc_hanh","","","8.64,0.38,8.64","","",""
"SV1119","INT1003","L01","tich_hop","","","","3.84","4.77,7.15","4.77"
"SV1119","GDQP102","L01","ly_thuyet","6.2,6.2","6.2","","","",""
"SV1120","GDQP102","L01","ly_thuyet","0.41,0.41","0.41","","","",""
"SV1120","INT1002","L01","ly_thuyet","8.02,8.02","8.02","","","",""
"SV1121","INT1001","L01","tich_hop","","","","7.26","7.11,4.39","7.11"
"SV1121","GDTC101","L01","thuc_hanh","","","9.03,8.8,9.03","","",""
"SV1121","INT1003","L01","tich_hop","","","","4.5","0.84,5.14","0.84"
"SV1121","GDQP102","L01","ly_thuyet","0.11,0.11","0.11","","","",""
"SV1122","INT1001","L01","tich_hop","","","","6.3","7.92,3.7","7.92"
"SV1122","INT1002","L01","ly_thuyet","4.93,4.93","4.93","","","",""
"SV1123","INT1001","L01","tich_hop","","","","3.63","4.5,5.26","4.5"
"SV1123","GDTC101","L01","thuc_hanh","","","9.07,8.42,9.07","","",""
"SV1123","GDQP102","L01","ly_thuyet","5.92,5.92","5.92","","","",""
"SV1124","INT1001","L01","tich_hop","","","","7.63","8.49,4.24","8.49"
"SV1124","GDQP102","L01","ly_thuyet","2.57,2.57","2.57","","","",""
"SV1124","INT1003","L01","tich_hop","","","","9.38","9.39,6.18","9.39"
"SV1124","INT1002","L01","ly_thuyet","0.78,0.78","0.78","","","",""
"SV1125","INT1002","L01","ly_thuyet","5.9,5.9","5.9","","","",""
"SV1125","GDTC101","L01","thuc_hanh","","","6.57,0.76,6.57","","",""
"SV1125","GDQP102","L01","ly_thuyet","0.75,0.75","0.75","","","",""
"SV1125","INT1003","L01","tich_hop","","","","7.03","6.77,7.66","6.77"
"SV1126","GDTC101","L01","thuc_hanh","","","3.93,9.65,3.93","","",""
"SV1126","INT1002","L01","ly_thuyet","9.24,9.24","9.24","","","",""
"SV1126","INT1001","L01","tich_hop","","","","1.11","2.38,3.37","2.38"
"SV1127","GDQP102","L01","ly_thuyet","8.22,8.22","8.22","","","",""
"SV1127","GDTC101","L01","thuc_hanh","","","8.13,0.62,8.13","","",""
"SV1127","INT1002","L01","ly_thuyet","0.54,0.54","0.54","","","",""
"SV1128","GDTC101","L01","thuc_hanh","","","6.82,3.93,6.82","","",""
"SV1128","INT1001","L01","tich_hop","","","","6.71","5.5,4.99","5.5"
"SV1128","GDQP102","L01","ly_thuyet","6.91,6.91","6.91","","","",""
"SV1128","INT1003","L01","tich_hop","","","","9.57","8.63,8.6","8.63"
"SV1129","INT1002","L01","ly_thuyet","6.18,6.18","6.18","","","",""
"SV1129","GDQP102","L01","ly_thuyet","4.4,4.4","4.4","","","",""
"SV1130","INT1003","L01","tich_hop","","","","9.39","6.14,9.35","6.14"
"SV1130","GDQP102","L01","ly_thuyet","2.12,2.12","2.12","","","",""
"SV1131","GDTC101","L01","thuc_hanh","","","5.87,6.49,5.87","","",""
"SV1131","INT1002","L01","ly_thuyet","5.4,5.4","5.4","","","",""
"SV1132","INT1001","L01","tich_hop","","","","4.16","0.36,7.97","0.36"
"SV1132","INT1002","L01","ly_thuyet","8.51,8.51","8.51","","","",""
"SV1132","GDTC101","L01","thuc_hanh","","","1.5,6.57,1.5","","",""
"SV1133","INT1001","L01","tich_hop","","","","3.62","9.65,3.78","9.65"
"SV1133","INT1003","L01","tich_hop","","","","5.56","0.03,6.93","0.03"
"SV1133","GDTC101","L01","thuc_hanh","","","9.86,0,9.86","","",""
"SV1133","GDQP102","L01","ly_thuyet","0.63,0.63","0.63","","","",""
"SV1134","GDTC101","L01","thuc_hanh","","","6.5,1.07,6.5","","",""
"SV1134","INT1001","L01","tich_hop","","","","2.47","4.96,2.54","4.96"
"SV1135","GDTC101","L01","thuc_hanh","","","4.24,3.43,4.24","","",""
"SV1135","INT1002","L01","ly_thuyet","7.68,7.68","7.68","","","",""
"SV1136","GDQP102","L01","ly_thuyet","3.58,3.58","3.58","","","",""
"SV1136","GDTC101","L01","thuc_hanh","","","3.92,4.77,3.92","","",""
"SV1137","GDQP102","L01","ly_thuyet","4.15,4.15","4.15","","","",""
"SV1137","GDTC101","L01","thuc_hanh","","","2.69,6.81,2.69","","",""
"SV1137","INT1003","L01","tich_hop","","","","4.92","0.54,4.15","0.54"
"SV1138","INT1002","L01","ly_thuyet","5.89,5.89","5.89","","","",""
"SV1138","INT1001","L01","tich_hop","","","","3.2","7.3,2.97","7.3"
"SV1138","INT1003","L01","tich_hop","","","","8.33","4.32,5.12","4.32"
"SV1139","INT1002","L01","ly_thuyet","0.81,0.81","0.81","","","",""
"SV1139","GDTC101","L01","thuc_hanh","","","7.41,2.8,7.41","","",""
"SV1140","INT1003","L01","tich_hop","","","","2.01","3.86,6.15","3.86"
"SV1140","INT1001","L01","tich_hop","","","","1.06","6.11,3.72","6.11"
"SV1140","INT1002","L01","ly_thuyet","9.04,9.04","9.04","","","",""
"SV1140","GDTC101","L01","thuc_hanh","","","4.72,5.3,4.72","","",""
"SV1141","GDQP102","L01","ly_thuyet","0.15,0.15","0.15","","","",""
"SV1141","INT1002","L01","ly_thuyet","0.24,0.24","0.24","","","",""
"SV1142","GDTC101","L01","thuc_hanh","","","9.87,6.52,9.87","","",""
"SV1142","INT1001","L01","tich_hop","","","","1.13","9.34,2.51","9.34"
"SV1142","INT1002","L01","ly_thuyet","6.11,6.11","6.11","","","",""
"SV1143","INT1001","L01","tich_hop","","","","1.33","3.05,3.41","3.05"
"SV1143","INT1003","L01","tich_hop","","","","7.56","6.2,6.88","6.2"
"SV1144","INT1002","L01","ly_thuyet","4.77,4.77","4.77","","","",""
"SV1144","INT1001","L01","tich_hop","","","","4.71","2.08,5.3","2.08"
"SV1145","GDQP102","L01","ly_thuyet","2.77,2.77","2.77","","","",""
"SV1145","GDTC101","L01","thuc_hanh","","","7.56,4.55,7.56","","",""
"SV1145","INT1003","L01","tich_hop","","","","9.61","9.27,5.12","9.27"
"SV1146","INT1003","L01","tich_hop","","","","1.31","3.94,4.38","3.94"
"SV1146","INT1002","L01","ly_thuyet","5.51,5.51","5.51","","","",""
"SV1146","GDTC101","L01","thuc_hanh","","","2.7,5.09,2.7","","",""
"SV1147","GDQP102","L01","ly_thuyet","2.01,2.01","2.01","","","",""
"SV1147","INT1002","L01","ly_thuyet","7.88,7.88","7.88","","","",""
"SV1148","GDTC101","L01","thuc_hanh","","","3.94,3.68,3.94","","",""
"SV1148","INT1003","L01","tich_hop","","","","1.52","1.61,2.76","1.61"
"SV1149","GDTC101","L01","thuc_hanh","","","5.58,2.08,5.58","","",""
"SV1149","INT1002","L01","ly_thuyet","2.83,2.83","2.83","","","",""
"SV1150","GDQP102","L01","ly_thuyet","0.8,0.8","0.8","","","",""
"SV1150","INT1003","L01","tich_hop","","","","8.23","9.06,4.13","9.06"
"SV1150","INT1002","L01","ly_thuyet","3.59,3.59","3.59","","","",""
"SV1151","INT1002","L01","ly_thuyet","8.82,8.82","8.82","","","",""
"SV1151","GDQP102","L01","ly_thuyet","1.26,1.26","1.26","","","",""
"SV1151","INT1003","L01","tich_hop","","","","6.43","6.76,4.56","6.76"
"SV1151","GDTC101","L01","thuc_hanh","","","4.71,3.79,4.71","","",""
"SV1152","INT1002","L01","ly_thuyet","7.07,7.07","7.07","","","",""
"SV1152","INT1001","L01","tich_hop","","","","4.05","6.88,7.79","6.88"
"SV1152","GDQP102","L01","ly_thuyet","8.96,8.96","8.96","","","",""
"SV1152","INT1003","L01","tich_hop","","","","2.83","3.65,3.94","3.65"
"SV1153","GDQP102","L01","ly_thuyet","5.15,5.15","5.15","","","",""
"SV1153","INT1003","L01","tich_hop","","","","2.57","1.37,5.09","1.37"
"SV1153","GDTC101","L01","thuc_hanh","","","5.64,6.75,5.64","","",""
"SV1153","INT1002","L01","ly_thuyet","8.16,8.16","8.16","","","",""
"SV1154","GDTC101","L01","thuc_hanh","","","6.92,0.07,6.92","","",""
"SV1154","INT1002","L01","ly_thuyet","4.64,4.64","4.64","","","",""
"SV1155","GDQP102","L01","ly_thuyet","0.58,0.58","0.58","","","",""
"SV1155","INT1002","L01","ly_thuyet","1.56,1.56","1.56","","","",""
"SV1156","GDQP102","L01","ly_thuyet","4.01,4.01","4.01","","","",""
"SV1156","INT1002","L01","ly_thuyet","5.22,5.22","5.22","","","",""
"SV1157","INT1002","L01","ly_thuyet","7.48,7.48","7.48","","","",""
"SV1157","GDQP102","L01","ly_thuyet","6.97,6.97","6.97","","","",""
"SV1157","GDTC101","L01","thuc_hanh","","","6.96,3.06,6.96","","",""
"SV1157","INT1003","L01","tich_hop","","","","6.25","1.52,5.72","1.52"
"SV1158","INT1002","L01","ly_thuyet","8.18,8.18","8.18","","","",""
"SV1158","INT1003","L01","tich_hop","","","","4.88","0.6,4.29","0.6"
"SV1159","INT1002","L01","ly_thuyet","3.78,3.78","3.78","","","",""
"SV1159","INT1003","L01","tich_hop","","","","1.61","0.76,6.4","0.76"
"SV1159","INT1001","L01","tich_hop","","","","8.44","2.55,3.69","2.55"
"SV1159","GDQP102","L01","ly_thuyet","9.79,9.79","9.79","","","",""
"SV1160","GDQP102","L01","ly_thuyet","9.55,9.55","9.55","","","",""
"SV1160","INT1001","L01","tich_hop","","","","7.79","1.72,6.8","1.72"
"SV1160","GDTC101","L01","thuc_hanh","","","6.5,2.57,6.5","","",""
"SV1161","GDQP102","L01","ly_thuyet","9.93,9.93","9.93","","","",""
"SV1161","INT1003","L01","tich_hop","","","","7.88","0.63,6.8","0.63"
"SV1161","GDTC101","L01","thuc_hanh","","","6.05,5.03,6.05","","",""
"SV1161","INT1001","L01","tich_hop","","","","7.07","4.87,4.45","4.87"
"SV1162","INT1002","L01","ly_thuyet","2.3,2.3","2.3","","","",""
"SV1162","GDTC101","L01","thuc_hanh","","","7.7,3.21,7.7","","",""
"SV1162","INT1001","L01","tich_hop","","","","5.33","1.68,8.4","1.68"
"SV1162","INT1003","L01","tich_hop","","","","4.03","6.22,4.48","6.22"
"SV1163","INT1003","L01","tich_hop","","","","5.94","1.3,3.19","1.3"
"SV1163","GDTC101","L01","thuc_hanh","","","5.44,0.51,5.44","","",""
"SV1163","INT1001","L01","tich_hop","","","","1.32","4.07,4.66","4.07"
"SV1164","INT1001","L01","tich_hop","","","","1.52","3.14,5.14","3.14"
"SV1164","GDTC101","L01","thuc_hanh","","","3.58,2.78,3.58","","",""
"SV1164","GDQP102","L01","ly_thuyet","3.78,3.78","3.78","","","",""
"SV1165","INT1002","L01","ly_thuyet","6.02,6.02","6.02","","","",""
"SV1165","INT1003","L01","tich_hop","","","","7.24","1.91,4.5","1.91"
"SV1165","GDQP102","L01","ly_thuyet","0.36,0.36","0.36","","","",""
"SV1165","INT1001","L01","tich_hop","","","","2.52","3.47,2.22","3.47"
"SV1166","INT1003","L01","tich_hop","","","","7.01","5.79,4.21","5.79"
"SV1166","INT1001","L01","tich_hop","","","","3.91","5.52,3.58","5.52"
"SV1167","INT1002","L01","ly_thuyet","8.46,8.46","8.46","","","",""
"SV1167","INT1001","L01","tich_hop","","","","1.32","5.95,2.72","5.95"
"SV1167","GDTC101","L01","thuc_hanh","","","2.77,9.02,2.77","","",""
"SV1167","INT1003","L01","tich_hop","","","","7.71","5.59,4.45","5.59"
"SV1168","INT1001","L01","tich_hop","","","","1.3","9.28,3.93","9.28"
"SV1168","INT1003","L01","tich_hop","","","","6.34","9.34,6","9.34"
"SV1168","INT1002","L01","ly_thuyet","6.87,6.87","6.87","","","",""
"SV1168","GDQP102","L01","ly_thuyet","0.36,0.36","0.36","","","",""
"SV1169","GDQP102","L01","ly_thuyet","3.63,3.63","3.63","","","",""
"SV1169","GDTC101","L01","thuc_hanh","","","7.94,3.01,7.94","","",""
"SV1169","INT1002","L01","ly_thuyet","4.06,4.06","4.06","","","",""
"SV1169","INT1001","L01","tich_hop","","","","8.2","2.53,6.93","2.53"
"SV1170","GDQP102","L01","ly_thuyet","8.87,8.87","8.87","","","",""
"SV1170","GDTC101","L01","thuc_hanh","","","3.62,7.57,3.62","","",""
"SV1170","INT1003","L01","tich_hop","","","","7.91","0.42,4.97","0.42"
"SV1171","INT1002","L01","ly_thuyet","2.16,2.16","2.16","","","",""
"SV1171","INT1003","L01","tich_hop","","","","8.08","1.39,7.12","1.39"
"SV1172","INT1001","L01","tich_hop","","","","8.26","2.06,5.43","2.06"
"SV1172","INT1003","L01","tich_hop","","","","4.39","7.58,5.59","7.58"
"SV1172","GDQP102","L01","ly_thuyet","3.75,3.75","3.75","","","",""
"SV1172","GDTC101","L01","thuc_hanh","","","8.08,0.07,8.08","","",""
"SV1173","INT1002","L01","ly_thuyet","9.21,9.21","9.21","","","",""
"SV1173","GDTC101","L01","thuc_hanh","","","9.25,3.3,9.25","","",""
"SV1173","INT1003","L01","tich_hop","","","","5.59","4.33,5.26","4.33"
"SV1174","GDQP102","L01","ly_thuyet","3.4,3.4","3.4","","","",""
"SV1174","GDTC101","L01","thuc_hanh","","","2.93,3.41,2.93","","",""
"SV1174","INT1002","L01","ly_thuyet","3.29,3.29","3.29","","","",""
"SV1174","INT1001","L01","tich_hop","","","","7.99","2.56,3.81","2.56"
"SV1175","INT1003","L01","tich_hop","","","","1.34","0.66,3.35","0.66"
"SV1175","INT1002","L01","ly_thuyet","5.98,5.98","5.98","","","",""
"SV1176","INT1003","L01","tich_hop","","","","8.67","0.83,5.99","0.83"
"SV1176","INT1002","L01","ly_thuyet","7.33,7.33","7.33","","","",""
"SV1176","GDQP102","L01","ly_thuyet","3.9,3.9","3.9","","","",""
"SV1176","GDTC101","L01","thuc_hanh","","","6.65,5.03,6.65","","",""
"SV1177","INT1001","L01","tich_hop","","","","7.44","7.67,9.04","7.67"
"SV1177","GDQP102","L01","ly_thuyet","7.42,7.42","7.42","","","",""
"SV1177","GDTC101","L01","thuc_hanh","","","8.78,3.78,8.78","","",""
"SV1178","GDQP102","L01","ly_thuyet","1.59,1.59","1.59","","","",""
"SV1178","GDTC101","L01","thuc_hanh","","","4.11,3.11,4.11","","",""
"SV1179","INT1002","L01","ly_thuyet","0.02,0.02","0.02","","","",""
"SV1179","INT1003","L01","tich_hop","","","","5.16","6.5,3.13","6.5"
"SV1179","GDTC101","L01","thuc_hanh","","","6.09,9.92,6.09","","",""
"SV1179","GDQP102","L01","ly_thuyet","3.23,3.23","3.23","","","",""
"SV1180","GDTC101","L01","thuc_hanh","","","1.58,9.76,1.58","","",""
"SV1180","INT1002","L01","ly_thuyet","5.57,5.57","5.57","","","",""
"SV1180","GDQP102","L01","ly_thuyet","9.27,9.27","9.27","","","",""
"SV1180","INT1003","L01","tich_hop","","","","9.42","5.72,4.91","5.72"
"SV1181","INT1002","L01","ly_thuyet","2.4,2.4","2.4","","","",""
"SV1181","GDTC101","L01","thuc_hanh","","","4.16,2.85,4.16","","",""
"SV1181","INT1003","L01","tich_hop","","","","8.94","2.76,6.49","2.76"
"SV1181","GDQP102","L01","ly_thuyet","5.39,5.39","5.39","","","",""
"SV1182","INT1003","L01","tich_hop","","","","2.85","0.68,3.36","0.68"
"SV1182","GDQP102","L01","ly_thuyet","6.37,6.37","6.37","","","",""
"SV1183","INT1003","L01","tich_hop","","","","3.49","0.41,2.79","0.41"
"SV1183","INT1001","L01","tich_hop","","","","5.42","5.65,3.31","5.65"
"SV1183","GDQP102","L01","ly_thuyet","5.88,5.88","5.88","","","",""
"SV1184","INT1003","L01","tich_hop","","","","5.88","0.04,5.84","0.04"
"SV1184","INT1001","L01","tich_hop","","","","8.02","2.84,4.43","2.84"
"SV1184","GDTC101","L01","thuc_hanh","","","7.28,8.41,7.28","","",""
"SV1184","GDQP102","L01","ly_thuyet","9.68,9.68","9.68","","","",""
"SV1185","GDTC101","L01","thuc_hanh","","","7.25,5.48,7.25","","",""
"SV1185","INT1001","L01","tich_hop","","","","3.59","3.65,3.58","3.65"
"SV1185","GDQP102","L01","ly_thuyet","9.71,9.71","9.71","","","",""
"SV1185","INT1002","L01","ly_thuyet","9.33,9.33","9.33","","","",""
"SV1186","INT1001","L01","tich_hop","","","","5.39","0.89,8.27","0.89"
"SV1186","GDQP102","L01","ly_thuyet","2.01,2.01","2.01","","","",""
"SV1186","GDTC101","L01","thuc_hanh","","","7.37,8.45,7.37","","",""
"SV1187","GDTC101","L01","thuc_hanh","","","9.8,9.44,9.8","","",""
"SV1187","INT1001","L01","tich_hop","","","","3.95","1.18,2.73","1.18"
"SV1187","GDQP102","L01","ly_thuyet","3.75,3.75","3.75","","","",""
"SV1187","INT1003","L01","tich_hop","","","","6.52","1.62,6.22","1.62"
"SV1188","INT1002","L01","ly_thuyet","1.92,1.92","1.92","","","",""
"SV1188","GDQP102","L01","ly_thuyet","6.39,6.39","6.39","","","",""
"SV1189","GDQP102","L01","ly_thuyet","1.39,1.39","1.39","","","",""
"SV1189","INT1002","L01","ly_thuyet","8.76,8.76","8.76","","","",""
"SV1189","INT1003","L01","tich_hop","","","","4.51","9.67,7.56","9.67"
"SV1189","INT1001","L01","tich_hop","","","","8.61","2.33,8.84","2.33"
"SV1190","INT1001","L01","tich_hop","","","","2.34","1.07,4.42","1.07"
"SV1190","INT1003","L01","tich_hop","","","","1.45","2.17,4.13","2.17"
"SV1190","GDQP102","L01","ly_thuyet","5.55,5.55","5.55","","","",""
"SV1190","INT1002","L01","ly_thuyet","2.88,2.88","2.88","","","",""
"SV1191","GDQP102","L01","ly_thuyet","1.08,1.08","1.08","","","",""
"SV1191","INT1002","L01","ly_thuyet","0.11,0.11","0.11","","","",""
"SV1192","INT1003","L01","tich_hop","","","","4.43","1.74,2.79","1.74"
"SV1192","GDQP102","L01","ly_thuyet","4.11,4.11","4.11","","","",""
"SV1192","GDTC101","L01","thuc_hanh","","","8.56,8.34,8.56","","",""
"SV1193","INT1001","L01","tich_hop","","","","7.35","7.85,7.81","7.85"
"SV1193","GDQP102","L01","ly_thuyet","1.04,1.04","1.04","","","",""
"SV1193","INT1002","L01","ly_thuyet","8.07,8.07","8.07","","","",""
"SV1194","GDQP102","L01","ly_thuyet","0.63,0.63","0.63","","","",""
"SV1194","INT1002","L01","ly_thuyet","9.93,9.93","9.93","","","",""
"SV1195","INT1001","L01","tich_hop","","","","7.88","2.95,6.82","2.95"
"SV1195","GDTC101","L01","thuc_hanh","","","8.21,5.33,8.21","","",""
"SV1195","INT1002","L01","ly_thuyet","0.37,0.37","0.37","","","",""
"SV1195","INT1003","L01","tich_hop","","","","1.32","3.95,4.48","3.95"
"SV1196","GDQP102","L01","ly_thuyet","6.27,6.27","6.27","","","",""
"SV1196","INT1002","L01","ly_thuyet","3.02,3.02","3.02","","","",""
"SV1196","INT1003","L01","tich_hop","","","","5.02","7.19,7.7","7.19"
"SV1196","INT1001","L01","tich_hop","","","","7.86","3.97,4.08","3.97"
"SV1197","INT1003","L01","tich_hop","","","","1.12","5.5,5.82","5.5"
"SV1197","GDTC101","L01","thuc_hanh","","","7.41,7.35,7.41","","",""
"SV1197","INT1002","L01","ly_thuyet","9.29,9.29","9.29","","","",""
"SV1198","INT1002","L01","ly_thuyet","3.29,3.29","3.29","","","",""
"SV1198","INT1003","L01","tich_hop","","","","1.59","3.47,2.53","3.47"
"SV1198","INT1001","L01","tich_hop","","","","4.74","7.61,2.92","7.61"
"SV1198","GDQP102","L01","ly_thuyet","1.4,1.4","1.4","","","",""
"SV1199","INT1003","L01","tich_hop","","","","8.36","0.11,7.14","0.11"
"SV1199","INT1002","L01","ly_thuyet","5.31,5.31","5.31","","","",""
"SV1199","GDQP102","L01","ly_thuyet","2.67,2.67","2.67","","","",""
"SV1199","INT1001","L01","tich_hop","","","","9.83","7.27,4.46","7.27"
"SV1200","INT1002","L01","ly_thuyet","6.65,6.65","6.65","","","",""
"SV1200","INT1001","L01","tich_hop","","","","3.78","1.22,7.62","1.22"
"SV1200","GDTC101","L01","thuc_hanh","","","7.12,3.02,7.12","","",""
"SV1201","INT1002","L01","ly_thuyet","4.84,4.84","4.84","","","",""
"SV1201","GDTC101","L01","thuc_hanh","","","9.72,6.04,9.72","","",""
"SV1201","INT1003","L01","tich_hop","","","","3.26","5,6.34","5"
"SV1202","INT1002","L01","ly_thuyet","2.55,2.55","2.55","","","",""
"SV1202","GDQP102","L01","ly_thuyet","1.26,1.26","1.26","","","",""
"SV1202","INT1003","L01","tich_hop","","","","2.11","6.6,4.77","6.6"
"SV1203","INT1003","L01","tich_hop","","","","2.56","0.36,4.36","0.36"
"SV1203","GDQP102","L01","ly_thuyet","7.39,7.39","7.39","","","",""
"SV1203","INT1002","L01","ly_thuyet","2.01,2.01","2.01","","","",""
"SV1203","GDTC101","L01","thuc_hanh","","","2.76,3.08,2.76","","",""
"SV1204","GDTC101","L01","thuc_hanh","","","2.06,4.08,2.06","","",""
"SV1204","INT1002","L01","ly_thuyet","7.86,7.86","7.86","","","",""
"SV1205","INT1002","L01","ly_thuyet","6.04,6.04","6.04","","","",""
"SV1205","GDQP102","L01","ly_thuyet","8.19,8.19","8.19","","","",""
"SV1206","INT1001","L01","tich_hop","","","","1.65","9.59,1.99","9.59"
"SV1206","GDTC101","L01","thuc_hanh","","","2.74,7.9,2.74","","",""
"SV1207","INT1003","L01","tich_hop","","","","2.71","4.36,6.87","4.36"
"SV1207","GDTC101","L01","thuc_hanh","","","2.51,8.02,2.51","","",""
"SV1208","GDQP102","L01","ly_thuyet","1.73,1.73","1.73","","","",""
"SV1208","GDTC101","L01","thuc_hanh","","","8.65,9.45,8.65","","",""
"SV1208","INT1002","L01","ly_thuyet","3.3,3.3","3.3","","","",""
"SV1209","GDQP102","L01","ly_thuyet","7.06,7.06","7.06","","","",""
"SV1209","INT1003","L01","tich_hop","","","","3.14","7.49,6.97","7.49"
"SV1210","INT1003","L01","tich_hop","","","","7.65","7.26,6.32","7.26"
"SV1210","INT1001","L01","tich_hop","","","","3.94","3.3,4.73","3.3"
"SV1211","GDQP102","L01","ly_thuyet","5.57,5.57","5.57","","","",""
"SV1211","INT1003","L01","tich_hop","","","","1.99","1.99,3.18","1.99"
"SV1212","GDTC101","L01","thuc_hanh","","","1.03,3.52,1.03","","",""
"SV1212","INT1003","L01","tich_hop","","","","4.5","8.61,3.23","8.61"
"SV1213","INT1002","L01","ly_thuyet","1.81,1.81","1.81","","","",""
"SV1213","INT1003","L01","tich_hop","","","","7.37","5.15,8.22","5.15"
"SV1213","INT1001","L01","tich_hop","","","","6.67","9.05,6.52","9.05"
"SV1213","GDTC101","L01","thuc_hanh","","","9.54,5.66,9.54","","",""
"SV1214","GDTC101","L01","thuc_hanh","","","8.16,2.78,8.16","","",""
"SV1214","GDQP102","L01","ly_thuyet","1.22,1.22","1.22","","","",""
"SV1214","INT1003","L01","tich_hop","","","","4.59","0.9,7.31","0.9"
"SV1215","INT1002","L01","ly_thuyet","2.14,2.14","2.14","","","",""
"SV1215","INT1001","L01","tich_hop","","","","1.97","9.83,2.93","9.83"
"SV1216","INT1003","L01","tich_hop","","","","1.4","4.92,5.54","4.92"
"SV1216","GDQP102","L01","ly_thuyet","6.82,6.82","6.82","","","",""
"SV1216","GDTC101","L01","thuc_hanh","","","4.33,2.39,4.33","","",""
"SV1217","INT1001","L01","tich_hop","","","","9.46","6.59,6.3","6.59"
"SV1217","INT1002","L01","ly_thuyet","1.29,1.29","1.29","","","",""
"SV1218","GDQP102","L01","ly_thuyet","7.42,7.42","7.42","","","",""
"SV1218","GDTC101","L01","thuc_hanh","","","3.09,5.15,3.09","","",""
"SV1219","INT1002","L01","ly_thuyet","7.08,7.08","7.08","","","",""
"SV1219","INT1003","L01","tich_hop","","","","3.81","7.07,2.88","7.07"
"SV1219","GDTC101","L01","thuc_hanh","","","6.06,5.47,6.06","","",""
"SV1220","INT1002","L01","ly_thuyet","2.18,2.18","2.18","","","",""
"SV1220","INT1001","L01","tich_hop","","","","4.26","7.06,5.41","7.06"
"SV1220","INT1003","L01","tich_hop","","","","5.73","5.75,3.13","5.75"
"SV1221","INT1001","L01","tich_hop","","","","2.19","3.48,4.39","3.48"
"SV1221","INT1002","L01","ly_thuyet","8.92,8.92","8.92","","","",""
"SV1221","GDTC101","L01","thuc_hanh","","","3.47,0.18,3.47","","",""
"SV1221","GDQP102","L01","ly_thuyet","4.95,4.95","4.95","","","",""
"SV1222","INT1001","L01","tich_hop","","","","6.18","2.11,4.49","2.11"
"SV1222","GDQP102","L01","ly_thuyet","1.74,1.74","1.74","","","",""
"SV1222","GDTC101","L01","thuc_hanh","","","7.01,7.29,7.01","","",""
"SV1223","INT1001","L01","tich_hop","","","","6.26","4.76,5.96","4.76"
"SV1223","INT1002","L01","ly_thuyet","4.04,4.04","4.04","","","",""
"SV1223","INT1003","L01","tich_hop","","","","3.95","6.68,5.24","6.68"
"SV1223","GDQP102","L01","ly_thuyet","6.85,6.85","6.85","","","",""
"SV1224","GDTC101","L01","thuc_hanh","","","1.95,6.57,1.95","","",""
"SV1224","INT1003","L01","tich_hop","","","","9.45","3.98,8.9","3.98"
"SV1224","INT1001","L01","tich_hop","","","","4","3.14,3.41","3.14"
"SV1224","GDQP102","L01","ly_thuyet","1.43,1.43","1.43","","","",""
"SV1225","INT1001","L01","tich_hop","","","","2.57","3.02,7.06","3.02"
"SV1225","GDQP102","L01","ly_thuyet","4.49,4.49","4.49","","","",""
"SV1225","INT1003","L01","tich_hop","","","","6.72","7.55,4.94","7.55"
"SV1226","INT1001","L01","tich_hop","","","","7.35","5.6,5.88","5.6"
"SV1226","GDTC101","L01","thuc_hanh","","","9.38,6.49,9.38","","",""
"SV1226","GDQP102","L01","ly_thuyet","1.28,1.28","1.28","","","",""
"SV1227","INT1003","L01","tich_hop","","","","2.26","6.35,4.1","6.35"
"SV1227","GDTC101","L01","thuc_hanh","","","1.19,6.67,1.19","","",""
"SV1227","INT1001","L01","tich_hop","","","","6.53","0.87,3.85","0.87"
"SV1228","GDTC101","L01","thuc_hanh","","","1.99,3.48,1.99","","",""
"SV1228","INT1003","L01","tich_hop","","","","9.44","2.02,4.93","2.02"
"SV1228","INT1002","L01","ly_thuyet","3.5,3.5","3.5","","","",""
"SV1228","GDQP102","L01","ly_thuyet","0.93,0.93","0.93","","","",""
"SV1229","INT1001","L01","tich_hop","","","","9.11","4.19,6.63","4.19"
"SV1229","GDTC101","L01","thuc_hanh","","","1.54,6.83,1.54","","",""
"SV1230","INT1001","L01","tich_hop","","","","5.93","0.42,4.83","0.42"
"SV1230","INT1003","L01","tich_hop","","","","2.8","0.92,4.74","0.92"
"SV1231","INT1003","L01","tich_hop","","","","5.07","2.7,4.17","2.7"
"SV1231","INT1002","L01","ly_thuyet","2.62,2.62","2.62","","","",""
"SV1231","GDTC101","L01","thuc_hanh","","","7.71,6.87,7.71","","",""
"SV1232","INT1002","L01","ly_thuyet","2.69,2.69","2.69","","","",""
"SV1232","GDQP102","L01","ly_thuyet","6.75,6.75","6.75","","","",""
"SV1233","INT1002","L01","ly_thuyet","8.25,8.25","8.25","","","",""
"SV1233","GDTC101","L01","thuc_hanh","","","1.05,8,1.05","","",""
"SV1233","INT1003","L01","tich_hop","","","","8.38","0.21,5.9","0.21"
"SV1233","GDQP102","L01","ly_thuyet","4.61,4.61","4.61","","","",""
"SV1234","INT1003","L01","tich_hop","","","","2.41","7.27,6.26","7.27"
"SV1234","INT1001","L01","tich_hop","","","","4.15","0.35,4.36","0.35"
"SV1234","GDTC101","L01","thuc_hanh","","","6.52,7.55,6.52","","",""
"SV1234","INT1002","L01","ly_thuyet","3.45,3.45","3.45","","","",""
"SV1235","INT1001","L01","tich_hop","","","","3.6","8.15,6.78","8.15"
"SV1235","GDTC101","L01","thuc_hanh","","","5.76,3.37,5.76","","",""
"SV1235","INT1003","L01","tich_hop","","","","4.66","7.81,3.23","7.81"
"SV1236","INT1003","L01","tich_hop","","","","4.66","9.08,3.34","9.08"
"SV1236","INT1001","L01","tich_hop","","","","1.61","4.14,4.76","4.14"
"SV1236","INT1002","L01","ly_thuyet","5.03,5.03","5.03","","","",""
"SV1236","GDQP102","L01","ly_thuyet","4.21,4.21","4.21","","","",""
"SV1237","GDQP102","L01","ly_thuyet","8.25,8.25","8.25","","","",""
"SV1237","INT1001","L01","tich_hop","","","","7.16","1.87,3.8","1.87"
"SV1238","INT1001","L01","tich_hop","","","","9.02","3.14,9.58","3.14"
"SV1238","GDTC101","L01","thuc_hanh","","","9.03,6.27,9.03","","",""
"SV1238","INT1002","L01","ly_thuyet","8.83,8.83","8.83","","","",""
"SV1238","GDQP102","L01","ly_thuyet","4.77,4.77","4.77","","","",""
"SV1239","INT1003","L01","tich_hop","","","","1.02","3.7,5.04","3.7"
"SV1239","GDTC101","L01","thuc_hanh","","","9.73,0.05,9.73","","",""
"SV1240","INT1001","L01","tich_hop","","","","5.92","8.76,3.91","8.76"
"SV1240","GDTC101","L01","thuc_hanh","","","9.21,3.65,9.21","","",""
"SV1240","INT1003","L01","tich_hop","","","","8.36","0.91,5.13","0.91"
"SV1241","GDTC101","L01","thuc_hanh","","","8.09,8.67,8.09","","",""
"SV1241","GDQP102","L01","ly_thuyet","3.68,3.68","3.68","","","",""
"SV1241","INT1001","L01","tich_hop","","","","4.43","5.68,5.48","5.68"
"SV1241","INT1003","L01","tich_hop","","","","1.47","4.3,5.45","4.3"
"SV1242","INT1003","L01","tich_hop","","","","1.22","4.66,3.08","4.66"
"SV1242","INT1002","L01","ly_thuyet","9.84,9.84","9.84","","","",""
"SV1242","GDTC101","L01","thuc_hanh","","","5.24,0.59,5.24","","",""
"SV1242","INT1001","L01","tich_hop","","","","8.63","4.36,8.52","4.36"
"SV1243","INT1001","L01","tich_hop","","","","1.1","5.19,1.35","5.19"
"SV1243","GDQP102","L01","ly_thuyet","5.52,5.52","5.52","","","",""
"SV1243","GDTC101","L01","thuc_hanh","","","3.01,8.11,3.01","","",""
"SV1243","INT1003","L01","tich_hop","","","","3.73","7.23,4.63","7.23"
"SV1244","INT1003","L01","tich_hop","","","","6.14","1.11,5.6","1.11"
"SV1244","INT1001","L01","tich_hop","","","","1.02","6.61,1.03","6.61"
"SV1244","GDTC101","L01","thuc_hanh","","","7.03,0.28,7.03","","",""
"SV1244","INT1002","L01","ly_thuyet","5.13,5.13","5.13","","","",""
"SV1245","INT1002","L01","ly_thuyet","7.5,7.5","7.5","","","",""
"SV1245","INT1003","L01","tich_hop","","","","7.61","8.38,5.51","8.38"
"SV1245","GDTC101","L01","thuc_hanh","","","9,1.52,9","","",""
"SV1246","INT1001","L01","tich_hop","","","","1.98","9.85,2.39","9.85"
"SV1246","INT1002","L01","ly_thuyet","9.34,9.34","9.34","","","",""
"SV1246","INT1003","L01","tich_hop","","","","1.76","4.85,1.91","4.85"
"SV1247","INT1001","L01","tich_hop","","","","1.54","7.38,6.33","7.38"
"SV1247","INT1003","L01","tich_hop","","","","1.33","1.77,2.88","1.77"
"SV1248","GDTC101","L01","thuc_hanh","","","1.17,2.5,1.17","","",""
"SV1248","INT1003","L01","tich_hop","","","","6.23","8.99,4.6","8.99"
"SV1248","INT1001","L01","tich_hop","","","","2.24","2.11,5.48","2.11"
"SV1249","INT1001","L01","tich_hop","","","","3.1","0.36,3.21","0.36"
"SV1249","INT1002","L01","ly_thuyet","1.87,1.87","1.87","","","",""
"SV1249","GDTC101","L01","thuc_hanh","","","9.81,0.96,9.81","","",""
"SV1249","INT1003","L01","tich_hop","","","","2.79","1.85,5.19","1.85"
"SV1250","GDTC101","L01","thuc_hanh","","","5.93,4.28,5.93","","",""
"SV1250","INT1002","L01","ly_thuyet","6.1,6.1","6.1","","","",""
"SV1250","GDQP102","L01","ly_thuyet","7.41,7.41","7.41","","","",""
"SV1251","INT1003","L01","tich_hop","","","","5.78","8.91,3.79","8.91"
"SV1251","INT1002","L01","ly_thuyet","1.97,1.97","1.97","","","",""
"SV1251","GDQP102","L01","ly_thuyet","4.36,4.36","4.36","","","",""
"SV1251","GDTC101","L01","thuc_hanh","","","4.42,4.4,4.42","","",""
"SV1252","INT1003","L01","tich_hop","","","","2.39","4.37,1.75","4.37"
"SV1252","GDQP102","L01","ly_thuyet","6.64,6.64","6.64","","","",""
"SV1252","INT1002","L01","ly_thuyet","9.26,9.26","9.26","","","",""
"SV1253","INT1002","L01","ly_thuyet","9.92,9.92","9.92","","","",""
"SV1253","INT1001","L01","tich_hop","","","","3.84","3.42,6.76","3.42"
"SV1253","GDTC101","L01","thuc_hanh","","","2.71,5.27,2.71","","",""
"SV1253","GDQP102","L01","ly_thuyet","8.62,8.62","8.62","","","",""
"SV1254","INT1002","L01","ly_thuyet","9.99,9.99","9.99","","","",""
"SV1254","GDQP102","L01","ly_thuyet","7.76,7.76","7.76","","","",""
"SV1255","INT1001","L01","tich_hop","","","","2.03","1,5.89","1"
"SV1255","GDTC101","L01","thuc_hanh","","","8.23,5.41,8.23","","",""
"SV1255","INT1003","L01","tich_hop","","","","4.36","7.89,5.09","7.89"
"SV1255","INT1002","L01","ly_thuyet","9.46,9.46","9.46","","","",""
"SV1256","INT1001","L01","tich_hop","","","","1.95","9.23,4.36","9.23"
"SV1256","GDQP102","L01","ly_thuyet","4.97,4.97","4.97","","","",""
"SV1256","INT1002","L01","ly_thuyet","6.04,6.04","6.04","","","",""
"SV1257","INT1003","L01","tich_hop","","","","3.17","7.65,2.86","7.65"
"SV1257","INT1002","L01","ly_thuyet","5.9,5.9","5.9","","","",""
"SV1257","INT1001","L01","tich_hop","","","","4.24","5.66,3.43","5.66"
"SV1257","GDQP102","L01","ly_thuyet","1.46,1.46","1.46","","","",""
"SV1258","GDQP102","L01","ly_thuyet","4.01,4.01","4.01","","","",""
"SV1258","INT1003","L01","tich_hop","","","","5.4","3.61,7.09","3.61"
"SV1258","INT1001","L01","tich_hop","","","","7.11","4.13,8.24","4.13"
"SV1258","INT1002","L01","ly_thuyet","5.71,5.71","5.71","","","",""
"SV1259","INT1003","L01","tich_hop","","","","2.13","3.4,5.37","3.4"
"SV1259","GDQP102","L01","ly_thuyet","5.83,5.83","5.83","","","",""
"SV1260","INT1003","L01","tich_hop","","","","5.57","0.73,6.47","0.73"
"SV1260","INT1002","L01","ly_thuyet","6.68,6.68","6.68","","","",""
"SV1260","GDQP102","L01","ly_thuyet","3.47,3.47","3.47","","","",""
"SV1260","GDTC101","L01","thuc_hanh","","","3,1.05,3","","",""
"SV1261","INT1003","L01","tich_hop","","","","9.4","9.44,9.73","9.44"
"SV1261","INT1001","L01","tich_hop","","","","2.69","2.87,4.31","2.87"
"SV1262","INT1003","L01","tich_hop","","","","3.07","6.82,5.77","6.82"
"SV1262","GDQP102","L01","ly_thuyet","1.61,1.61","1.61","","","",""
"SV1263","GDTC101","L01","thuc_hanh","","","8.59,6,8.59","","",""
"SV1263","GDQP102","L01","ly_thuyet","7.58,7.58","7.58","","","",""
"SV1263","INT1001","L01","tich_hop","","","","7.59","0.26,6.44","0.26"
"SV1264","INT1001","L01","tich_hop","","","","4","8.78,4.25","8.78"
"SV1264","GDTC101","L01","thuc_hanh","","","7.87,3.44,7.87","","",""
"SV1265","INT1003","L01","tich_hop","","","","2.98","5.08,4.65","5.08"
"SV1265","GDQP102","L01","ly_thuyet","9.93,9.93","9.93","","","",""
"SV1265","INT1001","L01","tich_hop","","","","5.85","7.92,7.44","7.92"
"SV1265","INT1002","L01","ly_thuyet","0.39,0.39","0.39","","","",""
"SV1266","INT1002","L01","ly_thuyet","8.79,8.79","8.79","","","",""
"SV1266","INT1001","L01","tich_hop","","","","5.23","0.35,5.04","0.35"
"SV1267","GDTC101","L01","thuc_hanh","","","1.39,7.5,1.39","","",""
"SV1267","INT1002","L01","ly_thuyet","9.91,9.91","9.91","","","",""
"SV1267","GDQP102","L01","ly_thuyet","0.84,0.84","0.84","","","",""
"SV1268","GDTC101","L01","thuc_hanh","","","1.12,5.34,1.12","","",""
"SV1268","GDQP102","L01","ly_thuyet","9.07,9.07","9.07","","","",""
"SV1268","INT1002","L01","ly_thuyet","5.47,5.47","5.47","","","",""
"SV1269","GDTC101","L01","thuc_hanh","","","6.91,1.5,6.91","","",""
"SV1269","INT1002","L01","ly_thuyet","7.23,7.23","7.23","","","",""
"SV1270","INT1003","L01","tich_hop","","","","1.48","1.79,3.87","1.79"
"SV1270","GDTC101","L01","thuc_hanh","","","7.75,2.49,7.75","","",""
"SV1270","INT1002","L01","ly_thuyet","9.4,9.4","9.4","","","",""
"SV1270","INT1001","L01","tich_hop","","","","7.6","9.98,4.71","9.98"
"SV1271","GDQP102","L01","ly_thuyet","9.97,9.97","9.97","","","",""
"SV1271","GDTC101","L01","thuc_hanh","","","9.55,3,9.55","","",""
"SV1271","INT1003","L01","tich_hop","","","","5.31","5.27,7.6","5.27"
"SV1271","INT1002","L01","ly_thuyet","4.66,4.66","4.66","","","",""
"SV1272","GDQP102","L01","ly_thuyet","9.39,9.39","9.39","","","",""
"SV1272","INT1003","L01","tich_hop","","","","6.68","9.93,7.59","9.93"
"SV1273","INT1002","L01","ly_thuyet","8.06,8.06","8.06","","","",""
"SV1273","INT1001","L01","tich_hop","","","","2.62","2.33,3.96","2.33"
"SV1274","GDTC101","L01","thuc_hanh","","","1.3,5.34,1.3","","",""
"SV1274","INT1002","L01","ly_thuyet","9.8,9.8","9.8","","","",""
"SV1274","INT1001","L01","tich_hop","","","","9.45","1.99,7.98","1.99"
"SV1275","INT1001","L01","tich_hop","","","","9.39","4.61,5.67","4.61"
"SV1275","GDTC101","L01","thuc_hanh","","","5.24,0.93,5.24","","",""
"SV1275","INT1003","L01","tich_hop","","","","3.11","4.48,6.93","4.48"
"SV1276","GDTC101","L01","thuc_hanh","","","7.93,7.13,7.93","","",""
"SV1276","INT1002","L01","ly_thuyet","2.16,2.16","2.16","","","",""
"SV1276","INT1001","L01","tich_hop","","","","5.43","0.94,6.27","0.94"
"SV1277","GDQP102","L01","ly_thuyet","8.82,8.82","8.82","","","",""
"SV1277","INT1002","L01","ly_thuyet","0.19,0.19","0.19","","","",""
"SV1277","INT1001","L01","tich_hop","","","","8.05","0.47,8.48","0.47"
"SV1277","GDTC101","L01","thuc_hanh","","","5.92,6.49,5.92","","",""
"SV1278","GDTC101","L01","thuc_hanh","","","5.03,9.83,5.03","","",""
"SV1278","INT1001","L01","tich_hop","","","","6.27","7.17,3.08","7.17"
"SV1278","INT1002","L01","ly_thuyet","1.08,1.08","1.08","","","",""
"SV1278","GDQP102","L01","ly_thuyet","4.94,4.94","4.94","","","",""
"SV1279","GDTC101","L01","thuc_hanh","","","5.39,1.14,5.39","","",""
"SV1279","INT1003","L01","tich_hop","","","","1.84","3.72,1.89","3.72"
"SV1279","INT1001","L01","tich_hop","","","","3.42","2.11,2.01","2.11"
"SV1280","INT1001","L01","tich_hop","","","","1.73","3.75,6.94","3.75"
"SV1280","INT1002","L01","ly_thuyet","5.24,5.24","5.24","","","",""
"SV1280","GDQP102","L01","ly_thuyet","6.02,6.02","6.02","","","",""
"SV1281","INT1001","L01","tich_hop","","","","6.59","4.55,4.35","4.55"
"SV1281","INT1002","L01","ly_thuyet","1.98,1.98","1.98","","","",""
"SV1281","GDTC101","L01","thuc_hanh","","","6.84,6.88,6.84","","",""
"SV1281","GDQP102","L01","ly_thuyet","6.96,6.96","6.96","","","",""
"SV1282","INT1003","L01","tich_hop","","","","8.75","1.64,7.45","1.64"
"SV1282","GDTC101","L01","thuc_hanh","","","6.24,0.22,6.24","","",""
"SV1282","INT1001","L01","tich_hop","","","","9.36","2.6,8.94","2.6"
"SV1283","INT1001","L01","tich_hop","","","","7.05","8.29,8.75","8.29"
"SV1283","GDQP102","L01","ly_thuyet","5.32,5.32","5.32","","","",""
"SV1283","GDTC101","L01","thuc_hanh","","","2.5,0.35,2.5","","",""
"SV1283","INT1003","L01","tich_hop","","","","1.91","9.89,4.19","9.89"
"SV1284","GDTC101","L01","thuc_hanh","","","6.34,3.76,6.34","","",""
"SV1284","INT1001","L01","tich_hop","","","","1.34","1.67,2.88","1.67"
"SV1285","INT1003","L01","tich_hop","","","","6.26","5.14,3.66","5.14"
"SV1285","GDTC101","L01","thuc_hanh","","","3.45,8.67,3.45","","",""
"SV1285","INT1001","L01","tich_hop","","","","2.34","3.45,4.88","3.45"
"SV1285","GDQP102","L01","ly_thuyet","0.33,0.33","0.33","","","",""
"SV1286","GDQP102","L01","ly_thuyet","9.5,9.5","9.5","","","",""
"SV1286","INT1003","L01","tich_hop","","","","4.91","0.95,3.8","0.95"
"SV1286","GDTC101","L01","thuc_hanh","","","9.47,6.01,9.47","","",""
"SV1287","GDQP102","L01","ly_thuyet","8.28,8.28","8.28","","","",""
"SV1287","INT1002","L01","ly_thuyet","1.82,1.82","1.82","","","",""
"SV1287","INT1003","L01","tich_hop","","","","9.27","0.81,4.66","0.81"
"SV1288","INT1003","L01","tich_hop","","","","1.43","7.58,3.28","7.58"
"SV1288","GDQP102","L01","ly_thuyet","5.1,5.1","5.1","","","",""
"SV1289","INT1002","L01","ly_thuyet","1.56,1.56","1.56","","","",""
"SV1289","INT1003","L01","tich_hop","","","","5.6","0.44,5.3","0.44"
"SV1289","INT1001","L01","tich_hop","","","","7.23","7.79,8.6","7.79"
"SV1289","GDTC101","L01","thuc_hanh","","","2.36,8.61,2.36","","",""
"SV1290","GDQP102","L01","ly_thuyet","1.94,1.94","1.94","","","",""
"SV1290","INT1003","L01","tich_hop","","","","6.42","5.23,8.31","5.23"
"SV1290","INT1002","L01","ly_thuyet","4.47,4.47","4.47","","","",""
"SV1290","GDTC101","L01","thuc_hanh","","","5.65,3.7,5.65","","",""
"SV1291","INT1003","L01","tich_hop","","","","4.84","2.31,7.78","2.31"
"SV1291","GDTC101","L01","thuc_hanh","","","3.47,4.74,3.47","","",""
"SV1292","GDTC101","L01","thuc_hanh","","","1.74,2.93,1.74","","",""
"SV1292","INT1003","L01","tich_hop","","","","1.13","3.14,3.75","3.14"
"SV1292","INT1001","L01","tich_hop","","","","3.58","6.87,7.47","6.87"
"SV1293","INT1002","L01","ly_thuyet","3.97,3.97","3.97","","","",""
"SV1293","INT1003","L01","tich_hop","","","","3.74","0.44,5.17","0.44"
"SV1293","GDQP102","L01","ly_thuyet","4.24,4.24","4.24","","","",""
"SV1294","INT1001","L01","tich_hop","","","","2.2","4.55,5.96","4.55"
"SV1294","GDTC101","L01","thuc_hanh","","","6.26,8.95,6.26","","",""
"SV1294","GDQP102","L01","ly_thuyet","9.34,9.34","9.34","","","",""
"SV1294","INT1003","L01","tich_hop","","","","1.56","4.79,2.37","4.79"
"SV1295","INT1003","L01","tich_hop","","","","5.54","9.65,4.55","9.65"
"SV1295","GDQP102","L01","ly_thuyet","6.99,6.99","6.99","","","",""
"SV1295","INT1001","L01","tich_hop","","","","4.31","4.43,3.95","4.43"
"SV1296","INT1001","L01","tich_hop","","","","6.47","0.82,7.22","0.82"
"SV1296","GDTC101","L01","thuc_hanh","","","7.17,8.26,7.17","","",""
"SV1296","INT1002","L01","ly_thuyet","3.1,3.1","3.1","","","",""
"SV1297","INT1001","L01","tich_hop","","","","2.2","7.97,2.65","7.97"
"SV1297","GDQP102","L01","ly_thuyet","1.04,1.04","1.04","","","",""
"SV1297","GDTC101","L01","thuc_hanh","","","3.93,1.02,3.93","","",""
"SV1298","INT1002","L01","ly_thuyet","1.64,1.64","1.64","","","",""
"SV1298","INT1001","L01","tich_hop","","","","1.9","6.26,6.84","6.26"
"SV1299","INT1002","L01","ly_thuyet","8.13,8.13","8.13","","","",""
"SV1299","INT1003","L01","tich_hop","","","","5.75","7.25,4.01","7.25"
"SV1299","INT1001","L01","tich_hop","","","","6.33","2.26,8.56","2.26"
"SV1300","GDTC101","L01","thuc_hanh","","","2.07,4.24,2.07","","",""
"SV1300","INT1002","L01","ly_thuyet","9.29,9.29","9.29","","","",""
"SV1300","INT1003","L01","tich_hop","","","","1.57","3.61,4.14","3.61"
"SV1300","GDQP102","L01","ly_thuyet","6.75,6.75","6.75","","","",""
"SV1301","INT1002","L01","ly_thuyet","0.09,0.09","0.09","","","",""
"SV1301","INT1001","L01","tich_hop","","","","8.89","7.22,8.92","7.22"
"SV1301","INT1003","L01","tich_hop","","","","6.7","1.88,7.83","1.88"
"SV1301","GDQP102","L01","ly_thuyet","2.2,2.2","2.2","","","",""
"SV1302","INT1001","L01","tich_hop","","","","7.32","6.77,6.56","6.77"
"SV1302","GDQP102","L01","ly_thuyet","2.23,2.23","2.23","","","",""
"SV1302","INT1003","L01","tich_hop","","","","4.25","1.56,3.54","1.56"
"SV1303","INT1003","L01","tich_hop","","","","6.27","6.08,5.24","6.08"
"SV1303","GDTC101","L01","thuc_hanh","","","7.22,10,7.22","","",""
"SV1304","INT1003","L01","tich_hop","","","","6.19","7.3,4.81","7.3"
"SV1304","GDTC101","L01","thuc_hanh","","","7.28,1.55,7.28","","",""
"SV1304","INT1001","L01","tich_hop","","","","7.29","1.07,8.59","1.07"
"SV1304","INT1002","L01","ly_thuyet","7.83,7.83","7.83","","","",""
"SV1305","GDTC101","L01","thuc_hanh","","","1.76,6.48,1.76","","",""
"SV1305","INT1001","L01","tich_hop","","","","5.44","9.09,8.01","9.09"
"SV1305","GDQP102","L01","ly_thuyet","3.73,3.73","3.73","","","",""
"SV1306","INT1002","L01","ly_thuyet","4.9,4.9","4.9","","","",""
"SV1306","INT1001","L01","tich_hop","","","","7.12","2.87,5.17","2.87"
"SV1307","GDQP102","L01","ly_thuyet","1.25,1.25","1.25","","","",""
"SV1307","INT1001","L01","tich_hop","","","","9.96","4.68,5.43","4.68"
"SV1307","INT1003","L01","tich_hop","","","","7.82","6.91,4.76","6.91"
"SV1308","GDTC101","L01","thuc_hanh","","","1.9,0.5,1.9","","",""
"SV1308","INT1001","L01","tich_hop","","","","4.57","4.6,5.52","4.6"
"SV1309","INT1001","L01","tich_hop","","","","1.1","3.84,1.44","3.84"
"SV1309","GDTC101","L01","thuc_hanh","","","9.41,8.21,9.41","","",""
"SV1310","INT1001","L01","tich_hop","","","","8.92","2.96,6.79","2.96"
"SV1310","INT1003","L01","tich_hop","","","","5.49","8.35,4.38","8.35"
"SV1311","INT1001","L01","tich_hop","","","","7.5","0.38,4.75","0.38"
"SV1311","INT1002","L01","ly_thuyet","9.73,9.73","9.73","","","",""
"SV1312","INT1001","L01","tich_hop","","","","8.37","3.12,6.42","3.12"
"SV1312","GDQP102","L01","ly_thuyet","7.94,7.94","7.94","","","",""
"SV1313","INT1003","L01","tich_hop","","","","4.73","8.39,4.79","8.39"
"SV1313","INT1001","L01","tich_hop","","","","2.88","1.67,1.82","1.67"
"SV1313","GDTC101","L01","thuc_hanh","","","7.08,0.34,7.08","","",""
"SV1313","INT1002","L01","ly_thuyet","4.62,4.62","4.62","","","",""
"SV1314","INT1001","L01","tich_hop","","","","7.13","1.11,7.46","1.11"
"SV1314","GDQP102","L01","ly_thuyet","9.5,9.5","9.5","","","",""
"SV1314","INT1003","L01","tich_hop","","","","9.89","0.61,7.59","0.61"
"SV1315","INT1002","L01","ly_thuyet","5.96,5.96","5.96","","","",""
"SV1315","INT1003","L01","tich_hop","","","","6.41","1.07,6.3","1.07"
"SV1316","INT1001","L01","tich_hop","","","","2.19","0.86,5.77","0.86"
"SV1316","GDTC101","L01","thuc_hanh","","","4,9.62,4","","",""
"SV1317","GDQP102","L01","ly_thuyet","3.91,3.91","3.91","","","",""
"SV1317","INT1001","L01","tich_hop","","","","3.22","5.11,7.37","5.11"
"SV1317","INT1002","L01","ly_thuyet","9.88,9.88","9.88","","","",""
"SV1317","INT1003","L01","tich_hop","","","","2.73","7.18,3.66","7.18"
"SV1318","INT1003","L01","tich_hop","","","","9.05","7.55,5.66","7.55"
"SV1318","GDQP102","L01","ly_thuyet","6.82,6.82","6.82","","","",""
"SV1318","INT1001","L01","tich_hop","","","","8.79","7.62,6.78","7.62"
"SV1318","INT1002","L01","ly_thuyet","7.39,7.39","7.39","","","",""
"SV1319","GDQP102","L01","ly_thuyet","9.76,9.76","9.76","","","",""
"SV1319","INT1001","L01","tich_hop","","","","5.71","5.2,6.8","5.2"
"SV1320","INT1002","L01","ly_thuyet","0.1,0.1","0.1","","","",""
"SV1320","INT1003","L01","tich_hop","","","","7.67","8.03,8.81","8.03"
"SV1321","INT1003","L01","tich_hop","","","","3.13","6.16,2.81","6.16"
"SV1321","INT1002","L01","ly_thuyet","0.09,0.09","0.09","","","",""
"SV1321","GDTC101","L01","thuc_hanh","","","8.74,5.09,8.74","","",""
"SV1321","INT1001","L01","tich_hop","","","","7.79","8,3.51","8"
"SV1322","INT1001","L01","tich_hop","","","","8.16","5.45,4.24","5.45"
"SV1322","INT1003","L01","tich_hop","","","","7.96","5.76,7.33","5.76"
"SV1322","INT1002","L01","ly_thuyet","3.42,3.42","3.42","","","",""
"SV1323","INT1002","L01","ly_thuyet","1.03,1.03","1.03","","","",""
"SV1323","GDQP102","L01","ly_thuyet","3.99,3.99","3.99","","","",""
"SV1323","INT1003","L01","tich_hop","","","","5.28","3.86,4.65","3.86"
"SV1323","GDTC101","L01","thuc_hanh","","","6.65,7.5,6.65","","",""
"SV1324","INT1003","L01","tich_hop","","","","1.96","1.96,3.79","1.96"
"SV1324","GDQP102","L01","ly_thuyet","7.06,7.06","7.06","","","",""
"SV1324","GDTC101","L01","thuc_hanh","","","4.26,1.72,4.26","","",""
"SV1324","INT1002","L01","ly_thuyet","7.43,7.43","7.43","","","",""
"SV1325","INT1001","L01","tich_hop","","","","1.96","1.25,4.33","1.25"
"SV1325","INT1002","L01","ly_thuyet","7.14,7.14","7.14","","","",""
"SV1325","GDQP102","L01","ly_thuyet","0.08,0.08","0.08","","","",""
"SV1325","INT1003","L01","tich_hop","","","","3.7","5.58,3.33","5.58"
"SV1326","INT1003","L01","tich_hop","","","","1.41","7.09,4.98","7.09"
"SV1326","INT1002","L01","ly_thuyet","2.02,2.02","2.02","","","",""
"SV1326","GDTC101","L01","thuc_hanh","","","1.74,0.61,1.74","","",""
"SV1327","GDQP102","L01","ly_thuyet","0.14,0.14","0.14","","","",""
"SV1327","INT1003","L01","tich_hop","","","","4.78","0.87,2.67","0.87"
"SV1327","INT1002","L01","ly_thuyet","8.54,8.54","8.54","","","",""
"SV1328","GDQP102","L01","ly_thuyet","7.78,7.78","7.78","","","",""
"SV1328","INT1001","L01","tich_hop","","","","9.45","7.67,8.8","7.67"
"SV1328","INT1003","L01","tich_hop","","","","1.1","1.49,6.01","1.49"
"SV1329","INT1002","L01","ly_thuyet","7.34,7.34","7.34","","","",""
"SV1329","INT1001","L01","tich_hop","","","","4.54","1.33,6.96","1.33"
"SV1329","GDTC101","L01","thuc_hanh","","","9.71,1.09,9.71","","",""
"SV1329","GDQP102","L01","ly_thuyet","7.51,7.51","7.51","","","",""
"SV1330","INT1002","L01","ly_thuyet","4.26,4.26","4.26","","","",""
"SV1330","INT1003","L01","tich_hop","","","","9.15","3.55,6.81","3.55"
"SV1330","INT1001","L01","tich_hop","","","","1.97","8.62,2.65","8.62"
"SV1330","GDTC101","L01","thuc_hanh","","","2.01,0.8,2.01","","",""
"SV1331","GDQP102","L01","ly_thuyet","2.49,2.49","2.49","","","",""
"SV1331","GDTC101","L01","thuc_hanh","","","6.38,6.12,6.38","","",""
"SV1331","INT1003","L01","tich_hop","","","","6.74","8.5,8.26","8.5"
"SV1331","INT1001","L01","tich_hop","","","","5.93","6.37,3.6","6.37"
"SV1332","INT1003","L01","tich_hop","","","","6.13","7.85,6.65","7.85"
"SV1332","INT1002","L01","ly_thuyet","0.6,0.6","0.6","","","",""
"SV1332","INT1001","L01","tich_hop","","","","1.25","2.41,4.13","2.41"
"SV1333","INT1003","L01","tich_hop","","","","8.05","4.54,7.34","4.54"
"SV1333","INT1001","L01","tich_hop","","","","7.4","5.42,4.66","5.42"
"SV1334","INT1001","L01","tich_hop","","","","3.56","7.98,2.97","7.98"
"SV1334","GDQP102","L01","ly_thuyet","1.87,1.87","1.87","","","",""
"SV1335","GDQP102","L01","ly_thuyet","6.07,6.07","6.07","","","",""
"SV1335","INT1002","L01","ly_thuyet","4.25,4.25","4.25","","","",""
"SV1335","INT1001","L01","tich_hop","","","","1.44","6.23,3.14","6.23"
"SV1335","GDTC101","L01","thuc_hanh","","","6.93,4.25,6.93","","",""
"SV1336","INT1001","L01","tich_hop","","","","3.67","5.14,6.59","5.14"
"SV1336","GDQP102","L01","ly_thuyet","8.03,8.03","8.03","","","",""
"SV1336","INT1002","L01","ly_thuyet","8.8,8.8","8.8","","","",""
"SV1336","GDTC101","L01","thuc_hanh","","","8.02,2.14,8.02","","",""
"SV1337","INT1002","L01","ly_thuyet","2.42,2.42","2.42","","","",""
"SV1337","INT1003","L01","tich_hop","","","","3.05","3.08,2.48","3.08"
"SV1338","INT1003","L01","tich_hop","","","","7.32","7.38,4.31","7.38"
"SV1338","INT1001","L01","tich_hop","","","","7.68","3.79,5.79","3.79"
"SV1338","GDTC101","L01","thuc_hanh","","","6.95,4.68,6.95","","",""
"SV1338","INT1002","L01","ly_thuyet","2.78,2.78","2.78","","","",""
"SV1339","INT1002","L01","ly_thuyet","1.85,1.85","1.85","","","",""
"SV1339","INT1001","L01","tich_hop","","","","2.75","2.67,4.37","2.67"
"SV1339","GDTC101","L01","thuc_hanh","","","1.12,9.07,1.12","","",""
"SV1340","GDTC101","L01","thuc_hanh","","","6.7,4.61,6.7","","",""
"SV1340","GDQP102","L01","ly_thuyet","9.24,9.24","9.24","","","",""
"SV1341","GDTC101","L01","thuc_hanh","","","2.1,9.38,2.1","","",""
"SV1341","GDQP102","L01","ly_thuyet","8.32,8.32","8.32","","","",""
"SV1341","INT1001","L01","tich_hop","","","","6.47","8.36,7.17","8.36"
"SV1341","INT1003","L01","tich_hop","","","","8.03","8.56,5.02","8.56"
"SV1342","INT1001","L01","tich_hop","","","","2.32","3.99,6.9","3.99"
"SV1342","GDQP102","L01","ly_thuyet","4.68,4.68","4.68","","","",""
"SV1342","GDTC101","L01","thuc_hanh","","","2.44,6.24,2.44","","",""
"SV1342","INT1002","L01","ly_thuyet","6.56,6.56","6.56","","","",""
"SV1343","GDQP102","L01","ly_thuyet","9.91,9.91","9.91","","","",""
"SV1343","GDTC101","L01","thuc_hanh","","","5.78,9.59,5.78","","",""
"SV1343","INT1002","L01","ly_thuyet","6.51,6.51","6.51","","","",""
"SV1343","INT1003","L01","tich_hop","","","","9.72","7.43,9.31","7.43"
"SV1344","GDQP102","L01","ly_thuyet","8.36,8.36","8.36","","","",""
"SV1344","INT1003","L01","tich_hop","","","","2.72","1.59,5.78","1.59"
"SV1344","INT1001","L01","tich_hop","","","","7.55","4.86,4.35","4.86"
"SV1345","GDTC101","L01","thuc_hanh","","","8.29,6.99,8.29","","",""
"SV1345","INT1003","L01","tich_hop","","","","3.22","8.17,6.55","8.17"
"SV1346","INT1003","L01","tich_hop","","","","7.63","7.04,5.62","7.04"
"SV1346","GDQP102","L01","ly_thuyet","3.15,3.15","3.15","","","",""
"SV1346","INT1001","L01","tich_hop","","","","6.28","4.14,5.44","4.14"
"SV1346","INT1002","L01","ly_thuyet","6.13,6.13","6.13","","","",""
"SV1347","INT1001","L01","tich_hop","","","","1.48","6.72,7.06","6.72"
"SV1347","GDQP102","L01","ly_thuyet","2.37,2.37","2.37","","","",""
"SV1347","INT1002","L01","ly_thuyet","6.21,6.21","6.21","","","",""
"SV1347","INT1003","L01","tich_hop","","","","4.62","7.25,6.04","7.25"
"SV1348","INT1002","L01","ly_thuyet","5.79,5.79","5.79","","","",""
"SV1348","INT1003","L01","tich_hop","","","","4.73","5.24,5.55","5.24"
"SV1349","GDTC101","L01","thuc_hanh","","","2.3,4.89,2.3","","",""
"SV1349","GDQP102","L01","ly_thuyet","4.96,4.96","4.96","","","",""
"SV1350","INT1003","L01","tich_hop","","","","1.71","4.57,1.69","4.57"
"SV1350","INT1002","L01","ly_thuyet","2.92,2.92","2.92","","","",""
"SV1350","GDQP102","L01","ly_thuyet","8.28,8.28","8.28","","","",""
"SV1351","INT1003","L01","tich_hop","","","","1.56","2.47,6","2.47"
"SV1351","GDTC101","L01","thuc_hanh","","","7.3,1.54,7.3","","",""
"SV1351","INT1002","L01","ly_thuyet","6.47,6.47","6.47","","","",""
"SV1351","GDQP102","L01","ly_thuyet","5.8,5.8","5.8","","","",""
"SV1352","INT1003","L01","tich_hop","","","","1.06","7.21,5.48","7.21"
"SV1352","INT1001","L01","tich_hop","","","","8.01","5.84,8.8","5.84"
"SV1353","GDTC101","L01","thuc_hanh","","","1.94,2.51,1.94","","",""
"SV1353","INT1001","L01","tich_hop","","","","9.56","4.67,9.84","4.67"
"SV1354","INT1002","L01","ly_thuyet","8.05,8.05","8.05","","","",""
"SV1354","GDQP102","L01","ly_thuyet","0.87,0.87","0.87","","","",""
"SV1354","GDTC101","L01","thuc_hanh","","","6.91,5.36,6.91","","",""
"SV1354","INT1001","L01","tich_hop","","","","4.11","7.37,7.63","7.37"
"SV1355","INT1002","L01","ly_thuyet","5.03,5.03","5.03","","","",""
"SV1355","INT1003","L01","tich_hop","","","","9.64","5.73,4.98","5.73"
"SV1355","INT1001","L01","tich_hop","","","","3.3","4.55,5.79","4.55"
"SV1356","INT1003","L01","tich_hop","","","","5.53","2.62,3.62","2.62"
"SV1356","INT1002","L01","ly_thuyet","3.28,3.28","3.28","","","",""
"SV1356","GDQP102","L01","ly_thuyet","0.74,0.74","0.74","","","",""
"SV1356","GDTC101","L01","thuc_hanh","","","9.82,1.3,9.82","","",""
"SV1357","INT1003","L01","tich_hop","","","","4.3","1.26,3.24","1.26"
"SV1357","GDTC101","L01","thuc_hanh","","","2.66,0.73,2.66","","",""
"SV1358","INT1001","L01","tich_hop","","","","8.46","7.15,4.29","7.15"
"SV1358","INT1002","L01","ly_thuyet","2.1,2.1","2.1","","","",""
"SV1358","GDTC101","L01","thuc_hanh","","","8.19,9.41,8.19","","",""
"SV1359","GDTC101","L01","thuc_hanh","","","3.61,5.59,3.61","","",""
"SV1359","GDQP102","L01","ly_thuyet","9.66,9.66","9.66","","","",""
"SV1359","INT1003","L01","tich_hop","","","","8.17","2.06,4.88","2.06"
"SV1360","GDTC101","L01","thuc_hanh","","","7.17,9.1,7.17","","",""
"SV1360","INT1001","L01","tich_hop","","","","7.14","6.12,7.21","6.12"
"SV1360","INT1003","L01","tich_hop","","","","6.47","9.17,7.67","9.17"
"SV1360","GDQP102","L01","ly_thuyet","7.52,7.52","7.52","","","",""
"SV1361","GDQP102","L01","ly_thuyet","6.95,6.95","6.95","","","",""
"SV1361","INT1001","L01","tich_hop","","","","9.78","7.33,7.95","7.33"
"SV1361","INT1003","L01","tich_hop","","","","1.22","9.33,3.72","9.33"
"SV1362","INT1003","L01","tich_hop","","","","7.02","5.69,7.65","5.69"
"SV1362","INT1001","L01","tich_hop","","","","5.84","6.04,5.88","6.04"
"SV1362","INT1002","L01","ly_thuyet","8.93,8.93","8.93","","","",""
"SV1362","GDQP102","L01","ly_thuyet","4.26,4.26","4.26","","","",""
"SV1363","INT1002","L01","ly_thuyet","3.51,3.51","3.51","","","",""
"SV1363","INT1003","L01","tich_hop","","","","7.7","7.98,8.33","7.98"
"SV1364","INT1001","L01","tich_hop","","","","6.14","0.66,2.91","0.66"
"SV1364","GDQP102","L01","ly_thuyet","9.72,9.72","9.72","","","",""
"SV1365","INT1001","L01","tich_hop","","","","9.25","1.74,6.72","1.74"
"SV1365","GDTC101","L01","thuc_hanh","","","6.62,6.47,6.62","","",""
"SV1365","INT1003","L01","tich_hop","","","","5.98","0.25,6.96","0.25"
"SV1365","GDQP102","L01","ly_thuyet","1.42,1.42","1.42","","","",""
"SV1366","GDQP102","L01","ly_thuyet","5.68,5.68","5.68","","","",""
"SV1366","INT1002","L01","ly_thuyet","5.34,5.34","5.34","","","",""
"SV1366","GDTC101","L01","thuc_hanh","","","4.12,3.06,4.12","","",""
"SV1367","GDQP102","L01","ly_thuyet","0.09,0.09","0.09","","","",""
"SV1367","INT1003","L01","tich_hop","","","","1.33","3.85,3.73","3.85"
"SV1367","GDTC101","L01","thuc_hanh","","","2.15,8.98,2.15","","",""
"SV1367","INT1002","L01","ly_thuyet","7.29,7.29","7.29","","","",""
"SV1368","INT1003","L01","tich_hop","","","","5.66","6.57,6.06","6.57"
"SV1368","INT1002","L01","ly_thuyet","6.09,6.09","6.09","","","",""
"SV1368","INT1001","L01","tich_hop","","","","8.55","1.38,6.41","1.38"
"SV1369","GDQP102","L01","ly_thuyet","0.07,0.07","0.07","","","",""
"SV1369","INT1003","L01","tich_hop","","","","5.83","7.63,3.49","7.63"
"SV1370","INT1002","L01","ly_thuyet","1.66,1.66","1.66","","","",""
"SV1370","INT1003","L01","tich_hop","","","","5.57","9.13,5.74","9.13"
"SV1370","GDTC101","L01","thuc_hanh","","","4.9,3.47,4.9","","",""
"SV1370","GDQP102","L01","ly_thuyet","9.63,9.63","9.63","","","",""
"SV1371","GDQP102","L01","ly_thuyet","6.89,6.89","6.89","","","",""
"SV1371","INT1001","L01","tich_hop","","","","3.89","1.83,3.71","1.83"
"SV1371","GDTC101","L01","thuc_hanh","","","2.53,1.86,2.53","","",""
"SV1372","INT1003","L01","tich_hop","","","","1.61","5.35,4.6","5.35"
"SV1372","INT1001","L01","tich_hop","","","","3.04","5.25,7.38","5.25"
"SV1372","INT1002","L01","ly_thuyet","8.59,8.59","8.59","","","",""
"SV1373","GDTC101","L01","thuc_hanh","","","2.35,7.89,2.35","","",""
"SV1373","INT1002","L01","ly_thuyet","1.98,1.98","1.98","","","",""
"SV1373","INT1001","L01","tich_hop","","","","5.75","1.49,6.59","1.49"
"SV1374","INT1003","L01","tich_hop","","","","6.05","8.93,4.33","8.93"
"SV1374","INT1001","L01","tich_hop","","","","6.1","2.09,8.11","2.09"
"SV1374","GDTC101","L01","thuc_hanh","","","3.69,2.65,3.69","","",""
"SV1374","GDQP102","L01","ly_thuyet","9.29,9.29","9.29","","","",""
"SV1375","GDQP102","L01","ly_thuyet","0.01,0.01","0.01","","","",""
"SV1375","GDTC101","L01","thuc_hanh","","","3.86,4.98,3.86","","",""
"SV1375","INT1001","L01","tich_hop","","","","8.55","2.55,9.47","2.55"
"SV1376","GDQP102","L01","ly_thuyet","3.32,3.32","3.32","","","",""
"SV1376","GDTC101","L01","thuc_hanh","","","7.55,4.05,7.55","","",""
"SV1377","GDQP102","L01","ly_thuyet","2.01,2.01","2.01","","","",""
"SV1377","INT1003","L01","tich_hop","","","","8.23","7.85,4.61","7.85"
"SV1377","INT1002","L01","ly_thuyet","6.82,6.82","6.82","","","",""
"SV1377","INT1001","L01","tich_hop","","","","5.02","7.3,7.22","7.3"
"SV1378","GDTC101","L01","thuc_hanh","","","7.79,0.62,7.79","","",""
"SV1378","GDQP102","L01","ly_thuyet","8.57,8.57","8.57","","","",""
"SV1378","INT1002","L01","ly_thuyet","6.42,6.42","6.42","","","",""
"SV1379","INT1002","L01","ly_thuyet","6.82,6.82","6.82","","","",""
"SV1379","GDTC101","L01","thuc_hanh","","","4.05,9.45,4.05","","",""
"SV1379","INT1001","L01","tich_hop","","","","3.9","5.41,3.27","5.41"
"SV1380","GDTC101","L01","thuc_hanh","","","4.14,2.36,4.14","","",""
"SV1380","INT1001","L01","tich_hop","","","","7.78","0.46,5.06","0.46"
"SV1380","GDQP102","L01","ly_thuyet","2.88,2.88","2.88","","","",""
"SV1380","INT1003","L01","tich_hop","","","","3","0.62,4.55","0.62"
"SV1381","INT1003","L01","tich_hop","","","","8.77","5.07,7.43","5.07"
"SV1381","INT1002","L01","ly_thuyet","2.85,2.85","2.85","","","",""
"SV1381","INT1001","L01","tich_hop","","","","6.72","9.26,5.84","9.26"
"SV1382","GDTC101","L01","thuc_hanh","","","6.59,0.52,6.59","","",""
"SV1382","INT1003","L01","tich_hop","","","","6.55","8.36,6.48","8.36"
"SV1382","GDQP102","L01","ly_thuyet","1.12,1.12","1.12","","","",""
"SV1382","INT1001","L01","tich_hop","","","","7.9","1.1,5.54","1.1"
"SV1383","INT1003","L01","tich_hop","","","","7.33","7.13,8.22","7.13"
"SV1383","INT1002","L01","ly_thuyet","1.67,1.67","1.67","","","",""
"SV1383","GDTC101","L01","thuc_hanh","","","6.58,8.02,6.58","","",""
"SV1384","INT1003","L01","tich_hop","","","","4.31","6.99,3.61","6.99"
"SV1384","INT1001","L01","tich_hop","","","","9.89","0.52,8.08","0.52"
"SV1385","INT1002","L01","ly_thuyet","7.07,7.07","7.07","","","",""
"SV1385","GDQP102","L01","ly_thuyet","6.14,6.14","6.14","","","",""
"SV1385","INT1001","L01","tich_hop","","","","4.36","7.96,7.91","7.96"
"SV1385","INT1003","L01","tich_hop","","","","1.56","2.79,6.01","2.79"
"SV1386","INT1003","L01","tich_hop","","","","3.9","1.11,3.49","1.11"
"SV1386","GDQP102","L01","ly_thuyet","9.4,9.4","9.4","","","",""
"SV1386","INT1002","L01","ly_thuyet","9.24,9.24","9.24","","","",""
"SV1386","INT1001","L01","tich_hop","","","","4.28","6.62,3.13","6.62"
"SV1387","INT1003","L01","tich_hop","","","","6","1.12,6.17","1.12"
"SV1387","INT1002","L01","ly_thuyet","3.15,3.15","3.15","","","",""
"SV1387","GDQP102","L01","ly_thuyet","7.46,7.46","7.46","","","",""
"SV1388","GDQP102","L01","ly_thuyet","7.29,7.29","7.29","","","",""
"SV1388","INT1003","L01","tich_hop","","","","1.77","6.22,2.74","6.22"
"SV1388","INT1002","L01","ly_thuyet","0.64,0.64","0.64","","","",""
"SV1389","INT1002","L01","ly_thuyet","4.46,4.46","4.46","","","",""
"SV1389","INT1003","L01","tich_hop","","","","3.48","7.74,2.11","7.74"
"SV1389","INT1001","L01","tich_hop","","","","8.13","3.78,6.12","3.78"
"SV1389","GDTC101","L01","thuc_hanh","","","4.77,8.99,4.77","","",""
"SV1390","INT1002","L01","ly_thuyet","2.41,2.41","2.41","","","",""
"SV1390","INT1003","L01","tich_hop","","","","6.29","3.49,5.74","3.49"
"SV1390","INT1001","L01","tich_hop","","","","4.24","3.18,2.22","3.18"
"SV1390","GDTC101","L01","thuc_hanh","","","6.74,0.27,6.74","","",""
"SV1391","INT1002","L01","ly_thuyet","9.07,9.07","9.07","","","",""
"SV1391","INT1001","L01","tich_hop","","","","2.72","3.69,4.31","3.69"
"SV1391","GDTC101","L01","thuc_hanh","","","9.13,7.54,9.13","","",""
"SV1392","GDQP102","L01","ly_thuyet","1.58,1.58","1.58","","","",""
"SV1392","INT1001","L01","tich_hop","","","","3.78","9.91,7.23","9.91"
"SV1392","GDTC101","L01","thuc_hanh","","","9.33,9.15,9.33","","",""
"SV1393","INT1001","L01","tich_hop","","","","6.35","2.54,3.09","2.54"
"SV1393","INT1003","L01","tich_hop","","","","6.48","5.47,5.72","5.47"
"SV1393","INT1002","L01","ly_thuyet","1.21,1.21","1.21","","","",""
"SV1394","GDQP102","L01","ly_thuyet","0.44,0.44","0.44","","","",""
"SV1394","INT1001","L01","tich_hop","","","","9.92","1.91,5.03","1.91"
"SV1394","INT1003","L01","tich_hop","","","","6.41","3.43,4.21","3.43"
"SV1394","INT1002","L01","ly_thuyet","7.31,7.31","7.31","","","",""
"SV1395","GDTC101","L01","thuc_hanh","","","8.82,4.41,8.82","","",""
"SV1395","INT1001","L01","tich_hop","","","","8.45","3.59,7.36","3.59"
"SV1396","INT1001","L01","tich_hop","","","","9.05","1.03,4.25","1.03"
"SV1396","INT1003","L01","tich_hop","","","","1.36","8.45,3.24","8.45"
"SV1396","GDTC101","L01","thuc_hanh","","","5.61,2.43,5.61","","",""
"SV1397","INT1002","L01","ly_thuyet","4.67,4.67","4.67","","","",""
"SV1397","GDQP102","L01","ly_thuyet","7.7,7.7","7.7","","","",""
"SV1397","INT1003","L01","tich_hop","","","","4.64","1.75,6.17","1.75"
"SV1398","GDTC101","L01","thuc_hanh","","","2.1,0.54,2.1","","",""
"SV1398","GDQP102","L01","ly_thuyet","9.41,9.41","9.41","","","",""
"SV1398","INT1003","L01","tich_hop","","","","8.97","4.95,5.21","4.95"
"SV1399","GDQP102","L01","ly_thuyet","7.94,7.94","7.94","","","",""
"SV1399","INT1002","L01","ly_thuyet","7.86,7.86","7.86","","","",""
"SV1399","GDTC101","L01","thuc_hanh","","","2.89,9.74,2.89","","",""
"SV1400","GDTC101","L01","thuc_hanh","","","8.24,4.93,8.24","","",""
"SV1400","INT1003","L01","tich_hop","","","","2.15","2.22,3.31","2.22"
"SV1400","GDQP102","L01","ly_thuyet","7.35,7.35","7.35","","","",""
"SV1401","GDTC101","L01","thuc_hanh","","","8.68,4.65,8.68","","",""
"SV1401","GDQP102","L01","ly_thuyet","0.38,0.38","0.38","","","",""
"SV1401","INT1003","L01","tich_hop","","","","4.68","8.81,4.79","8.81"
"SV1402","INT1002","L01","ly_thuyet","4.47,4.47","4.47","","","",""
"SV1402","INT1001","L01","tich_hop","","","","3.88","1.06,7.53","1.06"
"SV1403","INT1002","L01","ly_thuyet","5.34,5.34","5.34","","","",""
"SV1403","INT1001","L01","tich_hop","","","","3.68","6.31,5.85","6.31"
"SV1403","INT1003","L01","tich_hop","","","","3.05","2.3,5.86","2.3"
"SV1403","GDQP102","L01","ly_thuyet","3.16,3.16","3.16","","","",""
"SV1404","INT1003","L01","tich_hop","","","","2.95","6.65,6.32","6.65"
"SV1404","GDTC101","L01","thuc_hanh","","","2.19,8.31,2.19","","",""
"SV1405","INT1001","L01","tich_hop","","","","7.05","8.52,5.98","8.52"
"SV1405","GDQP102","L01","ly_thuyet","3.26,3.26","3.26","","","",""
"SV1405","GDTC101","L01","thuc_hanh","","","9.49,1.45,9.49","","",""
"SV1405","INT1002","L01","ly_thuyet","8.96,8.96","8.96","","","",""
"SV1406","INT1002","L01","ly_thuyet","5.13,5.13","5.13","","","",""
"SV1406","GDQP102","L01","ly_thuyet","6.37,6.37","6.37","","","",""
"SV1406","INT1001","L01","tich_hop","","","","1.14","5.5,4.57","5.5"
"SV1407","INT1002","L01","ly_thuyet","0.77,0.77","0.77","","","",""
"SV1407","GDQP102","L01","ly_thuyet","0.21,0.21","0.21","","","",""
"SV1408","INT1001","L01","tich_hop","","","","8.4","8.72,6.51","8.72"
"SV1408","GDQP102","L01","ly_thuyet","3.36,3.36","3.36","","","",""
"SV1409","GDQP102","L01","ly_thuyet","6.89,6.89","6.89","","","",""
"SV1409","INT1002","L01","ly_thuyet","9.07,9.07","9.07","","","",""
"SV1409","INT1003","L01","tich_hop","","","","7.89","9.04,7.64","9.04"
"SV1409","GDTC101","L01","thuc_hanh","","","2.49,3.64,2.49","","",""
"SV1410","GDTC101","L01","thuc_hanh","","","6.73,9.82,6.73","","",""
"SV1410","INT1003","L01","tich_hop","","","","1.45","6.7,6.17","6.7"
"SV1410","INT1002","L01","ly_thuyet","7.98,7.98","7.98","","","",""
"SV1410","GDQP102","L01","ly_thuyet","7,7","7","","","",""
"SV1411","INT1001","L01","tich_hop","","","","8.32","7.14,5.41","7.14"
"SV1411","GDTC101","L01","thuc_hanh","","","8.7,5.85,8.7","","",""
"SV1411","GDQP102","L01","ly_thuyet","8.02,8.02","8.02","","","",""
"SV1411","INT1003","L01","tich_hop","","","","2.39","9.05,2.63","9.05"
"SV1412","INT1001","L01","tich_hop","","","","4.65","1.69,4.58","1.69"
"SV1412","GDQP102","L01","ly_thuyet","9.57,9.57","9.57","","","",""
"SV1413","INT1002","L01","ly_thuyet","6.84,6.84","6.84","","","",""
"SV1413","GDQP102","L01","ly_thuyet","9.77,9.77","9.77","","","",""
"SV1413","INT1001","L01","tich_hop","","","","1.52","1.96,5.47","1.96"
"SV1413","INT1003","L01","tich_hop","","","","8.94","9.11,7.86","9.11"
"SV1414","GDTC101","L01","thuc_hanh","","","1.59,7.97,1.59","","",""
"SV1414","INT1001","L01","tich_hop","","","","3.56","9.97,6.41","9.97"
"SV1415","INT1003","L01","tich_hop","","","","2.38","0.88,4.54","0.88"
"SV1415","INT1001","L01","tich_hop","","","","7.43","2.46,5.34","2.46"
"SV1415","INT1002","L01","ly_thuyet","8.93,8.93","8.93","","","",""
"SV1415","GDQP102","L01","ly_thuyet","0.82,0.82","0.82","","","",""
"SV1416","GDQP102","L01","ly_thuyet","4.51,4.51","4.51","","","",""
"SV1416","GDTC101","L01","thuc_hanh","","","8.31,9.21,8.31","","",""
"SV1416","INT1003","L01","tich_hop","","","","5.34","8.02,6.55","8.02"
"SV1417","INT1002","L01","ly_thuyet","1.9,1.9","1.9","","","",""
"SV1417","INT1001","L01","tich_hop","","","","5.19","9.32,5.08","9.32"
"SV1417","GDQP102","L01","ly_thuyet","9.34,9.34","9.34","","","",""
"SV1418","INT1002","L01","ly_thuyet","7.62,7.62","7.62","","","",""
"SV1418","INT1003","L01","tich_hop","","","","4.9","7.17,3.95","7.17"
"SV1419","INT1003","L01","tich_hop","","","","4","8.29,5.63","8.29"
"SV1419","GDQP102","L01","ly_thuyet","0.64,0.64","0.64","","","",""
"SV1419","INT1002","L01","ly_thuyet","7.87,7.87","7.87","","","",""
"SV1419","INT1001","L01","tich_hop","","","","6.56","5.05,8.63","5.05"
"SV1420","INT1002","L01","ly_thuyet","6.9,6.9","6.9","","","",""
"SV1420","GDQP102","L01","ly_thuyet","8.08,8.08","8.08","","","",""
"SV1420","INT1003","L01","tich_hop","","","","3.53","6.97,5.38","6.97"
"SV1421","INT1001","L01","tich_hop","","","","4.62","9.38,6.55","9.38"
"SV1421","GDQP102","L01","ly_thuyet","2.91,2.91","2.91","","","",""
"SV1422","GDQP102","L01","ly_thuyet","4.92,4.92","4.92","","","",""
"SV1422","INT1002","L01","ly_thuyet","8.64,8.64","8.64","","","",""
"SV1422","INT1003","L01","tich_hop","","","","4.88","9.32,3.41","9.32"
"SV1423","INT1003","L01","tich_hop","","","","4.91","2.38,5.9","2.38"
"SV1423","INT1002","L01","ly_thuyet","9.16,9.16","9.16","","","",""
"SV1423","INT1001","L01","tich_hop","","","","6.05","1.76,5.93","1.76"
"SV1424","GDTC101","L01","thuc_hanh","","","7.82,9.39,7.82","","",""
"SV1424","INT1003","L01","tich_hop","","","","2.24","4.97,4.41","4.97"
"SV1424","INT1002","L01","ly_thuyet","5.86,5.86","5.86","","","",""
"SV1425","GDTC101","L01","thuc_hanh","","","1.09,9.89,1.09","","",""
"SV1425","INT1003","L01","tich_hop","","","","2.14","2.68,4.95","2.68"
"SV1425","INT1002","L01","ly_thuyet","9.98,9.98","9.98","","","",""
"SV1425","GDQP102","L01","ly_thuyet","6.3,6.3","6.3","","","",""
"SV1426","INT1003","L01","tich_hop","","","","6.17","5.36,6.69","5.36"
"SV1426","GDTC101","L01","thuc_hanh","","","6.15,7.85,6.15","","",""
"SV1427","GDTC101","L01","thuc_hanh","","","6.98,9.18,6.98","","",""
"SV1427","GDQP102","L01","ly_thuyet","8.2,8.2","8.2","","","",""
"SV1427","INT1002","L01","ly_thuyet","8.04,8.04","8.04","","","",""
"SV1428","INT1002","L01","ly_thuyet","3.15,3.15","3.15","","","",""
"SV1428","GDTC101","L01","thuc_hanh","","","2.24,1.02,2.24","","",""
"SV1428","INT1003","L01","tich_hop","","","","1.18","1.52,2.62","1.52"
"SV1428","INT1001","L01","tich_hop","","","","1","6.18,4.04","6.18"
"SV1429","GDTC101","L01","thuc_hanh","","","5.56,0.89,5.56","","",""
"SV1429","INT1001","L01","tich_hop","","","","3.42","4.42,6.22","4.42"
"SV1429","INT1003","L01","tich_hop","","","","2.42","9.9,6.15","9.9"
"SV1429","GDQP102","L01","ly_thuyet","1.89,1.89","1.89","","","",""
"SV1430","GDQP102","L01","ly_thuyet","3.91,3.91","3.91","","","",""
"SV1430","INT1003","L01","tich_hop","","","","8.42","5,7.84","5"
"SV1430","INT1001","L01","tich_hop","","","","7.48","5.1,4.97","5.1"
"SV1430","GDTC101","L01","thuc_hanh","","","6.7,4.59,6.7","","",""
"SV1431","INT1002","L01","ly_thuyet","0.68,0.68","0.68","","","",""
"SV1431","INT1003","L01","tich_hop","","","","6.68","8.86,4.58","8.86"
"SV1432","INT1003","L01","tich_hop","","","","7.6","0.3,4.03","0.3"
"SV1432","INT1001","L01","tich_hop","","","","3.41","3.38,3.84","3.38"
"SV1432","INT1002","L01","ly_thuyet","8.22,8.22","8.22","","","",""
"SV1433","GDTC101","L01","thuc_hanh","","","6.35,6.58,6.35","","",""
"SV1433","GDQP102","L01","ly_thuyet","6.9,6.9","6.9","","","",""
"SV1434","INT1003","L01","tich_hop","","","","2","9.28,3.88","9.28"
"SV1434","GDQP102","L01","ly_thuyet","3.57,3.57","3.57","","","",""
"SV1434","INT1002","L01","ly_thuyet","5.14,5.14","5.14","","","",""
"SV1434","GDTC101","L01","thuc_hanh","","","6.21,9.33,6.21","","",""
"SV1435","INT1003","L01","tich_hop","","","","5.25","2.27,5.94","2.27"
"SV1435","GDQP102","L01","ly_thuyet","5.49,5.49","5.49","","","",""
"SV1435","INT1002","L01","ly_thuyet","2.33,2.33","2.33","","","",""
"SV1436","GDQP102","L01","ly_thuyet","4.15,4.15","4.15","","","",""
"SV1436","INT1001","L01","tich_hop","","","","4.86","4.8,7.16","4.8"
"SV1437","INT1001","L01","tich_hop","","","","2.29","4.8,4.1","4.8"
"SV1437","INT1002","L01","ly_thuyet","9.85,9.85","9.85","","","",""
"SV1437","GDTC101","L01","thuc_hanh","","","8.78,8.02,8.78","","",""
"SV1437","INT1003","L01","tich_hop","","","","9.33","3.02,7.25","3.02"
"SV1438","INT1002","L01","ly_thuyet","3.3,3.3","3.3","","","",""
"SV1438","GDQP102","L01","ly_thuyet","0.23,0.23","0.23","","","",""
"SV1439","INT1001","L01","tich_hop","","","","2.95","7.55,4.91","7.55"
"SV1439","INT1002","L01","ly_thuyet","2.63,2.63","2.63","","","",""
"SV1439","INT1003","L01","tich_hop","","","","6.64","4.53,8.43","4.53"
"SV1440","INT1001","L01","tich_hop","","","","3.74","2.81,2.29","2.81"
"SV1440","GDQP102","L01","ly_thuyet","6.1,6.1","6.1","","","",""
"SV1441","INT1002","L01","ly_thuyet","9.5,9.5","9.5","","","",""
"SV1441","INT1001","L01","tich_hop","","","","1.48","2.83,3.11","2.83"
"SV1442","GDTC101","L01","thuc_hanh","","","6.65,3.15,6.65","","",""
"SV1442","INT1003","L01","tich_hop","","","","1.33","3.15,1.34","3.15"
"SV1442","GDQP102","L01","ly_thuyet","5.86,5.86","5.86","","","",""
"SV1443","GDQP102","L01","ly_thuyet","6.35,6.35","6.35","","","",""
"SV1443","INT1002","L01","ly_thuyet","1.73,1.73","1.73","","","",""
"SV1443","INT1001","L01","tich_hop","","","","8.33","3.5,4.61","3.5"
"SV1443","INT1003","L01","tich_hop","","","","6.17","6.97,7.85","6.97"
"SV1444","GDQP102","L01","ly_thuyet","2.78,2.78","2.78","","","",""
"SV1444","INT1003","L01","tich_hop","","","","2.88","6.3,4.49","6.3"
"SV1444","INT1002","L01","ly_thuyet","9.03,9.03","9.03","","","",""
"SV1444","INT1001","L01","tich_hop","","","","4.62","6.64,6.79","6.64"
"SV1445","INT1002","L01","ly_thuyet","6.51,6.51","6.51","","","",""
"SV1445","GDTC101","L01","thuc_hanh","","","2.65,9.34,2.65","","",""
"SV1446","INT1001","L01","tich_hop","","","","3.8","0.51,4.55","0.51"
"SV1446","GDQP102","L01","ly_thuyet","6.12,6.12","6.12","","","",""
"SV1446","INT1002","L01","ly_thuyet","1.14,1.14","1.14","","","",""
"SV1447","INT1002","L01","ly_thuyet","0.01,0.01","0.01","","","",""
"SV1447","GDQP102","L01","ly_thuyet","9.28,9.28","9.28","","","",""
"SV1447","GDTC101","L01","thuc_hanh","","","3.1,8.26,3.1","","",""
"SV1448","GDTC101","L01","thuc_hanh","","","1.73,1.51,1.73","","",""
"SV1448","INT1003","L01","tich_hop","","","","1.29","3.56,2.3","3.56"
"SV1449","GDTC101","L01","thuc_hanh","","","2.24,4.36,2.24","","",""
"SV1449","INT1002","L01","ly_thuyet","5.05,5.05","5.05","","","",""
"SV1449","INT1001","L01","tich_hop","","","","8.45","1.44,6.05","1.44"
"SV1449","GDQP102","L01","ly_thuyet","8.39,8.39","8.39","","","",""
"SV1450","GDQP102","L01","ly_thuyet","8.33,8.33","8.33","","","",""
"SV1450","GDTC101","L01","thuc_hanh","","","2.98,4.99,2.98","","",""
"SV1450","INT1001","L01","tich_hop","","","","3.71","1.7,6.53","1.7"
"SV1450","INT1002","L01","ly_thuyet","2.76,2.76","2.76","","","",""
"SV1451","GDQP102","L01","ly_thuyet","0.85,0.85","0.85","","","",""
"SV1451","INT1003","L01","tich_hop","","","","9.15","0.2,6.89","0.2"
"SV1451","INT1001","L01","tich_hop","","","","8.85","3.84,5.03","3.84"
"SV1452","GDTC101","L01","thuc_hanh","","","4.47,5.47,4.47","","",""
"SV1452","INT1001","L01","tich_hop","","","","7.88","4.3,7.24","4.3"
"SV1452","INT1002","L01","ly_thuyet","3.75,3.75","3.75","","","",""
"SV1452","GDQP102","L01","ly_thuyet","0.06,0.06","0.06","","","",""
"SV1453","INT1003","L01","tich_hop","","","","7.33","5.95,7.8","5.95"
"SV1453","INT1001","L01","tich_hop","","","","3.28","0.81,6.99","0.81"
"SV1454","INT1001","L01","tich_hop","","","","8.9","5.76,6.85","5.76"
"SV1454","GDTC101","L01","thuc_hanh","","","9.21,5.1,9.21","","",""
"SV1454","GDQP102","L01","ly_thuyet","0.19,0.19","0.19","","","",""
"SV1455","INT1001","L01","tich_hop","","","","7.28","2.1,6.85","2.1"
"SV1455","GDTC101","L01","thuc_hanh","","","6.76,4.97,6.76","","",""
"SV1455","INT1003","L01","tich_hop","","","","8.63","0.9,6.02","0.9"
"SV1456","INT1002","L01","ly_thuyet","1.84,1.84","1.84","","","",""
"SV1456","GDQP102","L01","ly_thuyet","3.68,3.68","3.68","","","",""
"SV1457","INT1003","L01","tich_hop","","","","7.8","9.25,4.75","9.25"
"SV1457","GDTC101","L01","thuc_hanh","","","4.91,4.81,4.91","","",""
"SV1457","INT1002","L01","ly_thuyet","9.81,9.81","9.81","","","",""
"SV1458","INT1001","L01","tich_hop","","","","3.54","0.02,6.34","0.02"
"SV1458","INT1003","L01","tich_hop","","","","7.9","0.94,6.29","0.94"
"SV1459","INT1001","L01","tich_hop","","","","8.05","4.97,3.97","4.97"
"SV1459","INT1003","L01","tich_hop","","","","7.89","5.36,6.54","5.36"
"SV1459","GDQP102","L01","ly_thuyet","0.05,0.05","0.05","","","",""
"SV1460","INT1002","L01","ly_thuyet","8.83,8.83","8.83","","","",""
"SV1460","GDTC101","L01","thuc_hanh","","","6.56,9.96,6.56","","",""
"SV1460","GDQP102","L01","ly_thuyet","8.99,8.99","8.99","","","",""
"SV1461","INT1001","L01","tich_hop","","","","9.41","4.23,9.56","4.23"
"SV1461","GDTC101","L01","thuc_hanh","","","1.35,5.62,1.35","","",""
"SV1461","INT1002","L01","ly_thuyet","5.82,5.82","5.82","","","",""
"SV1462","INT1002","L01","ly_thuyet","5.24,5.24","5.24","","","",""
"SV1462","INT1001","L01","tich_hop","","","","9.7","9.64,6.2","9.64"
"SV1462","INT1003","L01","tich_hop","","","","8.05","9.08,6.31","9.08"
"SV1463","GDQP102","L01","ly_thuyet","5.29,5.29","5.29","","","",""
"SV1463","INT1001","L01","tich_hop","","","","1.08","7.17,1.14","7.17"
"SV1463","INT1003","L01","tich_hop","","","","7.18","0.51,4.81","0.51"
"SV1464","GDQP102","L01","ly_thuyet","2.95,2.95","2.95","","","",""
"SV1464","INT1003","L01","tich_hop","","","","9.45","7.15,7.31","7.15"
"SV1465","INT1001","L01","tich_hop","","","","7.98","4.29,8.57","4.29"
"SV1465","INT1003","L01","tich_hop","","","","8.55","2.53,7.85","2.53"
"SV1466","INT1001","L01","tich_hop","","","","2.57","9.36,1.69","9.36"
"SV1466","GDTC101","L01","thuc_hanh","","","5.06,7.41,5.06","","",""
"SV1466","GDQP102","L01","ly_thuyet","4.05,4.05","4.05","","","",""
"SV1466","INT1003","L01","tich_hop","","","","3.42","3.85,5.14","3.85"
"SV1467","INT1002","L01","ly_thuyet","3.93,3.93","3.93","","","",""
"SV1467","INT1001","L01","tich_hop","","","","7.66","1.75,3.26","1.75"
"SV1467","GDQP102","L01","ly_thuyet","2.72,2.72","2.72","","","",""
"SV1467","GDTC101","L01","thuc_hanh","","","4.1,8.82,4.1","","",""
"SV1468","GDTC101","L01","thuc_hanh","","","6.85,3.17,6.85","","",""
"SV1468","INT1003","L01","tich_hop","","","","7.24","9.3,4.71","9.3"
"SV1469","GDTC101","L01","thuc_hanh","","","8.93,8.55,8.93","","",""
"SV1469","INT1001","L01","tich_hop","","","","7.04","6.43,8.14","6.43"
"SV1469","INT1002","L01","ly_thuyet","3.82,3.82","3.82","","","",""
"SV1469","GDQP102","L01","ly_thuyet","0.88,0.88","0.88","","","",""
"SV1470","INT1001","L01","tich_hop","","","","1.67","3.74,1.3","3.74"
"SV1470","INT1002","L01","ly_thuyet","0.22,0.22","0.22","","","",""
"SV1471","INT1002","L01","ly_thuyet","0.07,0.07","0.07","","","",""
"SV1471","INT1003","L01","tich_hop","","","","9.7","1.75,5.74","1.75"
"SV1471","GDQP102","L01","ly_thuyet","9.27,9.27","9.27","","","",""
"SV1471","GDTC101","L01","thuc_hanh","","","9.08,6.67,9.08","","",""
"SV1472","GDQP102","L01","ly_thuyet","2,2","2","","","",""
"SV1472","INT1001","L01","tich_hop","","","","8.34","7.8,5.89","7.8"
"SV1472","GDTC101","L01","thuc_hanh","","","6.65,6.36,6.65","","",""
"SV1472","INT1002","L01","ly_thuyet","1.99,1.99","1.99","","","",""
"SV1473","INT1001","L01","tich_hop","","","","5.67","5.28,8.44","5.28"
"SV1473","INT1002","L01","ly_thuyet","3.76,3.76","3.76","","","",""
"SV1474","INT1001","L01","tich_hop","","","","1.83","3.92,4.98","3.92"
"SV1474","INT1003","L01","tich_hop","","","","1.73","7.33,5.22","7.33"
"SV1475","GDTC101","L01","thuc_hanh","","","4.53,7.66,4.53","","",""
"SV1475","INT1001","L01","tich_hop","","","","5.23","1.57,2.77","1.57"
"SV1476","INT1002","L01","ly_thuyet","5.66,5.66","5.66","","","",""
"SV1476","INT1001","L01","tich_hop","","","","3.62","0.47,3.57","0.47"
"SV1476","GDQP102","L01","ly_thuyet","5.12,5.12","5.12","","","",""
"SV1476","GDTC101","L01","thuc_hanh","","","2.21,9.94,2.21","","",""
"SV1477","INT1001","L01","tich_hop","","","","4.33","2.58,7.15","2.58"
"SV1477","GDQP102","L01","ly_thuyet","0.44,0.44","0.44","","","",""
"SV1477","INT1002","L01","ly_thuyet","9.7,9.7","9.7","","","",""
"SV1478","GDTC101","L01","thuc_hanh","","","4.43,7.4,4.43","","",""
"SV1478","INT1001","L01","tich_hop","","","","1.88","3.59,2.44","3.59"
"SV1478","INT1003","L01","tich_hop","","","","5.55","0.03,5.31","0.03"
"SV1478","GDQP102","L01","ly_thuyet","4.49,4.49","4.49","","","",""
"SV1479","INT1001","L01","tich_hop","","","","5.65","7.91,7.23","7.91"
"SV1479","GDTC101","L01","thuc_hanh","","","2.19,2.52,2.19","","",""
"SV1479","INT1002","L01","ly_thuyet","6.47,6.47","6.47","","","",""
"SV1479","GDQP102","L01","ly_thuyet","6.18,6.18","6.18","","","",""
"SV1480","INT1001","L01","tich_hop","","","","3.7","4.08,3.52","4.08"
"SV1480","INT1002","L01","ly_thuyet","3.42,3.42","3.42","","","",""
"SV1480","INT1003","L01","tich_hop","","","","3.73","9.22,5.53","9.22"
"SV1480","GDTC101","L01","thuc_hanh","","","9.04,0.66,9.04","","",""
"SV1481","INT1001","L01","tich_hop","","","","1.62","1.58,4.21","1.58"
"SV1481","GDTC101","L01","thuc_hanh","","","6.02,0.13,6.02","","",""
"SV1482","INT1002","L01","ly_thuyet","2.34,2.34","2.34","","","",""
"SV1482","INT1003","L01","tich_hop","","","","8.66","7.16,5.28","7.16"
"SV1482","INT1001","L01","tich_hop","","","","7.14","6.33,7.54","6.33"
"SV1482","GDQP102","L01","ly_thuyet","0.55,0.55","0.55","","","",""
"SV1483","INT1002","L01","ly_thuyet","9.66,9.66","9.66","","","",""
"SV1483","INT1001","L01","tich_hop","","","","3.19","2.08,5.1","2.08"
"SV1483","INT1003","L01","tich_hop","","","","4.2","3.61,4.85","3.61"
"SV1484","INT1002","L01","ly_thuyet","3.47,3.47","3.47","","","",""
"SV1484","INT1001","L01","tich_hop","","","","7.11","2.47,6.27","2.47"
"SV1484","INT1003","L01","tich_hop","","","","4.14","4.17,4.64","4.17"
"SV1484","GDTC101","L01","thuc_hanh","","","5.72,1.8,5.72","","",""
"SV1485","INT1001","L01","tich_hop","","","","2.01","4.95,4.6","4.95"
"SV1485","INT1002","L01","ly_thuyet","2.47,2.47","2.47","","","",""
"SV1485","INT1003","L01","tich_hop","","","","3.72","2.69,6.04","2.69"
"SV1486","GDQP102","L01","ly_thuyet","7.58,7.58","7.58","","","",""
"SV1486","INT1001","L01","tich_hop","","","","7.89","1.84,4.25","1.84"
"SV1487","INT1002","L01","ly_thuyet","9.58,9.58","9.58","","","",""
"SV1487","INT1003","L01","tich_hop","","","","3.56","8.72,4.88","8.72"
"SV1487","INT1001","L01","tich_hop","","","","6.41","4.67,3.63","4.67"
"SV1487","GDTC101","L01","thuc_hanh","","","2.65,8.35,2.65","","",""
"SV1488","INT1001","L01","tich_hop","","","","5.26","1.77,4.29","1.77"
"SV1488","INT1002","L01","ly_thuyet","9.9,9.9","9.9","","","",""
"SV1489","GDTC101","L01","thuc_hanh","","","4.67,7.23,4.67","","",""
"SV1489","INT1003","L01","tich_hop","","","","2.03","5.76,4.78","5.76"
"SV1490","INT1001","L01","tich_hop","","","","3.17","6.08,2.19","6.08"
"SV1490","INT1002","L01","ly_thuyet","9.26,9.26","9.26","","","",""
"SV1490","INT1003","L01","tich_hop","","","","3.69","4.1,4.77","4.1"
"SV1490","GDTC101","L01","thuc_hanh","","","6.43,0.21,6.43","","",""
"SV1491","GDQP102","L01","ly_thuyet","0.23,0.23","0.23","","","",""
"SV1491","GDTC101","L01","thuc_hanh","","","6.11,9.42,6.11","","",""
"SV1491","INT1002","L01","ly_thuyet","4.87,4.87","4.87","","","",""
"SV1492","INT1002","L01","ly_thuyet","8.24,8.24","8.24","","","",""
"SV1492","INT1003","L01","tich_hop","","","","1.96","3.39,1.77","3.39"
"SV1492","GDTC101","L01","thuc_hanh","","","3.77,8.65,3.77","","",""
"SV1492","GDQP102","L01","ly_thuyet","3.93,3.93","3.93","","","",""
"SV1493","INT1001","L01","tich_hop","","","","2.53","4.33,2.11","4.33"
"SV1493","INT1002","L01","ly_thuyet","5.88,5.88","5.88","","","",""
"SV1493","GDTC101","L01","thuc_hanh","","","5.32,5.81,5.32","","",""
"SV1493","GDQP102","L01","ly_thuyet","8.72,8.72","8.72","","","",""
"SV1494","GDQP102","L01","ly_thuyet","1.83,1.83","1.83","","","",""
"SV1494","INT1002","L01","ly_thuyet","8.45,8.45","8.45","","","",""
"SV1495","GDTC101","L01","thuc_hanh","","","4.93,7.88,4.93","","",""
"SV1495","INT1001","L01","tich_hop","","","","9.89","9.42,5.72","9.42"
"SV1496","INT1001","L01","tich_hop","","","","7.66","8.2,8","8.2"
"SV1496","GDQP102","L01","ly_thuyet","5.52,5.52","5.52","","","",""
"SV1497","GDQP102","L01","ly_thuyet","3.97,3.97","3.97","","","",""
"SV1497","INT1003","L01","tich_hop","","","","8.25","4.81,5.37","4.81"
"SV1497","INT1001","L01","tich_hop","","","","8.47","0.65,8.2","0.65"
"SV1498","INT1001","L01","tich_hop","","","","7.65","7.67,6.56","7.67"
"SV1498","GDQP102","L01","ly_thuyet","5.82,5.82","5.82","","","",""
"SV1498","INT1002","L01","ly_thuyet","7.11,7.11","7.11","","","",""
"SV1499","INT1002","L01","ly_thuyet","1.82,1.82","1.82","","","",""
"SV1499","GDQP102","L01","ly_thuyet","1.67,1.67","1.67","","","",""
"SV1499","INT1001","L01","tich_hop","","","","7.78","2.35,6.61","2.35"
"SV1499","GDTC101","L01","thuc_hanh","","","3.76,2.16,3.76","","",""
"SV1500","GDTC101","L01","thuc_hanh","","","4.21,6.92,4.21","","",""
"SV1500","INT1002","L01","ly_thuyet","9.64,9.64","9.64","","","",""
"SV1500","INT1003","L01","tich_hop","","","","1.28","6.64,2.75","6.64"
"SV1501","INT1003","L01","tich_hop","","","","1.63","5.08,5.77","5.08"
"SV1501","GDTC101","L01","thuc_hanh","","","5.36,8.35,5.36","","",""
"SV1501","INT1002","L01","ly_thuyet","4.47,4.47","4.47","","","",""
"SV1501","GDQP102","L01","ly_thuyet","3.51,3.51","3.51","","","",""
"SV1502","INT1002","L01","ly_thuyet","9.1,9.1","9.1","","","",""
"SV1502","GDQP102","L01","ly_thuyet","2.96,2.96","2.96","","","",""
"SV1502","GDTC101","L01","thuc_hanh","","","5.29,3.83,5.29","","",""
"SV1502","INT1001","L01","tich_hop","","","","7.65","0.59,8.66","0.59"
"SV1503","GDQP102","L01","ly_thuyet","1.79,1.79","1.79","","","",""
"SV1503","GDTC101","L01","thuc_hanh","","","2.73,8.58,2.73","","",""
"SV1503","INT1002","L01","ly_thuyet","0.81,0.81","0.81","","","",""
"SV1503","INT1001","L01","tich_hop","","","","2.21","5.68,2.74","5.68"
"SV1504","GDQP102","L01","ly_thuyet","5.29,5.29","5.29","","","",""
"SV1504","INT1001","L01","tich_hop","","","","6.3","1.55,5.96","1.55"
"SV1504","INT1003","L01","tich_hop","","","","3.65","1.66,3.44","1.66"
"SV1505","GDTC101","L01","thuc_hanh","","","8.16,6.94,8.16","","",""
"SV1505","INT1001","L01","tich_hop","","","","7.76","8.94,4.8","8.94"
"SV1505","GDQP102","L01","ly_thuyet","3.48,3.48","3.48","","","",""
"SV1506","INT1001","L01","tich_hop","","","","9.13","1.42,8.64","1.42"
"SV1506","GDQP102","L01","ly_thuyet","7.59,7.59","7.59","","","",""
"SV1507","INT1001","L01","tich_hop","","","","3.09","9.35,5.45","9.35"
"SV1507","INT1003","L01","tich_hop","","","","3.08","5.67,5.63","5.67"
"SV1508","INT1003","L01","tich_hop","","","","2.97","8.8,2.78","8.8"
"SV1508","INT1001","L01","tich_hop","","","","7.03","4.82,3.05","4.82"
"SV1509","INT1001","L01","tich_hop","","","","6.93","8.01,8.28","8.01"
"SV1509","INT1002","L01","ly_thuyet","6.67,6.67","6.67","","","",""
"SV1510","INT1001","L01","tich_hop","","","","3.7","1.35,5.57","1.35"
"SV1510","GDTC101","L01","thuc_hanh","","","1.13,6.47,1.13","","",""
"SV1511","GDTC101","L01","thuc_hanh","","","5.48,3.53,5.48","","",""
"SV1511","INT1003","L01","tich_hop","","","","4.26","9.92,7.4","9.92"
"SV1511","INT1002","L01","ly_thuyet","1.46,1.46","1.46","","","",""
"SV1512","GDTC101","L01","thuc_hanh","","","1.98,9.12,1.98","","",""
"SV1512","INT1003","L01","tich_hop","","","","2.04","8,5.35","8"
"SV1513","INT1001","L01","tich_hop","","","","2.89","9.34,2.64","9.34"
"SV1513","INT1003","L01","tich_hop","","","","3.06","0.73,6.15","0.73"
"SV1513","GDTC101","L01","thuc_hanh","","","3.5,1.47,3.5","","",""
"SV1514","INT1001","L01","tich_hop","","","","1.24","5.95,1.85","5.95"
"SV1514","INT1003","L01","tich_hop","","","","8.88","9.79,6.87","9.79"
"SV1514","GDQP102","L01","ly_thuyet","0.35,0.35","0.35","","","",""
"SV1514","INT1002","L01","ly_thuyet","7.26,7.26","7.26","","","",""
"SV1515","INT1003","L01","tich_hop","","","","3.23","2.12,4.56","2.12"
"SV1515","INT1001","L01","tich_hop","","","","9.56","6.89,3.92","6.89"
"SV1515","GDQP102","L01","ly_thuyet","8.66,8.66","8.66","","","",""
"SV1516","INT1003","L01","tich_hop","","","","6.84","6.05,4.12","6.05"
"SV1516","GDTC101","L01","thuc_hanh","","","7.75,1.7,7.75","","",""
"SV1516","INT1001","L01","tich_hop","","","","1.7","7.51,4.39","7.51"
"SV1516","GDQP102","L01","ly_thuyet","5.18,5.18","5.18","","","",""
"SV1517","GDQP102","L01","ly_thuyet","3.1,3.1","3.1","","","",""
"SV1517","GDTC101","L01","thuc_hanh","","","2.54,0.5,2.54","","",""
"SV1518","INT1003","L01","tich_hop","","","","2.54","9.33,4.09","9.33"
"SV1518","GDTC101","L01","thuc_hanh","","","3.45,2.63,3.45","","",""
"SV1518","INT1001","L01","tich_hop","","","","9.58","4.97,5.52","4.97"
"SV1518","GDQP102","L01","ly_thuyet","9.38,9.38","9.38","","","",""
"SV1519","INT1002","L01","ly_thuyet","0.52,0.52","0.52","","","",""
"SV1519","GDQP102","L01","ly_thuyet","8.47,8.47","8.47","","","",""
"SV1520","GDTC101","L01","thuc_hanh","","","1.69,2.17,1.69","","",""
"SV1520","INT1002","L01","ly_thuyet","2.51,2.51","2.51","","","",""
"SV1520","INT1003","L01","tich_hop","","","","8.73","8.32,6.78","8.32"
"SV1520","GDQP102","L01","ly_thuyet","3.72,3.72","3.72","","","",""
"SV1521","INT1003","L01","tich_hop","","","","3.59","4.21,5.39","4.21"
"SV1521","INT1001","L01","tich_hop","","","","5.66","0.28,6.07","0.28"
"SV1521","INT1002","L01","ly_thuyet","0.24,0.24","0.24","","","",""
"SV1522","GDTC101","L01","thuc_hanh","","","8.42,2.6,8.42","","",""
"SV1522","GDQP102","L01","ly_thuyet","5.64,5.64","5.64","","","",""
"SV1522","INT1002","L01","ly_thuyet","7.86,7.86","7.86","","","",""
"SV1522","INT1001","L01","tich_hop","","","","2.79","6.79,2.03","6.79"
"SV1523","INT1001","L01","tich_hop","","","","7.08","0.64,7.69","0.64"
"SV1523","INT1003","L01","tich_hop","","","","7.31","3.44,6.73","3.44"
"SV1523","GDTC101","L01","thuc_hanh","","","1.5,5.38,1.5","","",""
"SV1524","GDTC101","L01","thuc_hanh","","","8.91,2.3,8.91","","",""
"SV1524","GDQP102","L01","ly_thuyet","2.39,2.39","2.39","","","",""
"SV1524","INT1003","L01","tich_hop","","","","7.16","2.69,6.61","2.69"
"SV1524","INT1001","L01","tich_hop","","","","9.39","7.52,4.18","7.52"
"SV1525","GDTC101","L01","thuc_hanh","","","4.89,6.63,4.89","","",""
"SV1525","GDQP102","L01","ly_thuyet","3.85,3.85","3.85","","","",""
"SV1525","INT1002","L01","ly_thuyet","9.23,9.23","9.23","","","",""
"SV1525","INT1001","L01","tich_hop","","","","8.85","2.6,6.25","2.6"
"SV1526","INT1002","L01","ly_thuyet","4.43,4.43","4.43","","","",""
"SV1526","GDQP102","L01","ly_thuyet","9.21,9.21","9.21","","","",""
"SV1526","INT1001","L01","tich_hop","","","","1.63","9.17,3.97","9.17"
"SV1527","GDQP102","L01","ly_thuyet","8.79,8.79","8.79","","","",""
"SV1527","GDTC101","L01","thuc_hanh","","","6.95,1.63,6.95","","",""
"SV1528","INT1001","L01","tich_hop","","","","2.12","4.2,3.12","4.2"
"SV1528","INT1003","L01","tich_hop","","","","7.72","3.11,7.32","3.11"
"SV1529","GDTC101","L01","thuc_hanh","","","6.27,9.59,6.27","","",""
"SV1529","INT1003","L01","tich_hop","","","","2.79","7.49,5.09","7.49"
"SV1530","GDQP102","L01","ly_thuyet","4.13,4.13","4.13","","","",""
"SV1530","INT1003","L01","tich_hop","","","","4.73","2.34,7.52","2.34"
"SV1530","GDTC101","L01","thuc_hanh","","","5.94,4.06,5.94","","",""
"SV1531","GDQP102","L01","ly_thuyet","2.97,2.97","2.97","","","",""
"SV1531","GDTC101","L01","thuc_hanh","","","1.89,9.7,1.89","","",""
"SV1531","INT1002","L01","ly_thuyet","2.51,2.51","2.51","","","",""
"SV1532","INT1003","L01","tich_hop","","","","8.49","5.06,7.49","5.06"
"SV1532","GDTC101","L01","thuc_hanh","","","8.77,9.31,8.77","","",""
"SV1532","INT1001","L01","tich_hop","","","","1.78","8.99,5.01","8.99"
"SV1532","GDQP102","L01","ly_thuyet","9.36,9.36","9.36","","","",""
"SV1533","INT1002","L01","ly_thuyet","7.56,7.56","7.56","","","",""
"SV1533","GDTC101","L01","thuc_hanh","","","2.34,3.43,2.34","","",""
"SV1533","GDQP102","L01","ly_thuyet","4.36,4.36","4.36","","","",""
"SV1533","INT1001","L01","tich_hop","","","","8.59","0.19,5.06","0.19"
"SV1534","INT1003","L01","tich_hop","","","","9.61","5.43,5.17","5.43"
"SV1534","INT1002","L01","ly_thuyet","0.81,0.81","0.81","","","",""
"SV1534","GDQP102","L01","ly_thuyet","2.74,2.74","2.74","","","",""
"SV1535","INT1001","L01","tich_hop","","","","3.28","5.91,6.97","5.91"
"SV1535","GDQP102","L01","ly_thuyet","3.13,3.13","3.13","","","",""
"SV1535","INT1002","L01","ly_thuyet","0.43,0.43","0.43","","","",""
"SV1536","INT1001","L01","tich_hop","","","","4.27","5.76,7.62","5.76"
"SV1536","INT1002","L01","ly_thuyet","6.53,6.53","6.53","","","",""
"SV1536","GDTC101","L01","thuc_hanh","","","5.91,8.76,5.91","","",""
"SV1537","INT1001","L01","tich_hop","","","","7.93","5.27,6.35","5.27"
"SV1537","INT1002","L01","ly_thuyet","8.18,8.18","8.18","","","",""
"SV1538","GDTC101","L01","thuc_hanh","","","1.92,4.01,1.92","","",""
"SV1538","GDQP102","L01","ly_thuyet","3.2,3.2","3.2","","","",""
"SV1538","INT1001","L01","tich_hop","","","","7.33","9.57,4.79","9.57"
"SV1539","GDQP102","L01","ly_thuyet","9.79,9.79","9.79","","","",""
"SV1539","GDTC101","L01","thuc_hanh","","","3.17,7.19,3.17","","",""
"SV1540","GDTC101","L01","thuc_hanh","","","7.31,7.28,7.31","","",""
"SV1540","GDQP102","L01","ly_thuyet","0.6,0.6","0.6","","","",""
"SV1540","INT1001","L01","tich_hop","","","","7.05","2.96,5.28","2.96"
"SV1540","INT1002","L01","ly_thuyet","8.28,8.28","8.28","","","",""
"SV1541","INT1003","L01","tich_hop","","","","9.84","8.51,6.79","8.51"
"SV1541","INT1002","L01","ly_thuyet","8.88,8.88","8.88","","","",""
"SV1541","GDQP102","L01","ly_thuyet","4.65,4.65","4.65","","","",""
"SV1542","INT1002","L01","ly_thuyet","2.55,2.55","2.55","","","",""
"SV1542","INT1003","L01","tich_hop","","","","7.74","9.34,4.78","9.34"
"SV1542","INT1001","L01","tich_hop","","","","6.97","8.86,6.78","8.86"
"SV1542","GDTC101","L01","thuc_hanh","","","9.46,4.75,9.46","","",""
"SV1543","INT1003","L01","tich_hop","","","","7.53","3.82,7.31","3.82"
"SV1543","GDTC101","L01","thuc_hanh","","","2.75,1.13,2.75","","",""
"SV1544","INT1001","L01","tich_hop","","","","2.25","3.73,4.84","3.73"
"SV1544","INT1003","L01","tich_hop","","","","1.98","6.77,2.55","6.77"
"SV1544","GDTC101","L01","thuc_hanh","","","2.84,9.84,2.84","","",""
"SV1545","INT1002","L01","ly_thuyet","4.42,4.42","4.42","","","",""
"SV1545","GDQP102","L01","ly_thuyet","6.2,6.2","6.2","","","",""
"SV1545","INT1003","L01","tich_hop","","","","7.64","0.88,3.93","0.88"
"SV1546","INT1002","L01","ly_thuyet","4,4","4","","","",""
"SV1546","INT1001","L01","tich_hop","","","","2.91","0.23,6.65","0.23"
"SV1547","INT1003","L01","tich_hop","","","","4.24","3.65,4.21","3.65"
"SV1547","GDTC101","L01","thuc_hanh","","","3.29,3.44,3.29","","",""
"SV1547","INT1001","L01","tich_hop","","","","9.16","7.54,8.07","7.54"
"SV1547","GDQP102","L01","ly_thuyet","6.91,6.91","6.91","","","",""
"SV1548","INT1003","L01","tich_hop","","","","1.29","0.98,5.61","0.98"
"SV1548","INT1001","L01","tich_hop","","","","5.89","1.83,7.47","1.83"
"SV1549","INT1003","L01","tich_hop","","","","6.32","1.97,6.59","1.97"
"SV1549","INT1002","L01","ly_thuyet","1.55,1.55","1.55","","","",""
"SV1549","GDQP102","L01","ly_thuyet","2.56,2.56","2.56","","","",""
"SV1549","GDTC101","L01","thuc_hanh","","","4.85,5.05,4.85","","",""
"SV1550","GDQP102","L01","ly_thuyet","0.5,0.5","0.5","","","",""
"SV1550","INT1001","L01","tich_hop","","","","6.42","2.64,7.6","2.64"
"SV1550","GDTC101","L01","thuc_hanh","","","7.99,1.47,7.99","","",""
"SV1550","INT1002","L01","ly_thuyet","6.31,6.31","6.31","","","",""
"SV1551","GDQP102","L01","ly_thuyet","6.7,6.7","6.7","","","",""
"SV1551","INT1003","L01","tich_hop","","","","2.52","9.37,1.78","9.37"
"SV1552","INT1001","L01","tich_hop","","","","8.15","8.78,8.5","8.78"
"SV1552","INT1002","L01","ly_thuyet","4.59,4.59","4.59","","","",""
"SV1553","INT1002","L01","ly_thuyet","1.19,1.19","1.19","","","",""
"SV1553","GDQP102","L01","ly_thuyet","0.74,0.74","0.74","","","",""
"SV1554","GDQP102","L01","ly_thuyet","3.35,3.35","3.35","","","",""
"SV1554","INT1003","L01","tich_hop","","","","3.88","1.74,6.63","1.74"
"SV1554","GDTC101","L01","thuc_hanh","","","7.24,7.95,7.24","","",""
"SV1555","INT1001","L01","tich_hop","","","","1.52","3.13,3.51","3.13"
"SV1555","GDQP102","L01","ly_thuyet","0.95,0.95","0.95","","","",""
"SV1555","INT1003","L01","tich_hop","","","","9.47","0.96,5.41","0.96"
"SV1555","INT1002","L01","ly_thuyet","4.6,4.6","4.6","","","",""
"SV1556","INT1003","L01","tich_hop","","","","9.41","7.3,6.05","7.3"
"SV1556","INT1001","L01","tich_hop","","","","4.52","6.97,4.09","6.97"
"SV1556","GDTC101","L01","thuc_hanh","","","3.16,4.49,3.16","","",""
"SV1557","INT1001","L01","tich_hop","","","","8.1","2.96,4.55","2.96"
"SV1557","INT1002","L01","ly_thuyet","3.3,3.3","3.3","","","",""
"SV1558","INT1002","L01","ly_thuyet","6.22,6.22","6.22","","","",""
"SV1558","GDQP102","L01","ly_thuyet","2.11,2.11","2.11","","","",""
"SV1558","INT1001","L01","tich_hop","","","","3.45","7.64,4.96","7.64"
"SV1559","GDTC101","L01","thuc_hanh","","","9.43,9.54,9.43","","",""
"SV1559","GDQP102","L01","ly_thuyet","0.42,0.42","0.42","","","",""
"SV1559","INT1001","L01","tich_hop","","","","9.36","3.16,6.74","3.16"
"SV1559","INT1003","L01","tich_hop","","","","9.77","3.29,5.07","3.29"
"SV1560","INT1001","L01","tich_hop","","","","9.23","9.97,7.85","9.97"
"SV1560","GDTC101","L01","thuc_hanh","","","7.04,6.86,7.04","","",""
"SV1561","INT1002","L01","ly_thuyet","5.11,5.11","5.11","","","",""
"SV1561","GDQP102","L01","ly_thuyet","6.12,6.12","6.12","","","",""
"SV1561","INT1003","L01","tich_hop","","","","9.47","9.55,5.94","9.55"
"SV1562","INT1002","L01","ly_thuyet","9.86,9.86","9.86","","","",""
"SV1562","GDTC101","L01","thuc_hanh","","","9.43,5.07,9.43","","",""
"SV1563","INT1002","L01","ly_thuyet","6.31,6.31","6.31","","","",""
"SV1563","GDTC101","L01","thuc_hanh","","","5.23,0.56,5.23","","",""
"SV1563","INT1003","L01","tich_hop","","","","9.69","1.79,7.64","1.79"
"SV1564","INT1001","L01","tich_hop","","","","9.31","2.97,6.67","2.97"
"SV1564","INT1002","L01","ly_thuyet","3.12,3.12","3.12","","","",""
"SV1564","GDQP102","L01","ly_thuyet","7.56,7.56","7.56","","","",""
"SV1565","GDQP102","L01","ly_thuyet","1.66,1.66","1.66","","","",""
"SV1565","INT1001","L01","tich_hop","","","","3.86","3.72,4.99","3.72"
"SV1565","INT1002","L01","ly_thuyet","6.11,6.11","6.11","","","",""
"SV1565","GDTC101","L01","thuc_hanh","","","9.23,4.91,9.23","","",""
"SV1566","INT1002","L01","ly_thuyet","3.76,3.76","3.76","","","",""
"SV1566","GDTC101","L01","thuc_hanh","","","7.79,6.11,7.79","","",""
"SV1566","GDQP102","L01","ly_thuyet","2.23,2.23","2.23","","","",""
"SV1567","INT1001","L01","tich_hop","","","","6.92","7.14,8.31","7.14"
"SV1567","GDQP102","L01","ly_thuyet","1.31,1.31","1.31","","","",""
"SV1567","INT1002","L01","ly_thuyet","0.36,0.36","0.36","","","",""
"SV1567","INT1003","L01","tich_hop","","","","8.04","2.84,6.61","2.84"
"SV1568","GDTC101","L01","thuc_hanh","","","2.41,1.34,2.41","","",""
"SV1568","GDQP102","L01","ly_thuyet","2.25,2.25","2.25","","","",""
"SV1569","INT1003","L01","tich_hop","","","","5.87","5.86,5.18","5.86"
"SV1569","INT1001","L01","tich_hop","","","","4.13","0.52,5.88","0.52"
"SV1569","GDQP102","L01","ly_thuyet","8.5,8.5","8.5","","","",""
"SV1569","GDTC101","L01","thuc_hanh","","","2.36,5.39,2.36","","",""
"SV1570","GDQP102","L01","ly_thuyet","8.83,8.83","8.83","","","",""
"SV1570","INT1001","L01","tich_hop","","","","2.85","8.75,3.13","8.75"
"SV1571","GDTC101","L01","thuc_hanh","","","9.13,4.17,9.13","","",""
"SV1571","INT1002","L01","ly_thuyet","1.8,1.8","1.8","","","",""
"SV1572","GDQP102","L01","ly_thuyet","9.33,9.33","9.33","","","",""
"SV1572","INT1001","L01","tich_hop","","","","3.23","5.63,3.74","5.63"
"SV1573","INT1002","L01","ly_thuyet","9.71,9.71","9.71","","","",""
"SV1573","INT1001","L01","tich_hop","","","","7.95","1.64,8.81","1.64"
"SV1574","INT1001","L01","tich_hop","","","","8.77","6.34,7.71","6.34"
"SV1574","INT1002","L01","ly_thuyet","4.79,4.79","4.79","","","",""
"SV1574","GDTC101","L01","thuc_hanh","","","6.14,5.8,6.14","","",""
"SV1574","GDQP102","L01","ly_thuyet","8.87,8.87","8.87","","","",""
"SV1575","INT1001","L01","tich_hop","","","","9.33","1.26,4.76","1.26"
"SV1575","INT1002","L01","ly_thuyet","1.09,1.09","1.09","","","",""
"SV1575","GDTC101","L01","thuc_hanh","","","2.23,4.95,2.23","","",""
"SV1576","INT1003","L01","tich_hop","","","","7.63","7.04,4.1","7.04"
"SV1576","GDTC101","L01","thuc_hanh","","","4.74,8.16,4.74","","",""
"SV1576","GDQP102","L01","ly_thuyet","2.14,2.14","2.14","","","",""
"SV1577","INT1002","L01","ly_thuyet","6.24,6.24","6.24","","","",""
"SV1577","INT1003","L01","tich_hop","","","","2.93","0.58,6.78","0.58"
"SV1578","INT1001","L01","tich_hop","","","","3.28","1.83,3.95","1.83"
"SV1578","INT1003","L01","tich_hop","","","","6.67","7.87,7.11","7.87"
"SV1578","GDQP102","L01","ly_thuyet","2.61,2.61","2.61","","","",""
"SV1579","INT1002","L01","ly_thuyet","9.35,9.35","9.35","","","",""
"SV1579","INT1003","L01","tich_hop","","","","1.6","0.09,1.58","0.09"
"SV1580","INT1001","L01","tich_hop","","","","7.98","3.08,3.66","3.08"
"SV1580","INT1002","L01","ly_thuyet","7.01,7.01","7.01","","","",""
"SV1580","INT1003","L01","tich_hop","","","","1.42","0.39,6.26","0.39"
"SV1580","GDQP102","L01","ly_thuyet","3.13,3.13","3.13","","","",""
"SV1581","GDTC101","L01","thuc_hanh","","","9.64,2.04,9.64","","",""
"SV1581","GDQP102","L01","ly_thuyet","0.45,0.45","0.45","","","",""
"SV1581","INT1001","L01","tich_hop","","","","7","2.58,7.97","2.58"
"SV1581","INT1002","L01","ly_thuyet","1.88,1.88","1.88","","","",""
"SV1582","GDTC101","L01","thuc_hanh","","","2.54,7.75,2.54","","",""
"SV1582","INT1003","L01","tich_hop","","","","7.2","0.27,6.53","0.27"
"SV1582","INT1002","L01","ly_thuyet","0.26,0.26","0.26","","","",""
"SV1583","INT1002","L01","ly_thuyet","4.52,4.52","4.52","","","",""
"SV1583","INT1003","L01","tich_hop","","","","7.8","8.45,8.73","8.45"
"SV1584","INT1003","L01","tich_hop","","","","4.51","5.5,3.72","5.5"
"SV1584","INT1001","L01","tich_hop","","","","6.64","2.82,5.61","2.82"
"SV1585","GDTC101","L01","thuc_hanh","","","7.05,3.12,7.05","","",""
"SV1585","GDQP102","L01","ly_thuyet","0.04,0.04","0.04","","","",""
"SV1586","GDTC101","L01","thuc_hanh","","","6.79,5.49,6.79","","",""
"SV1586","INT1002","L01","ly_thuyet","9.74,9.74","9.74","","","",""
"SV1587","GDTC101","L01","thuc_hanh","","","9.84,8.54,9.84","","",""
"SV1587","INT1002","L01","ly_thuyet","8.61,8.61","8.61","","","",""
"SV1587","GDQP102","L01","ly_thuyet","9.6,9.6","9.6","","","",""
"SV1588","INT1001","L01","tich_hop","","","","4.53","2.5,5.42","2.5"
"SV1588","INT1002","L01","ly_thuyet","0.53,0.53","0.53","","","",""
"SV1589","GDQP102","L01","ly_thuyet","7.97,7.97","7.97","","","",""
"SV1589","INT1002","L01","ly_thuyet","7.35,7.35","7.35","","","",""
"SV1589","GDTC101","L01","thuc_hanh","","","5.48,6.49,5.48","","",""
"SV1589","INT1001","L01","tich_hop","","","","7.8","1.1,8.79","1.1"
"SV1590","GDQP102","L01","ly_thuyet","0.21,0.21","0.21","","","",""
"SV1590","INT1003","L01","tich_hop","","","","1.51","7.72,1.23","7.72"
"SV1591","INT1001","L01","tich_hop","","","","7.43","3.64,4.37","3.64"
"SV1591","GDTC101","L01","thuc_hanh","","","1.66,5.36,1.66","","",""
"SV1592","INT1002","L01","ly_thuyet","5.59,5.59","5.59","","","",""
"SV1592","GDTC101","L01","thuc_hanh","","","1.29,6.19,1.29","","",""
"SV1592","INT1003","L01","tich_hop","","","","6.07","8.18,8.12","8.18"
"SV1592","GDQP102","L01","ly_thuyet","7.75,7.75","7.75","","","",""
"SV1593","INT1001","L01","tich_hop","","","","8.47","0.57,7.99","0.57"
"SV1593","INT1003","L01","tich_hop","","","","6.03","1.09,6.12","1.09"
"SV1593","GDQP102","L01","ly_thuyet","0.22,0.22","0.22","","","",""
"SV1594","GDQP102","L01","ly_thuyet","7.48,7.48","7.48","","","",""
"SV1594","INT1002","L01","ly_thuyet","1.3,1.3","1.3","","","",""
"SV1594","GDTC101","L01","thuc_hanh","","","5.94,1.12,5.94","","",""
"SV1594","INT1001","L01","tich_hop","","","","2.87","5.37,7.55","5.37"
"SV1595","GDTC101","L01","thuc_hanh","","","8.22,5.04,8.22","","",""
"SV1595","INT1001","L01","tich_hop","","","","6.13","3.37,6.58","3.37"
"SV1595","GDQP102","L01","ly_thuyet","6.51,6.51","6.51","","","",""
"SV1596","GDQP102","L01","ly_thuyet","6.99,6.99","6.99","","","",""
"SV1596","INT1001","L01","tich_hop","","","","5.91","8.03,6.42","8.03"
"SV1597","INT1002","L01","ly_thuyet","2.11,2.11","2.11","","","",""
"SV1597","INT1001","L01","tich_hop","","","","1.69","8.32,1.43","8.32"
"SV1597","GDQP102","L01","ly_thuyet","8.63,8.63","8.63","","","",""
"SV1597","INT1003","L01","tich_hop","","","","9.03","6.5,4.81","6.5"
"SV1598","GDQP102","L01","ly_thuyet","4.31,4.31","4.31","","","",""
"SV1598","INT1001","L01","tich_hop","","","","4.01","0.82,6.95","0.82"
"SV1598","INT1002","L01","ly_thuyet","4.7,4.7","4.7","","","",""
"SV1599","GDTC101","L01","thuc_hanh","","","3.86,1.48,3.86","","",""
"SV1599","INT1002","L01","ly_thuyet","7.34,7.34","7.34","","","",""
"SV1600","GDQP102","L01","ly_thuyet","8.29,8.29","8.29","","","",""
"SV1600","INT1002","L01","ly_thuyet","7.7,7.7","7.7","","","",""
"SV1601","INT1003","L01","tich_hop","","","","8.07","4.61,5.48","4.61"
"SV1601","INT1002","L01","ly_thuyet","1.25,1.25","1.25","","","",""
"SV1602","GDTC101","L01","thuc_hanh","","","9.4,8.92,9.4","","",""
"SV1602","INT1001","L01","tich_hop","","","","4.31","9.17,3.63","9.17"
"SV1602","GDQP102","L01","ly_thuyet","3.48,3.48","3.48","","","",""
"SV1602","INT1003","L01","tich_hop","","","","7.01","3.12,5.17","3.12"
"SV1603","INT1001","L01","tich_hop","","","","3.93","9.43,7.24","9.43"
"SV1603","GDQP102","L01","ly_thuyet","2.33,2.33","2.33","","","",""
"SV1603","INT1003","L01","tich_hop","","","","9.44","2.76,8.28","2.76"
"SV1604","GDTC101","L01","thuc_hanh","","","3.23,0.18,3.23","","",""
"SV1604","INT1001","L01","tich_hop","","","","7.95","8.45,8.86","8.45"
"SV1605","INT1002","L01","ly_thuyet","8.34,8.34","8.34","","","",""
"SV1605","GDQP102","L01","ly_thuyet","1.75,1.75","1.75","","","",""
"SV1605","INT1003","L01","tich_hop","","","","2.04","1.62,5.97","1.62"
"SV1606","INT1003","L01","tich_hop","","","","5.96","1.72,4.44","1.72"
"SV1606","GDTC101","L01","thuc_hanh","","","4.83,0.3,4.83","","",""
"SV1606","INT1001","L01","tich_hop","","","","1.06","5.04,5.37","5.04"
"SV1606","GDQP102","L01","ly_thuyet","3.38,3.38","3.38","","","",""
"SV1607","GDTC101","L01","thuc_hanh","","","5.32,1.18,5.32","","",""
"SV1607","INT1002","L01","ly_thuyet","5.73,5.73","5.73","","","",""
"SV1607","INT1001","L01","tich_hop","","","","6.16","5.97,4.32","5.97"
"SV1607","INT1003","L01","tich_hop","","","","6.22","6.53,5.72","6.53"
"SV1608","INT1003","L01","tich_hop","","","","5.46","5.41,5.12","5.41"
"SV1608","GDTC101","L01","thuc_hanh","","","6.31,6.82,6.31","","",""
"SV1608","INT1002","L01","ly_thuyet","2.38,2.38","2.38","","","",""
"SV1609","INT1002","L01","ly_thuyet","8.22,8.22","8.22","","","",""
"SV1609","INT1003","L01","tich_hop","","","","4.58","3.52,7.64","3.52"
"SV1610","INT1003","L01","tich_hop","","","","7.85","2.63,6.47","2.63"
"SV1610","GDQP102","L01","ly_thuyet","5.13,5.13","5.13","","","",""
"SV1611","GDQP102","L01","ly_thuyet","2.31,2.31","2.31","","","",""
"SV1611","INT1001","L01","tich_hop","","","","6.65","1.08,3.33","1.08"
"SV1611","INT1003","L01","tich_hop","","","","7.1","2.41,6.64","2.41"
"SV1611","GDTC101","L01","thuc_hanh","","","3.42,8.96,3.42","","",""
"SV1612","INT1001","L01","tich_hop","","","","4.12","4.57,3.78","4.57"
"SV1612","INT1003","L01","tich_hop","","","","1.46","0.31,5.31","0.31"
"SV1612","INT1002","L01","ly_thuyet","1.33,1.33","1.33","","","",""
"SV1613","INT1003","L01","tich_hop","","","","5.09","8.66,3.75","8.66"
"SV1613","INT1002","L01","ly_thuyet","2.65,2.65","2.65","","","",""
"SV1613","GDQP102","L01","ly_thuyet","4.98,4.98","4.98","","","",""
"SV1613","INT1001","L01","tich_hop","","","","6.03","6.46,8.12","6.46"
"SV1614","INT1001","L01","tich_hop","","","","7.61","6.78,5.55","6.78"
"SV1614","INT1002","L01","ly_thuyet","4.72,4.72","4.72","","","",""
"SV1615","INT1002","L01","ly_thuyet","8.79,8.79","8.79","","","",""
"SV1615","GDQP102","L01","ly_thuyet","0.15,0.15","0.15","","","",""
"SV1615","INT1001","L01","tich_hop","","","","5.22","4.05,3.91","4.05"
"SV1616","INT1002","L01","ly_thuyet","1.19,1.19","1.19","","","",""
"SV1616","GDTC101","L01","thuc_hanh","","","9.11,1,9.11","","",""
"SV1616","GDQP102","L01","ly_thuyet","2.79,2.79","2.79","","","",""
"SV1616","INT1003","L01","tich_hop","","","","3.2","1.1,3.32","1.1"
"SV1617","GDTC101","L01","thuc_hanh","","","1.15,8.41,1.15","","",""
"SV1617","INT1001","L01","tich_hop","","","","5.51","4.47,8.2","4.47"
"SV1618","INT1003","L01","tich_hop","","","","4.74","4.63,3.65","4.63"
"SV1618","INT1002","L01","ly_thuyet","6.93,6.93","6.93","","","",""
"SV1619","INT1002","L01","ly_thuyet","4.78,4.78","4.78","","","",""
"SV1619","INT1003","L01","tich_hop","","","","1.48","1.25,2.19","1.25"
"SV1620","INT1001","L01","tich_hop","","","","6.35","1.92,7.26","1.92"
"SV1620","INT1002","L01","ly_thuyet","1.72,1.72","1.72","","","",""
"SV1621","INT1002","L01","ly_thuyet","0.54,0.54","0.54","","","",""
"SV1621","GDTC101","L01","thuc_hanh","","","4.64,1.05,4.64","","",""
"SV1621","GDQP102","L01","ly_thuyet","6.36,6.36","6.36","","","",""
"SV1622","INT1002","L01","ly_thuyet","8.42,8.42","8.42","","","",""
"SV1622","GDTC101","L01","thuc_hanh","","","1.06,3.3,1.06","","",""
"SV1622","INT1001","L01","tich_hop","","","","9.94","0.74,5.31","0.74"
"SV1623","INT1001","L01","tich_hop","","","","3.54","9.61,6.06","9.61"
"SV1623","INT1002","L01","ly_thuyet","2.98,2.98","2.98","","","",""
"SV1624","GDQP102","L01","ly_thuyet","4.45,4.45","4.45","","","",""
"SV1624","INT1003","L01","tich_hop","","","","9.19","2.18,4.89","2.18"
"SV1624","INT1002","L01","ly_thuyet","8.56,8.56","8.56","","","",""
"SV1625","GDQP102","L01","ly_thuyet","9,9","9","","","",""
"SV1625","GDTC101","L01","thuc_hanh","","","9.27,3.42,9.27","","",""
"SV1625","INT1001","L01","tich_hop","","","","5.35","3.7,6.75","3.7"
"SV1626","GDQP102","L01","ly_thuyet","5.12,5.12","5.12","","","",""
"SV1626","INT1001","L01","tich_hop","","","","9.39","5.8,9.1","5.8"
"SV1626","INT1002","L01","ly_thuyet","6.29,6.29","6.29","","","",""
"SV1627","GDTC101","L01","thuc_hanh","","","6.79,3.91,6.79","","",""
"SV1627","INT1003","L01","tich_hop","","","","9.64","5.53,7.03","5.53"
"SV1627","INT1002","L01","ly_thuyet","7.29,7.29","7.29","","","",""
"SV1627","GDQP102","L01","ly_thuyet","1.52,1.52","1.52","","","",""
"SV1628","INT1001","L01","tich_hop","","","","1.68","0.53,3.12","0.53"
"SV1628","GDTC101","L01","thuc_hanh","","","4.36,0.86,4.36","","",""
"SV1628","GDQP102","L01","ly_thuyet","9.11,9.11","9.11","","","",""
"SV1628","INT1002","L01","ly_thuyet","7.43,7.43","7.43","","","",""
"SV1629","GDTC101","L01","thuc_hanh","","","4.83,9.8,4.83","","",""
"SV1629","INT1002","L01","ly_thuyet","0.88,0.88","0.88","","","",""
"SV1629","INT1003","L01","tich_hop","","","","6.87","4.11,8.59","4.11"
"SV1630","INT1002","L01","ly_thuyet","6.83,6.83","6.83","","","",""
"SV1630","GDTC101","L01","thuc_hanh","","","2.38,2.05,2.38","","",""
"SV1631","GDTC101","L01","thuc_hanh","","","2.43,7.84,2.43","","",""
"SV1631","INT1001","L01","tich_hop","","","","4.66","5.38,6.37","5.38"
"SV1632","INT1001","L01","tich_hop","","","","7.13","1.87,6.2","1.87"
"SV1632","INT1003","L01","tich_hop","","","","4.33","0.62,3.02","0.62"
"SV1632","GDQP102","L01","ly_thuyet","7.22,7.22","7.22","","","",""
"SV1633","INT1001","L01","tich_hop","","","","3.97","3.54,4.71","3.54"
"SV1633","GDTC101","L01","thuc_hanh","","","8.95,1.21,8.95","","",""
"SV1634","INT1002","L01","ly_thuyet","2.1,2.1","2.1","","","",""
"SV1634","INT1003","L01","tich_hop","","","","8.31","6.9,8.23","6.9"
"SV1634","INT1001","L01","tich_hop","","","","6.72","0.98,7.28","0.98"
"SV1635","INT1003","L01","tich_hop","","","","6.12","5.38,7.06","5.38"
"SV1635","INT1001","L01","tich_hop","","","","1.48","2.27,5.01","2.27"
"SV1635","INT1002","L01","ly_thuyet","9.28,9.28","9.28","","","",""
"SV1636","INT1001","L01","tich_hop","","","","5.02","6.61,2.53","6.61"
"SV1636","GDQP102","L01","ly_thuyet","8.95,8.95","8.95","","","",""
"SV1636","INT1003","L01","tich_hop","","","","3.45","6.49,3.42","6.49"
"SV1637","INT1003","L01","tich_hop","","","","7.4","6.23,5.8","6.23"
"SV1637","INT1001","L01","tich_hop","","","","5.84","3.35,2.81","3.35"
"SV1637","GDQP102","L01","ly_thuyet","5.94,5.94","5.94","","","",""
"SV1638","INT1001","L01","tich_hop","","","","9.78","9.7,9.15","9.7"
"SV1638","INT1003","L01","tich_hop","","","","5.54","6.36,5.54","6.36"
"SV1638","GDTC101","L01","thuc_hanh","","","6.47,0.26,6.47","","",""
"SV1639","INT1002","L01","ly_thuyet","1.6,1.6","1.6","","","",""
"SV1639","GDTC101","L01","thuc_hanh","","","2.83,0.63,2.83","","",""
"SV1639","GDQP102","L01","ly_thuyet","6.47,6.47","6.47","","","",""
"SV1640","INT1003","L01","tich_hop","","","","8.99","3.18,5.79","3.18"
"SV1640","GDTC101","L01","thuc_hanh","","","9.9,4.09,9.9","","",""
"SV1640","GDQP102","L01","ly_thuyet","2.19,2.19","2.19","","","",""
"SV1640","INT1001","L01","tich_hop","","","","4.74","1.2,6.53","1.2"
"SV1641","INT1002","L01","ly_thuyet","0.88,0.88","0.88","","","",""
"SV1641","GDQP102","L01","ly_thuyet","4.96,4.96","4.96","","","",""
"SV1642","GDTC101","L01","thuc_hanh","","","3.94,0.88,3.94","","",""
"SV1642","INT1002","L01","ly_thuyet","6.15,6.15","6.15","","","",""
"SV1642","INT1001","L01","tich_hop","","","","6.1","0.38,6.91","0.38"
"SV1643","GDQP102","L01","ly_thuyet","3.39,3.39","3.39","","","",""
"SV1643","INT1002","L01","ly_thuyet","7.2,7.2","7.2","","","",""
"SV1643","INT1001","L01","tich_hop","","","","1.7","8.21,3.52","8.21"
"SV1644","INT1002","L01","ly_thuyet","9.8,9.8","9.8","","","",""
"SV1644","GDQP102","L01","ly_thuyet","8.02,8.02","8.02","","","",""
"SV1644","INT1001","L01","tich_hop","","","","7.03","2.95,5.11","2.95"
"SV1645","INT1002","L01","ly_thuyet","6.08,6.08","6.08","","","",""
"SV1645","GDQP102","L01","ly_thuyet","9.72,9.72","9.72","","","",""
"SV1645","INT1001","L01","tich_hop","","","","5.15","4.53,4.17","4.53"
"SV1646","INT1002","L01","ly_thuyet","4.87,4.87","4.87","","","",""
"SV1646","INT1003","L01","tich_hop","","","","1.53","8.31,4.48","8.31"
"SV1646","GDTC101","L01","thuc_hanh","","","8.97,3.25,8.97","","",""
"SV1647","INT1002","L01","ly_thuyet","1.92,1.92","1.92","","","",""
"SV1647","INT1003","L01","tich_hop","","","","2.29","8.42,3.92","8.42"
"SV1647","GDTC101","L01","thuc_hanh","","","8.34,9.61,8.34","","",""
"SV1647","INT1001","L01","tich_hop","","","","6.76","8.42,5.04","8.42"
"SV1648","INT1003","L01","tich_hop","","","","9.68","1.65,5.92","1.65"
"SV1648","INT1002","L01","ly_thuyet","9.92,9.92","9.92","","","",""
"SV1648","GDTC101","L01","thuc_hanh","","","6.96,1.09,6.96","","",""
"SV1649","GDQP102","L01","ly_thuyet","1.59,1.59","1.59","","","",""
"SV1649","GDTC101","L01","thuc_hanh","","","5.5,5.48,5.5","","",""
"SV1650","INT1002","L01","ly_thuyet","6.34,6.34","6.34","","","",""
"SV1650","INT1003","L01","tich_hop","","","","5.08","5.42,6.02","5.42"
"SV1650","GDTC101","L01","thuc_hanh","","","2.03,8.47,2.03","","",""
"SV1650","INT1001","L01","tich_hop","","","","3.9","3.15,3.37","3.15"
"SV1651","INT1001","L01","tich_hop","","","","5.29","9.31,3.77","9.31"
"SV1651","GDTC101","L01","thuc_hanh","","","2.14,3.73,2.14","","",""
"SV1651","INT1002","L01","ly_thuyet","9.8,9.8","9.8","","","",""
"SV1652","INT1002","L01","ly_thuyet","6.01,6.01","6.01","","","",""
"SV1652","INT1003","L01","tich_hop","","","","1.55","3.05,4.35","3.05"
"SV1653","INT1003","L01","tich_hop","","","","5.11","1.15,6.31","1.15"
"SV1653","INT1001","L01","tich_hop","","","","9.3","9.14,9.7","9.14"
"SV1653","GDQP102","L01","ly_thuyet","8.86,8.86","8.86","","","",""
"SV1653","GDTC101","L01","thuc_hanh","","","8.62,4.63,8.62","","",""
"SV1654","GDTC101","L01","thuc_hanh","","","1.83,0.59,1.83","","",""
"SV1654","INT1003","L01","tich_hop","","","","3.63","9.28,6.08","9.28"
"SV1654","INT1001","L01","tich_hop","","","","5","7.24,6.15","7.24"
"SV1655","GDQP102","L01","ly_thuyet","5.39,5.39","5.39","","","",""
"SV1655","INT1001","L01","tich_hop","","","","6.52","1.96,7.68","1.96"
"SV1655","GDTC101","L01","thuc_hanh","","","5.78,9.39,5.78","","",""
"SV1656","INT1001","L01","tich_hop","","","","4.29","5.23,2.66","5.23"
"SV1656","INT1003","L01","tich_hop","","","","1.01","6.41,2.91","6.41"
"SV1657","INT1003","L01","tich_hop","","","","1.88","6.29,1.91","6.29"
"SV1657","INT1002","L01","ly_thuyet","9.29,9.29","9.29","","","",""
"SV1657","GDQP102","L01","ly_thuyet","3.89,3.89","3.89","","","",""
"SV1657","INT1001","L01","tich_hop","","","","8.42","2.59,5.09","2.59"
"SV1658","GDTC101","L01","thuc_hanh","","","5.12,7.79,5.12","","",""
"SV1658","GDQP102","L01","ly_thuyet","7.69,7.69","7.69","","","",""
"SV1658","INT1001","L01","tich_hop","","","","5.98","0.43,5.27","0.43"
"SV1659","INT1001","L01","tich_hop","","","","8.92","9.33,8.21","9.33"
"SV1659","GDQP102","L01","ly_thuyet","2,2","2","","","",""
"SV1660","INT1003","L01","tich_hop","","","","6.77","3.66,8.27","3.66"
"SV1660","GDQP102","L01","ly_thuyet","0.01,0.01","0.01","","","",""
"SV1661","INT1001","L01","tich_hop","","","","7.3","2.59,5.88","2.59"
"SV1661","GDTC101","L01","thuc_hanh","","","1.05,6.77,1.05","","",""
"SV1661","GDQP102","L01","ly_thuyet","1.18,1.18","1.18","","","",""
"SV1662","GDQP102","L01","ly_thuyet","6.59,6.59","6.59","","","",""
"SV1662","INT1002","L01","ly_thuyet","0.32,0.32","0.32","","","",""
"SV1662","INT1003","L01","tich_hop","","","","1.79","1.23,2.8","1.23"
"SV1662","INT1001","L01","tich_hop","","","","8.55","6.09,4.36","6.09"
"SV1663","GDQP102","L01","ly_thuyet","4.38,4.38","4.38","","","",""
"SV1663","INT1001","L01","tich_hop","","","","3.79","8.36,5.59","8.36"
"SV1663","INT1002","L01","ly_thuyet","5.5,5.5","5.5","","","",""
"SV1663","INT1003","L01","tich_hop","","","","6.28","5.94,7.42","5.94"
"SV1664","GDTC101","L01","thuc_hanh","","","3.31,1.33,3.31","","",""
"SV1664","INT1003","L01","tich_hop","","","","6.35","4.03,8.26","4.03"
"SV1664","INT1001","L01","tich_hop","","","","4.26","5.31,5.01","5.31"
"SV1665","GDQP102","L01","ly_thuyet","4.06,4.06","4.06","","","",""
"SV1665","GDTC101","L01","thuc_hanh","","","3.51,6.06,3.51","","",""
"SV1666","INT1002","L01","ly_thuyet","7.68,7.68","7.68","","","",""
"SV1666","INT1003","L01","tich_hop","","","","4.01","2.46,7.05","2.46"
"SV1666","INT1001","L01","tich_hop","","","","6.01","7,3.56","7"
"SV1667","INT1001","L01","tich_hop","","","","9.19","2.93,6.49","2.93"
"SV1667","GDTC101","L01","thuc_hanh","","","5.73,2.16,5.73","","",""
"SV1667","GDQP102","L01","ly_thuyet","6.95,6.95","6.95","","","",""
"SV1668","INT1002","L01","ly_thuyet","6.51,6.51","6.51","","","",""
"SV1668","GDQP102","L01","ly_thuyet","8.94,8.94","8.94","","","",""
"SV1668","GDTC101","L01","thuc_hanh","","","2.39,9.4,2.39","","",""
"SV1669","GDTC101","L01","thuc_hanh","","","2.67,0.65,2.67","","",""
"SV1669","INT1001","L01","tich_hop","","","","4.97","9.25,3.32","9.25"
"SV1669","INT1002","L01","ly_thuyet","3.58,3.58","3.58","","","",""
"SV1670","INT1002","L01","ly_thuyet","0.4,0.4","0.4","","","",""
"SV1670","GDTC101","L01","thuc_hanh","","","4.24,1.38,4.24","","",""
"SV1670","INT1001","L01","tich_hop","","","","1.77","3.78,5.6","3.78"
"SV1671","INT1001","L01","tich_hop","","","","6.87","4.17,5.84","4.17"
"SV1671","INT1002","L01","ly_thuyet","7.6,7.6","7.6","","","",""
"SV1671","INT1003","L01","tich_hop","","","","4.09","8.08,4.19","8.08"
"SV1672","GDTC101","L01","thuc_hanh","","","5.87,4.79,5.87","","",""
"SV1672","INT1003","L01","tich_hop","","","","9.97","8.22,7.46","8.22"
"SV1672","GDQP102","L01","ly_thuyet","6.97,6.97","6.97","","","",""
"SV1672","INT1002","L01","ly_thuyet","0.74,0.74","0.74","","","",""
"SV1673","INT1001","L01","tich_hop","","","","2.9","1.45,5.53","1.45"
"SV1673","INT1003","L01","tich_hop","","","","8.55","3.2,6.55","3.2"
"SV1673","GDQP102","L01","ly_thuyet","0.58,0.58","0.58","","","",""
"SV1674","GDQP102","L01","ly_thuyet","5.3,5.3","5.3","","","",""
"SV1674","INT1001","L01","tich_hop","","","","7.23","3.44,3.66","3.44"
"SV1674","INT1003","L01","tich_hop","","","","9.23","1.2,8.49","1.2"
"SV1675","INT1003","L01","tich_hop","","","","3.08","0.68,6.16","0.68"
"SV1675","GDTC101","L01","thuc_hanh","","","8.63,2.68,8.63","","",""
"SV1675","INT1002","L01","ly_thuyet","9.64,9.64","9.64","","","",""
"SV1675","GDQP102","L01","ly_thuyet","4.99,4.99","4.99","","","",""
"SV1676","GDQP102","L01","ly_thuyet","6.04,6.04","6.04","","","",""
"SV1676","INT1002","L01","ly_thuyet","1.79,1.79","1.79","","","",""
"SV1676","GDTC101","L01","thuc_hanh","","","5.92,6.41,5.92","","",""
"SV1676","INT1003","L01","tich_hop","","","","9.85","6.88,8.26","6.88"
"SV1677","INT1003","L01","tich_hop","","","","9.22","9.46,8.85","9.46"
"SV1677","GDQP102","L01","ly_thuyet","2.93,2.93","2.93","","","",""
"SV1677","GDTC101","L01","thuc_hanh","","","1.3,7.45,1.3","","",""
"SV1677","INT1002","L01","ly_thuyet","5.69,5.69","5.69","","","",""
"SV1678","INT1002","L01","ly_thuyet","9.67,9.67","9.67","","","",""
"SV1678","GDQP102","L01","ly_thuyet","2.49,2.49","2.49","","","",""
"SV1678","INT1003","L01","tich_hop","","","","9.65","9.57,7.01","9.57"
"SV1679","INT1003","L01","tich_hop","","","","7.29","4.64,3.82","4.64"
"SV1679","INT1001","L01","tich_hop","","","","7.77","9.77,6.36","9.77"
"SV1679","GDTC101","L01","thuc_hanh","","","3.24,3.43,3.24","","",""
"SV1679","INT1002","L01","ly_thuyet","9.74,9.74","9.74","","","",""
"SV1680","GDTC101","L01","thuc_hanh","","","9.09,3.5,9.09","","",""
"SV1680","INT1003","L01","tich_hop","","","","5.94","5.37,7.3","5.37"
"SV1680","INT1001","L01","tich_hop","","","","3.5","5,2.02","5"
"SV1680","GDQP102","L01","ly_thuyet","2.04,2.04","2.04","","","",""
"SV1681","INT1001","L01","tich_hop","","","","3.33","9.02,3.19","9.02"
"SV1681","GDTC101","L01","thuc_hanh","","","6.2,9.81,6.2","","",""
"SV1682","INT1002","L01","ly_thuyet","0.29,0.29","0.29","","","",""
"SV1682","GDQP102","L01","ly_thuyet","8.26,8.26","8.26","","","",""
"SV1682","INT1003","L01","tich_hop","","","","9.83","9.99,6.21","9.99"
"SV1683","INT1003","L01","tich_hop","","","","6.28","7.52,3.7","7.52"
"SV1683","GDQP102","L01","ly_thuyet","2.97,2.97","2.97","","","",""
"SV1684","INT1002","L01","ly_thuyet","0.63,0.63","0.63","","","",""
"SV1684","GDTC101","L01","thuc_hanh","","","9.73,7.16,9.73","","",""
"SV1684","INT1003","L01","tich_hop","","","","6.6","9.93,7.72","9.93"
"SV1685","INT1002","L01","ly_thuyet","6.68,6.68","6.68","","","",""
"SV1685","INT1001","L01","tich_hop","","","","5.07","5.67,7.99","5.67"
"SV1686","INT1003","L01","tich_hop","","","","2.04","6.61,5.2","6.61"
"SV1686","INT1002","L01","ly_thuyet","0.24,0.24","0.24","","","",""
"SV1687","INT1002","L01","ly_thuyet","8.4,8.4","8.4","","","",""
"SV1687","INT1003","L01","tich_hop","","","","7.48","4.89,7.87","4.89"
"SV1687","INT1001","L01","tich_hop","","","","9.92","1.81,5.62","1.81"
"SV1688","GDQP102","L01","ly_thuyet","4.12,4.12","4.12","","","",""
"SV1688","INT1002","L01","ly_thuyet","4.54,4.54","4.54","","","",""
"SV1688","GDTC101","L01","thuc_hanh","","","8.44,6.81,8.44","","",""
"SV1689","INT1002","L01","ly_thuyet","7.38,7.38","7.38","","","",""
"SV1689","INT1003","L01","tich_hop","","","","7.8","2.11,5.41","2.11"
"SV1689","INT1001","L01","tich_hop","","","","9.35","8.66,4.85","8.66"
"SV1690","INT1003","L01","tich_hop","","","","3.65","8.97,6.54","8.97"
"SV1690","INT1001","L01","tich_hop","","","","9.17","7.24,4.29","7.24"
"SV1690","INT1002","L01","ly_thuyet","4.68,4.68","4.68","","","",""
"SV1691","GDTC101","L01","thuc_hanh","","","9.12,8.69,9.12","","",""
"SV1691","GDQP102","L01","ly_thuyet","5.33,5.33","5.33","","","",""
"SV1691","INT1002","L01","ly_thuyet","2.29,2.29","2.29","","","",""
"SV1691","INT1001","L01","tich_hop","","","","9.64","0.86,7.47","0.86"
"SV1692","GDQP102","L01","ly_thuyet","5.12,5.12","5.12","","","",""
"SV1692","GDTC101","L01","thuc_hanh","","","1.51,1.84,1.51","","",""
"SV1693","INT1001","L01","tich_hop","","","","4.21","8.47,3.1","8.47"
"SV1693","INT1003","L01","tich_hop","","","","2.75","9.12,3.57","9.12"
"SV1694","INT1001","L01","tich_hop","","","","6.83","8.11,8.18","8.11"
"SV1694","INT1002","L01","ly_thuyet","4.32,4.32","4.32","","","",""
"SV1695","INT1002","L01","ly_thuyet","6.6,6.6","6.6","","","",""
"SV1695","INT1001","L01","tich_hop","","","","1.22","1.03,3.34","1.03"
"SV1695","INT1003","L01","tich_hop","","","","3.94","4.86,5.82","4.86"
"SV1695","GDTC101","L01","thuc_hanh","","","9.01,7.31,9.01","","",""
"SV1696","GDQP102","L01","ly_thuyet","7.43,7.43","7.43","","","",""
"SV1696","INT1003","L01","tich_hop","","","","6.93","9.81,6.35","9.81"
"SV1696","GDTC101","L01","thuc_hanh","","","4.46,8.98,4.46","","",""
"SV1696","INT1001","L01","tich_hop","","","","5.38","0.21,4.82","0.21"
"SV1697","INT1002","L01","ly_thuyet","1.63,1.63","1.63","","","",""
"SV1697","GDTC101","L01","thuc_hanh","","","1.52,9.31,1.52","","",""
"SV1697","INT1001","L01","tich_hop","","","","7.88","1.9,6.18","1.9"
"SV1698","INT1002","L01","ly_thuyet","5.5,5.5","5.5","","","",""
"SV1698","GDTC101","L01","thuc_hanh","","","8.09,2.55,8.09","","",""
"SV1698","INT1001","L01","tich_hop","","","","9.46","4.29,7.99","4.29"
"SV1699","GDQP102","L01","ly_thuyet","0.82,0.82","0.82","","","",""
"SV1699","INT1001","L01","tich_hop","","","","1.91","2.29,4.93","2.29"
"SV1699","INT1003","L01","tich_hop","","","","2.69","1.05,5.65","1.05"
"SV1699","GDTC101","L01","thuc_hanh","","","2.5,3.85,2.5","","",""
"SV1700","INT1003","L01","tich_hop","","","","7.22","1.54,4.83","1.54"
"SV1700","GDQP102","L01","ly_thuyet","9.56,9.56","9.56","","","",""
"SV1700","INT1001","L01","tich_hop","","","","5.05","0.07,5.22","0.07"
"SV1701","GDQP102","L01","ly_thuyet","2.61,2.61","2.61","","","",""
"SV1701","INT1003","L01","tich_hop","","","","4.81","0.7,5.75","0.7"
"SV1701","INT1001","L01","tich_hop","","","","2.79","0.32,5.85","0.32"
"SV1701","INT1002","L01","ly_thuyet","7.75,7.75","7.75","","","",""
"SV1702","INT1002","L01","ly_thuyet","9.9,9.9","9.9","","","",""
"SV1702","GDQP102","L01","ly_thuyet","6.72,6.72","6.72","","","",""
"SV1702","GDTC101","L01","thuc_hanh","","","6.81,6.63,6.81","","",""
"SV1703","INT1002","L01","ly_thuyet","2.65,2.65","2.65","","","",""
"SV1703","GDTC101","L01","thuc_hanh","","","9.36,7.01,9.36","","",""
"SV1704","INT1001","L01","tich_hop","","","","6.67","1.95,7.68","1.95"
"SV1704","GDQP102","L01","ly_thuyet","8.13,8.13","8.13","","","",""
"SV1705","GDQP102","L01","ly_thuyet","7.41,7.41","7.41","","","",""
"SV1705","INT1001","L01","tich_hop","","","","2.17","3.35,4.63","3.35"
"SV1705","INT1003","L01","tich_hop","","","","3.91","3.81,5.39","3.81"
"SV1705","GDTC101","L01","thuc_hanh","","","6.24,2.02,6.24","","",""
"SV1706","INT1002","L01","ly_thuyet","2.17,2.17","2.17","","","",""
"SV1706","INT1003","L01","tich_hop","","","","7.37","1.37,5.78","1.37"
"SV1706","GDQP102","L01","ly_thuyet","7.43,7.43","7.43","","","",""
"SV1706","GDTC101","L01","thuc_hanh","","","3.13,0.99,3.13","","",""
"SV1707","GDTC101","L01","thuc_hanh","","","8.75,0.76,8.75","","",""
"SV1707","INT1001","L01","tich_hop","","","","1.17","7.33,4.58","7.33"
"SV1707","INT1002","L01","ly_thuyet","8.08,8.08","8.08","","","",""
"SV1707","GDQP102","L01","ly_thuyet","9.52,9.52","9.52","","","",""
"SV1708","INT1002","L01","ly_thuyet","5.1,5.1","5.1","","","",""
"SV1708","GDTC101","L01","thuc_hanh","","","5.59,8.24,5.59","","",""
"SV1709","INT1001","L01","tich_hop","","","","8.88","8.37,8.81","8.37"
"SV1709","GDTC101","L01","thuc_hanh","","","1.38,0.29,1.38","","",""
"SV1710","INT1002","L01","ly_thuyet","5.1,5.1","5.1","","","",""
"SV1710","INT1003","L01","tich_hop","","","","3.63","6.21,5.53","6.21"
"SV1710","INT1001","L01","tich_hop","","","","1.66","2.65,1.46","2.65"
"SV1711","INT1001","L01","tich_hop","","","","1.69","4.72,5.72","4.72"
"SV1711","GDTC101","L01","thuc_hanh","","","7.17,8.45,7.17","","",""
"SV1711","GDQP102","L01","ly_thuyet","4.1,4.1","4.1","","","",""
"SV1711","INT1002","L01","ly_thuyet","5.94,5.94","5.94","","","",""
"SV1712","INT1001","L01","tich_hop","","","","8.52","5.77,8.19","5.77"
"SV1712","GDQP102","L01","ly_thuyet","8.41,8.41","8.41","","","",""
"SV1712","GDTC101","L01","thuc_hanh","","","9.5,9.56,9.5","","",""
"SV1713","GDTC101","L01","thuc_hanh","","","5.94,4.01,5.94","","",""
"SV1713","INT1003","L01","tich_hop","","","","3.08","2.47,3.15","2.47"
"SV1714","INT1003","L01","tich_hop","","","","2.74","8.02,3.18","8.02"
"SV1714","INT1001","L01","tich_hop","","","","8.84","8.48,4.83","8.48"
"SV1714","GDTC101","L01","thuc_hanh","","","7.02,7.57,7.02","","",""
"SV1715","GDTC101","L01","thuc_hanh","","","4.32,2.97,4.32","","",""
"SV1715","GDQP102","L01","ly_thuyet","1.97,1.97","1.97","","","",""
"SV1715","INT1002","L01","ly_thuyet","8.74,8.74","8.74","","","",""
"SV1715","INT1001","L01","tich_hop","","","","3.64","6.01,2.01","6.01"
"SV1716","INT1001","L01","tich_hop","","","","3.96","7.53,3.72","7.53"
"SV1716","GDTC101","L01","thuc_hanh","","","9.26,9.04,9.26","","",""
"SV1717","GDQP102","L01","ly_thuyet","5.86,5.86","5.86","","","",""
"SV1717","GDTC101","L01","thuc_hanh","","","2.31,2.51,2.31","","",""
"SV1717","INT1003","L01","tich_hop","","","","9.95","8.93,4.87","8.93"
"SV1717","INT1001","L01","tich_hop","","","","3.46","0.36,4.59","0.36"
"SV1718","INT1001","L01","tich_hop","","","","5.91","8.21,6.82","8.21"
"SV1718","GDTC101","L01","thuc_hanh","","","2.92,0.44,2.92","","",""
"SV1719","INT1003","L01","tich_hop","","","","4.28","3.55,4.76","3.55"
"SV1719","GDQP102","L01","ly_thuyet","2.8,2.8","2.8","","","",""
"SV1720","GDQP102","L01","ly_thuyet","7.53,7.53","7.53","","","",""
"SV1720","GDTC101","L01","thuc_hanh","","","1.42,0.69,1.42","","",""
"SV1720","INT1001","L01","tich_hop","","","","1.13","9.08,1.26","9.08"
"SV1720","INT1003","L01","tich_hop","","","","4.39","6.48,5.06","6.48"
"SV1721","GDTC101","L01","thuc_hanh","","","7.6,5.36,7.6","","",""
"SV1721","INT1002","L01","ly_thuyet","6.06,6.06","6.06","","","",""
"SV1722","INT1001","L01","tich_hop","","","","2.84","7.43,6.67","7.43"
"SV1722","INT1002","L01","ly_thuyet","5.58,5.58","5.58","","","",""
"SV1722","GDQP102","L01","ly_thuyet","5.9,5.9","5.9","","","",""
"SV1722","INT1003","L01","tich_hop","","","","2.89","0.97,5.41","0.97"
"SV1723","INT1001","L01","tich_hop","","","","7.84","1.4,8.98","1.4"
"SV1723","INT1003","L01","tich_hop","","","","1.61","8.51,4.11","8.51"
"SV1724","INT1001","L01","tich_hop","","","","2.67","7.71,4.02","7.71"
"SV1724","GDQP102","L01","ly_thuyet","5.6,5.6","5.6","","","",""
"SV1724","GDTC101","L01","thuc_hanh","","","6.64,2.48,6.64","","",""
"SV1725","GDQP102","L01","ly_thuyet","1.05,1.05","1.05","","","",""
"SV1725","INT1001","L01","tich_hop","","","","3.27","2.01,7.61","2.01"
"SV1725","INT1003","L01","tich_hop","","","","4.22","6.67,3.6","6.67"
"SV1726","INT1002","L01","ly_thuyet","7.91,7.91","7.91","","","",""
"SV1726","INT1003","L01","tich_hop","","","","9.59","1.13,6.32","1.13"
"SV1727","INT1003","L01","tich_hop","","","","9.05","0.36,7.12","0.36"
"SV1727","INT1002","L01","ly_thuyet","8.07,8.07","8.07","","","",""
"SV1727","INT1001","L01","tich_hop","","","","3.74","4.05,7.48","4.05"
"SV1728","GDQP102","L01","ly_thuyet","3.12,3.12","3.12","","","",""
"SV1728","INT1002","L01","ly_thuyet","6.51,6.51","6.51","","","",""
"SV1728","INT1001","L01","tich_hop","","","","4.55","6.34,4.04","6.34"
"SV1729","GDQP102","L01","ly_thuyet","1.14,1.14","1.14","","","",""
"SV1729","INT1002","L01","ly_thuyet","0.79,0.79","0.79","","","",""
"SV1730","INT1001","L01","tich_hop","","","","8.73","1.62,5.02","1.62"
"SV1730","GDTC101","L01","thuc_hanh","","","1.6,6.88,1.6","","",""
"SV1730","INT1003","L01","tich_hop","","","","3.28","0.69,5.68","0.69"
"SV1731","GDQP102","L01","ly_thuyet","3.79,3.79","3.79","","","",""
"SV1731","INT1002","L01","ly_thuyet","0.94,0.94","0.94","","","",""
"SV1731","INT1003","L01","tich_hop","","","","8.12","2.4,4.07","2.4"
"SV1732","INT1003","L01","tich_hop","","","","8.9","5.03,8.18","5.03"
"SV1732","GDQP102","L01","ly_thuyet","4.92,4.92","4.92","","","",""
"SV1733","INT1001","L01","tich_hop","","","","8.12","7.75,9.23","7.75"
"SV1733","INT1002","L01","ly_thuyet","7.75,7.75","7.75","","","",""
"SV1733","GDTC101","L01","thuc_hanh","","","4.8,8.51,4.8","","",""
"SV1734","INT1002","L01","ly_thuyet","8.54,8.54","8.54","","","",""
"SV1734","GDTC101","L01","thuc_hanh","","","2.33,4.11,2.33","","",""
"SV1735","GDTC101","L01","thuc_hanh","","","3.47,2.1,3.47","","",""
"SV1735","INT1001","L01","tich_hop","","","","8.68","0.02,5.03","0.02"
"SV1735","INT1003","L01","tich_hop","","","","1.28","8.15,1.52","8.15"
"SV1735","GDQP102","L01","ly_thuyet","5.66,5.66","5.66","","","",""
"SV1736","INT1003","L01","tich_hop","","","","4.37","9.33,5.36","9.33"
"SV1736","INT1001","L01","tich_hop","","","","1.78","0.39,4.48","0.39"
"SV1736","INT1002","L01","ly_thuyet","2.02,2.02","2.02","","","",""
"SV1736","GDTC101","L01","thuc_hanh","","","1,3.76,1","","",""
"SV1737","GDQP102","L01","ly_thuyet","8.97,8.97","8.97","","","",""
"SV1737","INT1003","L01","tich_hop","","","","5.23","2.32,4.11","2.32"
"SV1738","INT1001","L01","tich_hop","","","","9.7","0.28,4.21","0.28"
"SV1738","GDQP102","L01","ly_thuyet","2.29,2.29","2.29","","","",""
"SV1738","INT1003","L01","tich_hop","","","","9.83","0.47,6.87","0.47"
"SV1739","INT1003","L01","tich_hop","","","","4.67","2.18,6.63","2.18"
"SV1739","INT1002","L01","ly_thuyet","6.47,6.47","6.47","","","",""
"SV1739","GDTC101","L01","thuc_hanh","","","2.8,6.9,2.8","","",""
"SV1740","GDTC101","L01","thuc_hanh","","","1.79,0.18,1.79","","",""
"SV1740","INT1001","L01","tich_hop","","","","3.94","2.6,5.25","2.6"
"SV1740","GDQP102","L01","ly_thuyet","8.35,8.35","8.35","","","",""
"SV1740","INT1003","L01","tich_hop","","","","5.15","8.75,6.5","8.75"
"SV1741","GDTC101","L01","thuc_hanh","","","2.92,8.88,2.92","","",""
"SV1741","INT1002","L01","ly_thuyet","2.3,2.3","2.3","","","",""
"SV1741","GDQP102","L01","ly_thuyet","7,7","7","","","",""
"SV1742","GDTC101","L01","thuc_hanh","","","2.71,0.37,2.71","","",""
"SV1742","INT1001","L01","tich_hop","","","","2.91","3.96,7.47","3.96"
"SV1743","INT1003","L01","tich_hop","","","","2.65","5.42,3.1","5.42"
"SV1743","GDTC101","L01","thuc_hanh","","","6.96,6.16,6.96","","",""
"SV1743","INT1002","L01","ly_thuyet","6.03,6.03","6.03","","","",""
"SV1744","INT1001","L01","tich_hop","","","","4.44","6.81,2.16","6.81"
"SV1744","GDQP102","L01","ly_thuyet","3.95,3.95","3.95","","","",""
"SV1744","GDTC101","L01","thuc_hanh","","","3.27,6.89,3.27","","",""
"SV1745","INT1002","L01","ly_thuyet","6.91,6.91","6.91","","","",""
"SV1745","INT1001","L01","tich_hop","","","","4.85","5.73,3.56","5.73"
"SV1746","INT1001","L01","tich_hop","","","","9.23","7.12,4.75","7.12"
"SV1746","GDTC101","L01","thuc_hanh","","","4.75,5.9,4.75","","",""
"SV1747","INT1002","L01","ly_thuyet","2.43,2.43","2.43","","","",""
"SV1747","INT1001","L01","tich_hop","","","","5.76","9.57,5.37","9.57"
"SV1748","INT1003","L01","tich_hop","","","","9.04","3.33,4.47","3.33"
"SV1748","INT1002","L01","ly_thuyet","9.6,9.6","9.6","","","",""
"SV1748","GDTC101","L01","thuc_hanh","","","7.2,0.77,7.2","","",""
"SV1748","GDQP102","L01","ly_thuyet","3.01,3.01","3.01","","","",""
"SV1749","GDQP102","L01","ly_thuyet","6.69,6.69","6.69","","","",""
"SV1749","INT1001","L01","tich_hop","","","","1.89","1.52,2.87","1.52"
"SV1749","GDTC101","L01","thuc_hanh","","","8.15,4.32,8.15","","",""
"SV1750","GDQP102","L01","ly_thuyet","0.21,0.21","0.21","","","",""
"SV1750","INT1003","L01","tich_hop","","","","5.22","7.97,3.08","7.97"
"SV1751","GDTC101","L01","thuc_hanh","","","9.79,5.85,9.79","","",""
"SV1751","INT1001","L01","tich_hop","","","","3.02","6.03,5.83","6.03"
"SV1752","GDTC101","L01","thuc_hanh","","","9.98,6.78,9.98","","",""
"SV1752","INT1001","L01","tich_hop","","","","3.36","9.69,2.83","9.69"
"SV1753","INT1002","L01","ly_thuyet","9.66,9.66","9.66","","","",""
"SV1753","GDTC101","L01","thuc_hanh","","","8.42,9.5,8.42","","",""
"SV1754","INT1003","L01","tich_hop","","","","2.97","9.93,5.73","9.93"
"SV1754","GDTC101","L01","thuc_hanh","","","5.2,1.35,5.2","","",""
"SV1754","GDQP102","L01","ly_thuyet","0.64,0.64","0.64","","","",""
"SV1754","INT1001","L01","tich_hop","","","","2.7","7.49,2.61","7.49"
"SV1755","INT1002","L01","ly_thuyet","1.81,1.81","1.81","","","",""
"SV1755","INT1001","L01","tich_hop","","","","1.83","8.9,6.65","8.9"
"SV1755","INT1003","L01","tich_hop","","","","3.65","1.19,4.56","1.19"
"SV1755","GDTC101","L01","thuc_hanh","","","7.38,9.38,7.38","","",""
"SV1756","INT1001","L01","tich_hop","","","","9.79","9.66,4.39","9.66"
"SV1756","GDQP102","L01","ly_thuyet","8.92,8.92","8.92","","","",""
"SV1756","INT1003","L01","tich_hop","","","","7.25","6.25,6.43","6.25"
"SV1757","GDQP102","L01","ly_thuyet","6.87,6.87","6.87","","","",""
"SV1757","INT1001","L01","tich_hop","","","","2.15","2.65,4.52","2.65"
"SV1757","INT1002","L01","ly_thuyet","9.84,9.84","9.84","","","",""
"SV1757","INT1003","L01","tich_hop","","","","9.14","4.09,9.41","4.09"
"SV1758","INT1002","L01","ly_thuyet","2.29,2.29","2.29","","","",""
"SV1758","INT1003","L01","tich_hop","","","","6","0.07,7.91","0.07"
"SV1758","GDQP102","L01","ly_thuyet","6.43,6.43","6.43","","","",""
"SV1759","INT1003","L01","tich_hop","","","","8.48","2.18,7.56","2.18"
"SV1759","GDTC101","L01","thuc_hanh","","","9.56,5.13,9.56","","",""
"SV1760","INT1001","L01","tich_hop","","","","1.84","7.42,2.67","7.42"
"SV1760","GDQP102","L01","ly_thuyet","9.91,9.91","9.91","","","",""
"SV1760","INT1002","L01","ly_thuyet","1.57,1.57","1.57","","","",""
"SV1760","INT1003","L01","tich_hop","","","","6.32","5.5,5.54","5.5"
"SV1761","INT1002","L01","ly_thuyet","7.74,7.74","7.74","","","",""
"SV1761","GDQP102","L01","ly_thuyet","3.36,3.36","3.36","","","",""
"SV1762","INT1002","L01","ly_thuyet","2.97,2.97","2.97","","","",""
"SV1762","INT1003","L01","tich_hop","","","","3.06","9.35,6.13","9.35"
"SV1762","GDQP102","L01","ly_thuyet","7.9,7.9","7.9","","","",""
"SV1762","INT1001","L01","tich_hop","","","","7.51","2.76,5.25","2.76"
"SV1763","GDQP102","L01","ly_thuyet","2.74,2.74","2.74","","","",""
"SV1763","INT1002","L01","ly_thuyet","8.74,8.74","8.74","","","",""
"SV1763","GDTC101","L01","thuc_hanh","","","9.11,3.12,9.11","","",""
"SV1763","INT1001","L01","tich_hop","","","","3.14","7.36,6.58","7.36"
"SV1764","GDTC101","L01","thuc_hanh","","","7.11,5.52,7.11","","",""
"SV1764","INT1002","L01","ly_thuyet","4.94,4.94","4.94","","","",""
"SV1764","INT1001","L01","tich_hop","","","","1.04","9.39,5.13","9.39"
"SV1765","INT1001","L01","tich_hop","","","","8.96","3.65,7.17","3.65"
"SV1765","GDTC101","L01","thuc_hanh","","","5.68,9.97,5.68","","",""
"SV1765","INT1002","L01","ly_thuyet","6.01,6.01","6.01","","","",""
"SV1766","GDTC101","L01","thuc_hanh","","","6.55,1.4,6.55","","",""
"SV1766","GDQP102","L01","ly_thuyet","9.42,9.42","9.42","","","",""
"SV1767","INT1002","L01","ly_thuyet","0.03,0.03","0.03","","","",""
"SV1767","INT1003","L01","tich_hop","","","","3.98","9.4,4.12","9.4"
"SV1768","INT1001","L01","tich_hop","","","","5.02","7.45,8.17","7.45"
"SV1768","GDTC101","L01","thuc_hanh","","","5.57,3.62,5.57","","",""
"SV1769","INT1001","L01","tich_hop","","","","9.4","6.79,8.12","6.79"
"SV1769","GDQP102","L01","ly_thuyet","6.14,6.14","6.14","","","",""
"SV1769","GDTC101","L01","thuc_hanh","","","4.28,4.31,4.28","","",""
"SV1770","INT1001","L01","tich_hop","","","","6.7","2.59,7.89","2.59"
"SV1770","GDQP102","L01","ly_thuyet","9.35,9.35","9.35","","","",""
"SV1770","INT1003","L01","tich_hop","","","","1.36","6.7,2.88","6.7"
"SV1770","GDTC101","L01","thuc_hanh","","","8.74,2.38,8.74","","",""
"SV1771","GDQP102","L01","ly_thuyet","6.16,6.16","6.16","","","",""
"SV1771","INT1003","L01","tich_hop","","","","6.62","1.9,4.27","1.9"
"SV1771","INT1001","L01","tich_hop","","","","9.25","8.59,7.02","8.59"
"SV1771","INT1002","L01","ly_thuyet","5.35,5.35","5.35","","","",""
"SV1772","INT1001","L01","tich_hop","","","","9.89","5.07,4.67","5.07"
"SV1772","GDQP102","L01","ly_thuyet","8,8","8","","","",""
"SV1772","INT1003","L01","tich_hop","","","","5.89","5.16,8.08","5.16"
"SV1773","INT1003","L01","tich_hop","","","","6.89","5.46,3.57","5.46"
"SV1773","GDTC101","L01","thuc_hanh","","","8.77,3.3,8.77","","",""
"SV1773","GDQP102","L01","ly_thuyet","1.13,1.13","1.13","","","",""
"SV1774","GDQP102","L01","ly_thuyet","9.18,9.18","9.18","","","",""
"SV1774","INT1003","L01","tich_hop","","","","8.66","4.84,4.56","4.84"
"SV1774","GDTC101","L01","thuc_hanh","","","5.82,3.08,5.82","","",""
"SV1775","INT1002","L01","ly_thuyet","9.53,9.53","9.53","","","",""
"SV1775","GDTC101","L01","thuc_hanh","","","8.3,4.07,8.3","","",""
"SV1775","GDQP102","L01","ly_thuyet","8.95,8.95","8.95","","","",""
"SV1776","GDTC101","L01","thuc_hanh","","","4.3,8.39,4.3","","",""
"SV1776","GDQP102","L01","ly_thuyet","1.88,1.88","1.88","","","",""
"SV1777","GDTC101","L01","thuc_hanh","","","6.36,2.77,6.36","","",""
"SV1777","INT1001","L01","tich_hop","","","","7.71","7.66,5.52","7.66"
"SV1777","GDQP102","L01","ly_thuyet","2.28,2.28","2.28","","","",""
"SV1778","GDTC101","L01","thuc_hanh","","","9.23,4.72,9.23","","",""
"SV1778","INT1002","L01","ly_thuyet","7.72,7.72","7.72","","","",""
"SV1779","INT1001","L01","tich_hop","","","","2.63","3.2,4.55","3.2"
"SV1779","GDTC101","L01","thuc_hanh","","","6.92,0.98,6.92","","",""
"SV1779","INT1002","L01","ly_thuyet","9.42,9.42","9.42","","","",""
"SV1780","INT1001","L01","tich_hop","","","","8.25","3.38,6.36","3.38"
"SV1780","GDTC101","L01","thuc_hanh","","","6.38,6.39,6.38","","",""
"SV1781","GDTC101","L01","thuc_hanh","","","6.66,2.91,6.66","","",""
"SV1781","INT1002","L01","ly_thuyet","1.57,1.57","1.57","","","",""
"SV1781","GDQP102","L01","ly_thuyet","2.88,2.88","2.88","","","",""
"SV1781","INT1001","L01","tich_hop","","","","1.63","1.73,5.91","1.73"
"SV1782","INT1002","L01","ly_thuyet","0.91,0.91","0.91","","","",""
"SV1782","INT1001","L01","tich_hop","","","","2.21","6.37,2.87","6.37"
"SV1782","INT1003","L01","tich_hop","","","","6.7","5.97,6.28","5.97"
"SV1782","GDQP102","L01","ly_thuyet","7.43,7.43","7.43","","","",""
"SV1783","GDTC101","L01","thuc_hanh","","","6.58,9.21,6.58","","",""
"SV1783","GDQP102","L01","ly_thuyet","4.47,4.47","4.47","","","",""
"SV1784","GDQP102","L01","ly_thuyet","8.76,8.76","8.76","","","",""
"SV1784","INT1001","L01","tich_hop","","","","1.53","0.96,5.41","0.96"
"SV1784","INT1003","L01","tich_hop","","","","4.59","7.3,5.89","7.3"
"SV1785","INT1003","L01","tich_hop","","","","6.56","8.47,7.92","8.47"
"SV1785","INT1001","L01","tich_hop","","","","6.19","6.51,5.91","6.51"
"SV1785","GDTC101","L01","thuc_hanh","","","9.47,9.66,9.47","","",""
"SV1786","INT1001","L01","tich_hop","","","","2.78","0.7,4.65","0.7"
"SV1786","GDQP102","L01","ly_thuyet","2.96,2.96","2.96","","","",""
"SV1787","INT1003","L01","tich_hop","","","","1.53","1.6,4.25","1.6"
"SV1787","GDTC101","L01","thuc_hanh","","","3.44,4.84,3.44","","",""
"SV1787","INT1001","L01","tich_hop","","","","9.51","3.16,8.11","3.16"
"SV1787","GDQP102","L01","ly_thuyet","6.39,6.39","6.39","","","",""
"SV1788","GDQP102","L01","ly_thuyet","3.5,3.5","3.5","","","",""
"SV1788","INT1002","L01","ly_thuyet","7.03,7.03","7.03","","","",""
"SV1789","INT1003","L01","tich_hop","","","","9.76","8.51,8.71","8.51"
"SV1789","INT1001","L01","tich_hop","","","","8","3.1,4.46","3.1"
"SV1789","GDQP102","L01","ly_thuyet","6.84,6.84","6.84","","","",""
"SV1789","GDTC101","L01","thuc_hanh","","","9.05,9.83,9.05","","",""
"SV1790","GDTC101","L01","thuc_hanh","","","1.22,4.2,1.22","","",""
"SV1790","INT1001","L01","tich_hop","","","","2.89","0.34,3.9","0.34"
"SV1790","INT1003","L01","tich_hop","","","","7.64","9.7,6.95","9.7"
"SV1790","GDQP102","L01","ly_thuyet","8.83,8.83","8.83","","","",""
"SV1791","INT1002","L01","ly_thuyet","6.22,6.22","6.22","","","",""
"SV1791","GDQP102","L01","ly_thuyet","8.84,8.84","8.84","","","",""
"SV1791","INT1003","L01","tich_hop","","","","4.14","2.05,2.46","2.05"
"SV1792","INT1003","L01","tich_hop","","","","3.49","3.89,6.34","3.89"
"SV1792","INT1002","L01","ly_thuyet","1.55,1.55","1.55","","","",""
"SV1792","GDQP102","L01","ly_thuyet","5.16,5.16","5.16","","","",""
"SV1792","INT1001","L01","tich_hop","","","","9.44","3.77,5.6","3.77"
"SV1793","INT1002","L01","ly_thuyet","5.86,5.86","5.86","","","",""
"SV1793","INT1001","L01","tich_hop","","","","8.82","6.02,8.14","6.02"
"SV1793","GDTC101","L01","thuc_hanh","","","2.33,7.85,2.33","","",""
"SV1793","GDQP102","L01","ly_thuyet","3.03,3.03","3.03","","","",""
"SV1794","GDTC101","L01","thuc_hanh","","","6.95,6.64,6.95","","",""
"SV1794","INT1001","L01","tich_hop","","","","8.35","6.29,7.23","6.29"
"SV1795","INT1003","L01","tich_hop","","","","7","1.63,8.14","1.63"
"SV1795","INT1002","L01","ly_thuyet","3.58,3.58","3.58","","","",""
"SV1796","INT1001","L01","tich_hop","","","","9.81","3.29,6.53","3.29"
"SV1796","INT1003","L01","tich_hop","","","","8.44","6.04,8.31","6.04"
"SV1797","INT1003","L01","tich_hop","","","","7.24","6.28,4.81","6.28"
"SV1797","GDTC101","L01","thuc_hanh","","","8.93,8.98,8.93","","",""
"SV1797","INT1001","L01","tich_hop","","","","7.28","2.53,5.61","2.53"
"SV1797","GDQP102","L01","ly_thuyet","0.82,0.82","0.82","","","",""
"SV1798","INT1003","L01","tich_hop","","","","8.96","9.16,5.18","9.16"
"SV1798","INT1001","L01","tich_hop","","","","5.6","0.9,3.24","0.9"
"SV1799","GDQP102","L01","ly_thuyet","2.73,2.73","2.73","","","",""
"SV1799","INT1003","L01","tich_hop","","","","3.37","6.29,3.64","6.29"
"SV1800","GDTC101","L01","thuc_hanh","","","5.23,8.45,5.23","","",""
"SV1800","INT1001","L01","tich_hop","","","","9.74","4.56,7.22","4.56"
"SV1800","INT1003","L01","tich_hop","","","","7.64","3.22,4","3.22"
"SV1800","GDQP102","L01","ly_thuyet","0.06,0.06","0.06","","","",""
"SV1801","GDQP102","L01","ly_thuyet","9.47,9.47","9.47","","","",""
"SV1801","INT1002","L01","ly_thuyet","2.13,2.13","2.13","","","",""
"SV1801","INT1001","L01","tich_hop","","","","9.75","4.7,7.35","4.7"
"SV1802","INT1001","L01","tich_hop","","","","6.56","3.82,8.68","3.82"
"SV1802","INT1003","L01","tich_hop","","","","6.24","1.12,5.88","1.12"
"SV1802","INT1002","L01","ly_thuyet","4.47,4.47","4.47","","","",""
"SV1803","GDTC101","L01","thuc_hanh","","","2.13,8.3,2.13","","",""
"SV1803","GDQP102","L01","ly_thuyet","8.91,8.91","8.91","","","",""
"SV1803","INT1003","L01","tich_hop","","","","1.89","7.35,1.72","7.35"
"SV1804","INT1003","L01","tich_hop","","","","4.52","9.65,6.11","9.65"
"SV1804","INT1001","L01","tich_hop","","","","1.35","8.25,4.34","8.25"
"SV1804","GDTC101","L01","thuc_hanh","","","2.68,2.87,2.68","","",""
"SV1804","GDQP102","L01","ly_thuyet","5.94,5.94","5.94","","","",""
"SV1805","GDTC101","L01","thuc_hanh","","","6.04,3.27,6.04","","",""
"SV1805","INT1003","L01","tich_hop","","","","6","2.49,7.91","2.49"
"SV1805","INT1002","L01","ly_thuyet","0.18,0.18","0.18","","","",""
"SV1805","INT1001","L01","tich_hop","","","","3.55","8.4,4.35","8.4"
"SV1806","INT1001","L01","tich_hop","","","","5.36","0.79,2.69","0.79"
"SV1806","GDTC101","L01","thuc_hanh","","","4.54,6.2,4.54","","",""
"SV1806","INT1003","L01","tich_hop","","","","2.26","0.75,6.64","0.75"
"SV1806","INT1002","L01","ly_thuyet","4.93,4.93","4.93","","","",""
"SV1807","INT1001","L01","tich_hop","","","","1.56","5.88,6.62","5.88"
"SV1807","GDQP102","L01","ly_thuyet","4.96,4.96","4.96","","","",""
"SV1807","INT1003","L01","tich_hop","","","","3.71","8.61,6.68","8.61"
"SV1808","INT1001","L01","tich_hop","","","","6.68","7.46,5.33","7.46"
"SV1808","INT1003","L01","tich_hop","","","","8.31","2.9,6.15","2.9"
"SV1808","GDTC101","L01","thuc_hanh","","","2.93,4.84,2.93","","",""
"SV1809","INT1002","L01","ly_thuyet","7.48,7.48","7.48","","","",""
"SV1809","GDQP102","L01","ly_thuyet","9.18,9.18","9.18","","","",""
"SV1809","INT1001","L01","tich_hop","","","","1.39","3.48,6.21","3.48"
"SV1810","INT1003","L01","tich_hop","","","","2.98","6.18,4.87","6.18"
"SV1810","GDQP102","L01","ly_thuyet","3.48,3.48","3.48","","","",""
"SV1810","INT1001","L01","tich_hop","","","","3.26","0.31,1.92","0.31"
"SV1810","GDTC101","L01","thuc_hanh","","","8.95,4.95,8.95","","",""
"SV1811","INT1001","L01","tich_hop","","","","1.37","0.67,1.49","0.67"
"SV1811","GDTC101","L01","thuc_hanh","","","5.11,1.13,5.11","","",""
"SV1811","GDQP102","L01","ly_thuyet","8.6,8.6","8.6","","","",""
"SV1812","GDTC101","L01","thuc_hanh","","","1.41,8.97,1.41","","",""
"SV1812","INT1002","L01","ly_thuyet","2.69,2.69","2.69","","","",""
"SV1813","INT1001","L01","tich_hop","","","","8.32","7.72,9.1","7.72"
"SV1813","INT1003","L01","tich_hop","","","","4.31","8.56,5.64","8.56"
"SV1814","INT1001","L01","tich_hop","","","","2.78","2.13,6.82","2.13"
"SV1814","INT1003","L01","tich_hop","","","","7.88","1.31,8.52","1.31"
"SV1815","INT1001","L01","tich_hop","","","","5.17","7.8,2.82","7.8"
"SV1815","INT1003","L01","tich_hop","","","","6.27","4.15,7.27","4.15"
"SV1815","GDQP102","L01","ly_thuyet","7.73,7.73","7.73","","","",""
"SV1815","INT1002","L01","ly_thuyet","6.96,6.96","6.96","","","",""
"SV1816","INT1002","L01","ly_thuyet","4.39,4.39","4.39","","","",""
"SV1816","GDQP102","L01","ly_thuyet","9.65,9.65","9.65","","","",""
"SV1816","INT1001","L01","tich_hop","","","","8.64","6.78,9.42","6.78"
"SV1816","INT1003","L01","tich_hop","","","","7.64","5.52,6.74","5.52"
"SV1817","INT1001","L01","tich_hop","","","","9.48","2.92,8.3","2.92"
"SV1817","INT1002","L01","ly_thuyet","2.13,2.13","2.13","","","",""
"SV1817","GDQP102","L01","ly_thuyet","3.18,3.18","3.18","","","",""
"SV1817","INT1003","L01","tich_hop","","","","5.72","8.95,4.1","8.95"
"SV1818","INT1001","L01","tich_hop","","","","7.08","9.15,3.16","9.15"
"SV1818","GDQP102","L01","ly_thuyet","5.04,5.04","5.04","","","",""
"SV1818","INT1002","L01","ly_thuyet","6.29,6.29","6.29","","","",""
"SV1818","GDTC101","L01","thuc_hanh","","","8.84,4.96,8.84","","",""
"SV1819","INT1001","L01","tich_hop","","","","7.62","3.06,6.02","3.06"
"SV1819","INT1002","L01","ly_thuyet","7.47,7.47","7.47","","","",""
"SV1819","INT1003","L01","tich_hop","","","","3.21","5.79,5.42","5.79"
"SV1820","INT1001","L01","tich_hop","","","","5.74","4.43,5.07","4.43"
"SV1820","INT1003","L01","tich_hop","","","","3.64","0.07,4.62","0.07"
"SV1821","INT1002","L01","ly_thuyet","7.33,7.33","7.33","","","",""
"SV1821","GDTC101","L01","thuc_hanh","","","4.38,3.88,4.38","","",""
"SV1821","GDQP102","L01","ly_thuyet","6.53,6.53","6.53","","","",""
"SV1822","INT1002","L01","ly_thuyet","0.34,0.34","0.34","","","",""
"SV1822","INT1003","L01","tich_hop","","","","3.26","8.54,4.5","8.54"
"SV1822","INT1001","L01","tich_hop","","","","8.41","3.87,4.35","3.87"
"SV1822","GDQP102","L01","ly_thuyet","3.2,3.2","3.2","","","",""
"SV1823","GDQP102","L01","ly_thuyet","9.27,9.27","9.27","","","",""
"SV1823","INT1001","L01","tich_hop","","","","9.31","9.46,7.68","9.46"
"SV1824","INT1001","L01","tich_hop","","","","6.02","8.24,5.14","8.24"
"SV1824","GDQP102","L01","ly_thuyet","0.72,0.72","0.72","","","",""
"SV1824","INT1002","L01","ly_thuyet","0.79,0.79","0.79","","","",""
"SV1824","GDTC101","L01","thuc_hanh","","","1.89,6.47,1.89","","",""
"SV1825","INT1002","L01","ly_thuyet","6.58,6.58","6.58","","","",""
"SV1825","GDQP102","L01","ly_thuyet","3.57,3.57","3.57","","","",""
"SV1825","INT1001","L01","tich_hop","","","","8.83","7.85,8.18","7.85"
"SV1826","INT1002","L01","ly_thuyet","5.03,5.03","5.03","","","",""
"SV1826","INT1003","L01","tich_hop","","","","8.57","3.52,8.93","3.52"
"SV1827","INT1001","L01","tich_hop","","","","2.08","9.67,7.31","9.67"
"SV1827","GDTC101","L01","thuc_hanh","","","2.13,7.35,2.13","","",""
"SV1828","GDTC101","L01","thuc_hanh","","","6.25,5.63,6.25","","",""
"SV1828","GDQP102","L01","ly_thuyet","3.81,3.81","3.81","","","",""
"SV1828","INT1002","L01","ly_thuyet","4.19,4.19","4.19","","","",""
"SV1828","INT1003","L01","tich_hop","","","","3.17","2.81,5.11","2.81"
"SV1829","GDQP102","L01","ly_thuyet","0.22,0.22","0.22","","","",""
"SV1829","GDTC101","L01","thuc_hanh","","","9.93,9.57,9.93","","",""
"SV1830","GDTC101","L01","thuc_hanh","","","2.33,0.72,2.33","","",""
"SV1830","INT1003","L01","tich_hop","","","","7.67","8.1,6.32","8.1"
"SV1831","INT1001","L01","tich_hop","","","","2.7","7.64,4.16","7.64"
"SV1831","INT1003","L01","tich_hop","","","","9.66","8.7,7.37","8.7"
"SV1831","GDQP102","L01","ly_thuyet","9.51,9.51","9.51","","","",""
"SV1832","GDQP102","L01","ly_thuyet","0.39,0.39","0.39","","","",""
"SV1832","GDTC101","L01","thuc_hanh","","","5.24,6.46,5.24","","",""
"SV1833","INT1001","L01","tich_hop","","","","8.37","2.54,8.64","2.54"
"SV1833","GDTC101","L01","thuc_hanh","","","8.23,0.66,8.23","","",""
"SV1833","INT1002","L01","ly_thuyet","0.82,0.82","0.82","","","",""
"SV1833","INT1003","L01","tich_hop","","","","3.42","4.1,4.25","4.1"
"SV1834","GDQP102","L01","ly_thuyet","6.18,6.18","6.18","","","",""
"SV1834","INT1001","L01","tich_hop","","","","8.11","5.58,3.49","5.58"
"SV1834","INT1002","L01","ly_thuyet","0.98,0.98","0.98","","","",""
"SV1835","GDQP102","L01","ly_thuyet","4.21,4.21","4.21","","","",""
"SV1835","INT1001","L01","tich_hop","","","","8.5","3.1,6.7","3.1"
"SV1835","GDTC101","L01","thuc_hanh","","","9.75,0.7,9.75","","",""
"SV1835","INT1003","L01","tich_hop","","","","5.79","8.23,6.3","8.23"
"SV1836","INT1001","L01","tich_hop","","","","5.4","5.74,4.11","5.74"
"SV1836","GDQP102","L01","ly_thuyet","0.22,0.22","0.22","","","",""
"SV1836","INT1002","L01","ly_thuyet","8.32,8.32","8.32","","","",""
"SV1836","GDTC101","L01","thuc_hanh","","","7.92,5.17,7.92","","",""
"SV1837","INT1001","L01","tich_hop","","","","1.34","3.42,6.59","3.42"
"SV1837","GDTC101","L01","thuc_hanh","","","9.93,3.33,9.93","","",""
"SV1837","GDQP102","L01","ly_thuyet","4.34,4.34","4.34","","","",""
"SV1837","INT1002","L01","ly_thuyet","2.11,2.11","2.11","","","",""
"SV1838","INT1003","L01","tich_hop","","","","5.99","2.57,5.83","2.57"
"SV1838","GDTC101","L01","thuc_hanh","","","2.72,8.84,2.72","","",""
"SV1838","GDQP102","L01","ly_thuyet","4.81,4.81","4.81","","","",""
"SV1839","INT1003","L01","tich_hop","","","","8.53","3.77,7.46","3.77"
"SV1839","GDTC101","L01","thuc_hanh","","","3.88,8.89,3.88","","",""
"SV1839","GDQP102","L01","ly_thuyet","9.78,9.78","9.78","","","",""
"SV1840","GDQP102","L01","ly_thuyet","3.34,3.34","3.34","","","",""
"SV1840","GDTC101","L01","thuc_hanh","","","6.62,4.92,6.62","","",""
"SV1841","INT1001","L01","tich_hop","","","","3.09","7.58,7.39","7.58"
"SV1841","INT1002","L01","ly_thuyet","6.74,6.74","6.74","","","",""
"SV1842","INT1001","L01","tich_hop","","","","8.11","9.27,6.73","9.27"
"SV1842","GDTC101","L01","thuc_hanh","","","5.79,7.86,5.79","","",""
"SV1843","GDQP102","L01","ly_thuyet","2.16,2.16","2.16","","","",""
"SV1843","INT1001","L01","tich_hop","","","","5.28","3.76,4.35","3.76"
"SV1843","INT1002","L01","ly_thuyet","4.24,4.24","4.24","","","",""
"SV1844","INT1003","L01","tich_hop","","","","4.08","4.79,2.84","4.79"
"SV1844","INT1001","L01","tich_hop","","","","3.36","4.82,3.23","4.82"
"SV1844","GDTC101","L01","thuc_hanh","","","9.87,6.62,9.87","","",""
"SV1845","INT1001","L01","tich_hop","","","","6.16","4.85,2.96","4.85"
"SV1845","INT1002","L01","ly_thuyet","9.81,9.81","9.81","","","",""
"SV1846","INT1001","L01","tich_hop","","","","2.26","1.58,5.69","1.58"
"SV1846","INT1002","L01","ly_thuyet","0.96,0.96","0.96","","","",""
"SV1846","GDTC101","L01","thuc_hanh","","","2.47,5.53,2.47","","",""
"SV1847","GDQP102","L01","ly_thuyet","2.46,2.46","2.46","","","",""
"SV1847","INT1002","L01","ly_thuyet","2.51,2.51","2.51","","","",""
"SV1848","GDTC101","L01","thuc_hanh","","","7.53,6.33,7.53","","",""
"SV1848","INT1003","L01","tich_hop","","","","5.05","7.24,4.92","7.24"
"SV1849","INT1001","L01","tich_hop","","","","8.53","3.89,7.38","3.89"
"SV1849","INT1002","L01","ly_thuyet","9.26,9.26","9.26","","","",""
"SV1849","GDQP102","L01","ly_thuyet","7.31,7.31","7.31","","","",""
"SV1850","INT1003","L01","tich_hop","","","","2.02","6.39,4.26","6.39"
"SV1850","INT1001","L01","tich_hop","","","","4.24","5.32,3.19","5.32"
"SV1851","INT1002","L01","ly_thuyet","7.21,7.21","7.21","","","",""
"SV1851","INT1001","L01","tich_hop","","","","3.3","5.62,6.59","5.62"
"SV1852","GDTC101","L01","thuc_hanh","","","1.79,3.9,1.79","","",""
"SV1852","INT1001","L01","tich_hop","","","","1.08","0.45,3.33","0.45"
"SV1852","INT1003","L01","tich_hop","","","","7.85","3.38,8.59","3.38"
"SV1852","GDQP102","L01","ly_thuyet","5.92,5.92","5.92","","","",""
"SV1853","GDTC101","L01","thuc_hanh","","","5.22,6.32,5.22","","",""
"SV1853","INT1003","L01","tich_hop","","","","8.4","2.25,5.15","2.25"
"SV1854","INT1003","L01","tich_hop","","","","7.99","8.15,6.04","8.15"
"SV1854","GDQP102","L01","ly_thuyet","3.55,3.55","3.55","","","",""
"SV1854","GDTC101","L01","thuc_hanh","","","3.75,3.63,3.75","","",""
"SV1855","INT1002","L01","ly_thuyet","8.53,8.53","8.53","","","",""
"SV1855","GDQP102","L01","ly_thuyet","2.15,2.15","2.15","","","",""
"SV1855","INT1001","L01","tich_hop","","","","8.54","2.85,8.86","2.85"
"SV1856","INT1002","L01","ly_thuyet","0.85,0.85","0.85","","","",""
"SV1856","INT1003","L01","tich_hop","","","","1.57","6.63,5.3","6.63"
"SV1857","INT1003","L01","tich_hop","","","","4.27","0.76,7.43","0.76"
"SV1857","INT1001","L01","tich_hop","","","","4.4","2.96,4.78","2.96"
"SV1857","GDTC101","L01","thuc_hanh","","","3.06,2.33,3.06","","",""
"SV1857","GDQP102","L01","ly_thuyet","8.66,8.66","8.66","","","",""
"SV1858","INT1002","L01","ly_thuyet","2.53,2.53","2.53","","","",""
"SV1858","GDQP102","L01","ly_thuyet","7.23,7.23","7.23","","","",""
"SV1859","INT1003","L01","tich_hop","","","","5.78","8.89,6.56","8.89"
"SV1859","GDTC101","L01","thuc_hanh","","","8.22,8.88,8.22","","",""
"SV1860","INT1003","L01","tich_hop","","","","4.46","1.15,7.41","1.15"
"SV1860","GDQP102","L01","ly_thuyet","8.76,8.76","8.76","","","",""
"SV1860","INT1002","L01","ly_thuyet","6.85,6.85","6.85","","","",""
"SV1861","INT1001","L01","tich_hop","","","","7.52","9.19,8.79","9.19"
"SV1861","GDQP102","L01","ly_thuyet","9.41,9.41","9.41","","","",""
"SV1862","GDTC101","L01","thuc_hanh","","","2.22,4.55,2.22","","",""
"SV1862","GDQP102","L01","ly_thuyet","8.12,8.12","8.12","","","",""
"SV1862","INT1002","L01","ly_thuyet","5.12,5.12","5.12","","","",""
"SV1863","INT1003","L01","tich_hop","","","","5.81","0.26,6.1","0.26"
"SV1863","GDTC101","L01","thuc_hanh","","","5.11,7.33,5.11","","",""
"SV1863","GDQP102","L01","ly_thuyet","0.97,0.97","0.97","","","",""
"SV1864","GDQP102","L01","ly_thuyet","1.88,1.88","1.88","","","",""
"SV1864","INT1001","L01","tich_hop","","","","6.14","1.85,5.61","1.85"
"SV1865","INT1003","L01","tich_hop","","","","7.23","9.57,4.14","9.57"
"SV1865","INT1001","L01","tich_hop","","","","1.73","9,1.34","9"
"SV1865","GDTC101","L01","thuc_hanh","","","1.21,8.2,1.21","","",""
"SV1866","INT1002","L01","ly_thuyet","7,7","7","","","",""
"SV1866","GDTC101","L01","thuc_hanh","","","1.15,4.95,1.15","","",""
"SV1866","GDQP102","L01","ly_thuyet","2.85,2.85","2.85","","","",""
"SV1867","INT1001","L01","tich_hop","","","","8.02","2.21,5.66","2.21"
"SV1867","INT1002","L01","ly_thuyet","9.39,9.39","9.39","","","",""
"SV1867","INT1003","L01","tich_hop","","","","3.76","2.74,6.57","2.74"
"SV1868","INT1003","L01","tich_hop","","","","7.86","2.31,5.84","2.31"
"SV1868","INT1002","L01","ly_thuyet","3.49,3.49","3.49","","","",""
"SV1868","GDQP102","L01","ly_thuyet","6.53,6.53","6.53","","","",""
"SV1869","INT1003","L01","tich_hop","","","","2.39","8.44,3.81","8.44"
"SV1869","GDTC101","L01","thuc_hanh","","","1.85,2.85,1.85","","",""
"SV1870","INT1003","L01","tich_hop","","","","1.22","2.67,4.06","2.67"
"SV1870","GDTC101","L01","thuc_hanh","","","4.68,8.31,4.68","","",""
"SV1871","GDQP102","L01","ly_thuyet","3.26,3.26","3.26","","","",""
"SV1871","INT1002","L01","ly_thuyet","0.91,0.91","0.91","","","",""
"SV1871","GDTC101","L01","thuc_hanh","","","6.15,2.93,6.15","","",""
"SV1871","INT1003","L01","tich_hop","","","","6.56","5.91,8.23","5.91"
"SV1872","INT1002","L01","ly_thuyet","0.08,0.08","0.08","","","",""
"SV1872","INT1001","L01","tich_hop","","","","3.81","9.57,6.26","9.57"
"SV1872","GDQP102","L01","ly_thuyet","9.38,9.38","9.38","","","",""
"SV1873","GDQP102","L01","ly_thuyet","3.2,3.2","3.2","","","",""
"SV1873","INT1001","L01","tich_hop","","","","7.4","1.13,4.27","1.13"
"SV1873","INT1002","L01","ly_thuyet","6.37,6.37","6.37","","","",""
"SV1874","INT1002","L01","ly_thuyet","5.14,5.14","5.14","","","",""
"SV1874","INT1001","L01","tich_hop","","","","4.37","9.87,2.27","9.87"
"SV1874","GDQP102","L01","ly_thuyet","2.08,2.08","2.08","","","",""
"SV1875","INT1001","L01","tich_hop","","","","6.56","8.42,4.6","8.42"
"SV1875","INT1003","L01","tich_hop","","","","6.81","2.09,6.63","2.09"
"SV1875","GDTC101","L01","thuc_hanh","","","4.94,0.84,4.94","","",""
"SV1876","INT1003","L01","tich_hop","","","","8.83","8.88,4.89","8.88"
"SV1876","INT1002","L01","ly_thuyet","5.56,5.56","5.56","","","",""
"SV1876","GDTC101","L01","thuc_hanh","","","4.41,9.51,4.41","","",""
"SV1876","GDQP102","L01","ly_thuyet","1.19,1.19","1.19","","","",""
"SV1877","GDTC101","L01","thuc_hanh","","","4.67,6.3,4.67","","",""
"SV1877","INT1001","L01","tich_hop","","","","6.58","4.56,3.18","4.56"
"SV1878","INT1003","L01","tich_hop","","","","4.78","7.07,5.62","7.07"
"SV1878","GDTC101","L01","thuc_hanh","","","8.03,9.4,8.03","","",""
"SV1879","INT1002","L01","ly_thuyet","7.71,7.71","7.71","","","",""
"SV1879","INT1001","L01","tich_hop","","","","9.89","2.65,4.59","2.65"
"SV1879","INT1003","L01","tich_hop","","","","4.63","1.48,4.7","1.48"
"SV1880","GDQP102","L01","ly_thuyet","5.97,5.97","5.97","","","",""
"SV1880","INT1003","L01","tich_hop","","","","9.77","8.27,9.65","8.27"
"SV1881","GDTC101","L01","thuc_hanh","","","6.73,2.74,6.73","","",""
"SV1881","INT1001","L01","tich_hop","","","","7.47","3.07,5.18","3.07"
"SV1881","INT1002","L01","ly_thuyet","1.19,1.19","1.19","","","",""
"SV1881","INT1003","L01","tich_hop","","","","3.43","7.19,3.82","7.19"
"SV1882","INT1002","L01","ly_thuyet","8.79,8.79","8.79","","","",""
"SV1882","INT1003","L01","tich_hop","","","","8.8","5.69,8.68","5.69"
"SV1882","GDTC101","L01","thuc_hanh","","","5.92,5.41,5.92","","",""
"SV1882","GDQP102","L01","ly_thuyet","0.04,0.04","0.04","","","",""
"SV1883","GDTC101","L01","thuc_hanh","","","3.12,7.57,3.12","","",""
"SV1883","INT1003","L01","tich_hop","","","","1.01","1.3,5.66","1.3"
"SV1883","INT1001","L01","tich_hop","","","","2.52","1.56,6.98","1.56"
"SV1884","GDTC101","L01","thuc_hanh","","","9.01,8.82,9.01","","",""
"SV1884","GDQP102","L01","ly_thuyet","1.05,1.05","1.05","","","",""
"SV1884","INT1002","L01","ly_thuyet","3.05,3.05","3.05","","","",""
"SV1885","GDTC101","L01","thuc_hanh","","","3.45,3.58,3.45","","",""
"SV1885","INT1001","L01","tich_hop","","","","2.18","9.97,6.12","9.97"
"SV1885","INT1002","L01","ly_thuyet","1.88,1.88","1.88","","","",""
"SV1886","GDTC101","L01","thuc_hanh","","","2,0.17,2","","",""
"SV1886","INT1001","L01","tich_hop","","","","1.96","1.86,5.72","1.86"
"SV1886","GDQP102","L01","ly_thuyet","7.91,7.91","7.91","","","",""
"SV1887","INT1001","L01","tich_hop","","","","8.43","2.72,7.81","2.72"
"SV1887","GDTC101","L01","thuc_hanh","","","3.98,6.45,3.98","","",""
"SV1888","GDTC101","L01","thuc_hanh","","","4.42,8.47,4.42","","",""
"SV1888","INT1001","L01","tich_hop","","","","4.78","7.37,8.14","7.37"
"SV1888","INT1002","L01","ly_thuyet","3.59,3.59","3.59","","","",""
"SV1889","GDTC101","L01","thuc_hanh","","","9.12,9.31,9.12","","",""
"SV1889","GDQP102","L01","ly_thuyet","7.9,7.9","7.9","","","",""
"SV1889","INT1003","L01","tich_hop","","","","1.87","9.36,3.62","9.36"
"SV1890","INT1003","L01","tich_hop","","","","7.69","5.05,8.9","5.05"
"SV1890","INT1001","L01","tich_hop","","","","9.23","3.62,4.21","3.62"
"SV1891","GDTC101","L01","thuc_hanh","","","9.79,5.41,9.79","","",""
"SV1891","INT1001","L01","tich_hop","","","","9.58","9.13,4.81","9.13"
"SV1891","GDQP102","L01","ly_thuyet","0.33,0.33","0.33","","","",""
"SV1891","INT1002","L01","ly_thuyet","8.45,8.45","8.45","","","",""
"SV1892","INT1001","L01","tich_hop","","","","7.48","7.98,7.07","7.98"
"SV1892","GDTC101","L01","thuc_hanh","","","6.56,0.87,6.56","","",""
"SV1893","INT1001","L01","tich_hop","","","","7.05","4.31,7.81","4.31"
"SV1893","INT1003","L01","tich_hop","","","","2.93","0.59,4.06","0.59"
"SV1893","INT1002","L01","ly_thuyet","7.18,7.18","7.18","","","",""
"SV1893","GDQP102","L01","ly_thuyet","5.35,5.35","5.35","","","",""
"SV1894","INT1002","L01","ly_thuyet","7.42,7.42","7.42","","","",""
"SV1894","GDTC101","L01","thuc_hanh","","","5.77,1.82,5.77","","",""
"SV1894","INT1003","L01","tich_hop","","","","2.16","0.68,3.49","0.68"
"SV1895","INT1002","L01","ly_thuyet","9.39,9.39","9.39","","","",""
"SV1895","INT1003","L01","tich_hop","","","","5.81","8.41,5.17","8.41"
"SV1895","INT1001","L01","tich_hop","","","","7.24","1.22,6.23","1.22"
"SV1896","INT1002","L01","ly_thuyet","1.17,1.17","1.17","","","",""
"SV1896","INT1001","L01","tich_hop","","","","8.71","8.74,5.55","8.74"
"SV1897","GDQP102","L01","ly_thuyet","1.21,1.21","1.21","","","",""
"SV1897","INT1002","L01","ly_thuyet","2.12,2.12","2.12","","","",""
"SV1897","GDTC101","L01","thuc_hanh","","","4.76,6.83,4.76","","",""
"SV1898","GDQP102","L01","ly_thuyet","9.52,9.52","9.52","","","",""
"SV1898","GDTC101","L01","thuc_hanh","","","8.82,6.39,8.82","","",""
"SV1898","INT1001","L01","tich_hop","","","","4.37","2.02,5.95","2.02"
"SV1898","INT1003","L01","tich_hop","","","","6.59","9.6,7.3","9.6"
"SV1899","INT1001","L01","tich_hop","","","","5.4","3.4,3.37","3.4"
"SV1899","INT1002","L01","ly_thuyet","9.25,9.25","9.25","","","",""
"SV1899","GDTC101","L01","thuc_hanh","","","8.44,7,8.44","","",""
"SV1899","GDQP102","L01","ly_thuyet","1.07,1.07","1.07","","","",""
"SV1900","GDQP102","L01","ly_thuyet","6.04,6.04","6.04","","","",""
"SV1900","INT1001","L01","tich_hop","","","","9.16","4.51,7.22","4.51"
"SV1900","INT1002","L01","ly_thuyet","2.81,2.81","2.81","","","",""
"SV1901","GDTC101","L01","thuc_hanh","","","8.66,6.14,8.66","","",""
"SV1901","INT1003","L01","tich_hop","","","","1.03","2.34,3.34","2.34"
"SV1902","INT1002","L01","ly_thuyet","1.29,1.29","1.29","","","",""
"SV1902","INT1001","L01","tich_hop","","","","8.84","6.32,3.76","6.32"
"SV1902","GDQP102","L01","ly_thuyet","4.12,4.12","4.12","","","",""
"SV1903","INT1003","L01","tich_hop","","","","9.92","9.84,8.02","9.84"
"SV1903","GDTC101","L01","thuc_hanh","","","1.17,3.3,1.17","","",""
"SV1903","GDQP102","L01","ly_thuyet","5.83,5.83","5.83","","","",""
"SV1903","INT1001","L01","tich_hop","","","","8.74","2.06,9.18","2.06"
"SV1904","INT1002","L01","ly_thuyet","1.5,1.5","1.5","","","",""
"SV1904","GDTC101","L01","thuc_hanh","","","2.77,7.17,2.77","","",""
"SV1904","INT1003","L01","tich_hop","","","","3.9","9.04,4","9.04"
"SV1905","INT1001","L01","tich_hop","","","","9.66","3.45,6.72","3.45"
"SV1905","GDQP102","L01","ly_thuyet","5.42,5.42","5.42","","","",""
"SV1905","INT1002","L01","ly_thuyet","4.71,4.71","4.71","","","",""
"SV1906","INT1003","L01","tich_hop","","","","8","8.51,6.62","8.51"
"SV1906","GDQP102","L01","ly_thuyet","9.69,9.69","9.69","","","",""
"SV1907","INT1001","L01","tich_hop","","","","3.78","5.91,5.79","5.91"
"SV1907","GDQP102","L01","ly_thuyet","7.14,7.14","7.14","","","",""
"SV1907","INT1002","L01","ly_thuyet","6.03,6.03","6.03","","","",""
"SV1908","INT1002","L01","ly_thuyet","5.12,5.12","5.12","","","",""
"SV1908","GDTC101","L01","thuc_hanh","","","9.02,4.98,9.02","","",""
"SV1908","GDQP102","L01","ly_thuyet","4.86,4.86","4.86","","","",""
"SV1909","INT1002","L01","ly_thuyet","8.07,8.07","8.07","","","",""
"SV1909","GDQP102","L01","ly_thuyet","8.53,8.53","8.53","","","",""
"SV1909","INT1001","L01","tich_hop","","","","8.86","5.24,7.8","5.24"
"SV1909","INT1003","L01","tich_hop","","","","7.62","6.88,6.29","6.88"
"SV1910","INT1002","L01","ly_thuyet","8.5,8.5","8.5","","","",""
"SV1910","GDTC101","L01","thuc_hanh","","","6.68,0.26,6.68","","",""
"SV1910","INT1001","L01","tich_hop","","","","6.92","6.65,6.68","6.65"
"SV1911","GDQP102","L01","ly_thuyet","6.22,6.22","6.22","","","",""
"SV1911","INT1001","L01","tich_hop","","","","2.94","3.84,2.81","3.84"
"SV1911","INT1002","L01","ly_thuyet","9.15,9.15","9.15","","","",""
"SV1912","GDQP102","L01","ly_thuyet","5.66,5.66","5.66","","","",""
"SV1912","INT1003","L01","tich_hop","","","","6.4","1.11,7.52","1.11"
"SV1913","GDQP102","L01","ly_thuyet","3.93,3.93","3.93","","","",""
"SV1913","INT1002","L01","ly_thuyet","9.6,9.6","9.6","","","",""
"SV1914","GDQP102","L01","ly_thuyet","8.09,8.09","8.09","","","",""
"SV1914","GDTC101","L01","thuc_hanh","","","9.44,2.14,9.44","","",""
"SV1914","INT1003","L01","tich_hop","","","","7.04","1.63,6.63","1.63"
"SV1915","INT1001","L01","tich_hop","","","","3.36","0.19,6.71","0.19"
"SV1915","GDTC101","L01","thuc_hanh","","","8.05,8.54,8.05","","",""
"SV1915","INT1003","L01","tich_hop","","","","8.49","1.65,8.54","1.65"
"SV1916","INT1003","L01","tich_hop","","","","9.13","4.31,6.57","4.31"
"SV1916","INT1001","L01","tich_hop","","","","2.62","9.95,3.24","9.95"
"SV1916","GDTC101","L01","thuc_hanh","","","6.83,1.95,6.83","","",""
"SV1917","INT1002","L01","ly_thuyet","3.61,3.61","3.61","","","",""
"SV1917","INT1003","L01","tich_hop","","","","4.82","9.82,2.67","9.82"
"SV1917","GDQP102","L01","ly_thuyet","1.52,1.52","1.52","","","",""
"SV1918","INT1003","L01","tich_hop","","","","8.05","6.8,6.51","6.8"
"SV1918","INT1002","L01","ly_thuyet","1.91,1.91","1.91","","","",""
"SV1918","GDQP102","L01","ly_thuyet","3.17,3.17","3.17","","","",""
"SV1918","GDTC101","L01","thuc_hanh","","","1.49,3.88,1.49","","",""
"SV1919","GDQP102","L01","ly_thuyet","4.55,4.55","4.55","","","",""
"SV1919","INT1002","L01","ly_thuyet","7.7,7.7","7.7","","","",""
"SV1919","GDTC101","L01","thuc_hanh","","","9.5,0.3,9.5","","",""
"SV1919","INT1003","L01","tich_hop","","","","4.82","2.28,6.62","2.28"
"SV1920","GDTC101","L01","thuc_hanh","","","7.75,9.5,7.75","","",""
"SV1920","INT1001","L01","tich_hop","","","","3.59","4.02,7.37","4.02"
"SV1920","INT1002","L01","ly_thuyet","8.77,8.77","8.77","","","",""
"SV1920","GDQP102","L01","ly_thuyet","6.56,6.56","6.56","","","",""
"SV1921","INT1003","L01","tich_hop","","","","6.1","0.47,8.19","0.47"
"SV1921","GDTC101","L01","thuc_hanh","","","3.71,7.53,3.71","","",""
"SV1921","GDQP102","L01","ly_thuyet","0.67,0.67","0.67","","","",""
"SV1922","GDQP102","L01","ly_thuyet","0.91,0.91","0.91","","","",""
"SV1922","GDTC101","L01","thuc_hanh","","","7.11,9.37,7.11","","",""
"SV1922","INT1002","L01","ly_thuyet","8.62,8.62","8.62","","","",""
"SV1923","INT1002","L01","ly_thuyet","9.93,9.93","9.93","","","",""
"SV1923","GDTC101","L01","thuc_hanh","","","3.32,6.79,3.32","","",""
"SV1923","INT1001","L01","tich_hop","","","","1.32","6.4,4.46","6.4"
"SV1924","INT1002","L01","ly_thuyet","3.61,3.61","3.61","","","",""
"SV1924","GDTC101","L01","thuc_hanh","","","3.12,0.38,3.12","","",""
"SV1924","INT1003","L01","tich_hop","","","","2.01","2.47,6.26","2.47"
"SV1925","INT1002","L01","ly_thuyet","6.03,6.03","6.03","","","",""
"SV1925","GDTC101","L01","thuc_hanh","","","9.43,3.78,9.43","","",""
"SV1925","INT1001","L01","tich_hop","","","","1.43","8.49,6.84","8.49"
"SV1925","GDQP102","L01","ly_thuyet","3.3,3.3","3.3","","","",""
"SV1926","INT1003","L01","tich_hop","","","","9.08","1.24,8.27","1.24"
"SV1926","INT1001","L01","tich_hop","","","","4.81","6.11,7.68","6.11"
"SV1926","INT1002","L01","ly_thuyet","1.45,1.45","1.45","","","",""
"SV1927","INT1001","L01","tich_hop","","","","7.22","9.14,3.92","9.14"
"SV1927","INT1003","L01","tich_hop","","","","2.68","7.52,2.04","7.52"
"SV1927","INT1002","L01","ly_thuyet","5.09,5.09","5.09","","","",""
"SV1927","GDQP102","L01","ly_thuyet","7.14,7.14","7.14","","","",""
"SV1928","INT1002","L01","ly_thuyet","9.73,9.73","9.73","","","",""
"SV1928","INT1003","L01","tich_hop","","","","7","4.72,4.6","4.72"
"SV1928","INT1001","L01","tich_hop","","","","8.67","2.62,5","2.62"
"SV1928","GDQP102","L01","ly_thuyet","1.31,1.31","1.31","","","",""
"SV1929","GDQP102","L01","ly_thuyet","7.22,7.22","7.22","","","",""
"SV1929","INT1001","L01","tich_hop","","","","9.87","2.49,5.3","2.49"
"SV1929","GDTC101","L01","thuc_hanh","","","8.33,5.67,8.33","","",""
"SV1929","INT1002","L01","ly_thuyet","9.62,9.62","9.62","","","",""
"SV1930","GDQP102","L01","ly_thuyet","1.79,1.79","1.79","","","",""
"SV1930","GDTC101","L01","thuc_hanh","","","1.05,7.83,1.05","","",""
"SV1930","INT1003","L01","tich_hop","","","","8.1","8.19,4.72","8.19"
"SV1931","GDQP102","L01","ly_thuyet","5.02,5.02","5.02","","","",""
"SV1931","INT1001","L01","tich_hop","","","","5.72","1.4,7.5","1.4"
"SV1931","INT1003","L01","tich_hop","","","","1.81","2.47,1.39","2.47"
"SV1931","INT1002","L01","ly_thuyet","2.25,2.25","2.25","","","",""
"SV1932","INT1003","L01","tich_hop","","","","4.7","8.75,5.3","8.75"
"SV1932","GDQP102","L01","ly_thuyet","4.33,4.33","4.33","","","",""
"SV1932","INT1001","L01","tich_hop","","","","8.56","3.47,5.4","3.47"
"SV1932","INT1002","L01","ly_thuyet","6.23,6.23","6.23","","","",""
"SV1933","GDTC101","L01","thuc_hanh","","","8.62,2.97,8.62","","",""
"SV1933","INT1003","L01","tich_hop","","","","1.3","9.91,2.51","9.91"
"SV1934","GDTC101","L01","thuc_hanh","","","7.18,9.92,7.18","","",""
"SV1934","INT1002","L01","ly_thuyet","1.79,1.79","1.79","","","",""
"SV1934","INT1001","L01","tich_hop","","","","8.47","8.06,3.73","8.06"
"SV1935","GDTC101","L01","thuc_hanh","","","6.23,7.62,6.23","","",""
"SV1935","GDQP102","L01","ly_thuyet","3.55,3.55","3.55","","","",""
"SV1935","INT1002","L01","ly_thuyet","1.63,1.63","1.63","","","",""
"SV1936","GDTC101","L01","thuc_hanh","","","6.01,0.87,6.01","","",""
"SV1936","GDQP102","L01","ly_thuyet","7.23,7.23","7.23","","","",""
"SV1936","INT1003","L01","tich_hop","","","","6.48","9.49,7.95","9.49"
"SV1936","INT1001","L01","tich_hop","","","","4.81","4.01,3.09","4.01"
"SV1937","INT1002","L01","ly_thuyet","6.44,6.44","6.44","","","",""
"SV1937","INT1003","L01","tich_hop","","","","9.95","7.75,7.55","7.75"
"SV1937","GDTC101","L01","thuc_hanh","","","9.74,1.73,9.74","","",""
"SV1937","INT1001","L01","tich_hop","","","","6.98","5.32,7.9","5.32"
"SV1938","INT1003","L01","tich_hop","","","","5.11","8.91,3.03","8.91"
"SV1938","GDQP102","L01","ly_thuyet","4.71,4.71","4.71","","","",""
"SV1938","INT1001","L01","tich_hop","","","","6.12","2.05,3.36","2.05"
"SV1938","INT1002","L01","ly_thuyet","2.7,2.7","2.7","","","",""
"SV1939","INT1003","L01","tich_hop","","","","7.61","9.05,6.4","9.05"
"SV1939","GDTC101","L01","thuc_hanh","","","7.84,7.34,7.84","","",""
"SV1939","INT1002","L01","ly_thuyet","1.18,1.18","1.18","","","",""
"SV1940","INT1001","L01","tich_hop","","","","7.84","4.03,5.37","4.03"
"SV1940","INT1002","L01","ly_thuyet","6.03,6.03","6.03","","","",""
"SV1940","INT1003","L01","tich_hop","","","","5.56","9.29,6.99","9.29"
"SV1940","GDTC101","L01","thuc_hanh","","","5.19,9.48,5.19","","",""
"SV1941","GDTC101","L01","thuc_hanh","","","1.71,4.71,1.71","","",""
"SV1941","GDQP102","L01","ly_thuyet","7.93,7.93","7.93","","","",""
"SV1942","INT1001","L01","tich_hop","","","","9.91","5.59,4.03","5.59"
"SV1942","GDTC101","L01","thuc_hanh","","","6.11,7.01,6.11","","",""
"SV1942","INT1003","L01","tich_hop","","","","6.17","4.35,5.58","4.35"
"SV1942","INT1002","L01","ly_thuyet","0.86,0.86","0.86","","","",""
"SV1943","INT1001","L01","tich_hop","","","","4.84","6.15,3.23","6.15"
"SV1943","GDQP102","L01","ly_thuyet","4.54,4.54","4.54","","","",""
"SV1943","GDTC101","L01","thuc_hanh","","","2.06,9.77,2.06","","",""
"SV1944","INT1003","L01","tich_hop","","","","4.37","3.64,2.64","3.64"
"SV1944","INT1002","L01","ly_thuyet","5.76,5.76","5.76","","","",""
"SV1944","GDTC101","L01","thuc_hanh","","","8.73,0.07,8.73","","",""
"SV1944","INT1001","L01","tich_hop","","","","7.71","1.42,8.96","1.42"
"SV1945","GDQP102","L01","ly_thuyet","2.03,2.03","2.03","","","",""
"SV1945","INT1001","L01","tich_hop","","","","6.15","0.81,5.37","0.81"
"SV1946","INT1001","L01","tich_hop","","","","7.83","4.43,3.91","4.43"
"SV1946","GDTC101","L01","thuc_hanh","","","4.35,8.68,4.35","","",""
"SV1947","INT1001","L01","tich_hop","","","","8.79","2.08,7.25","2.08"
"SV1947","GDQP102","L01","ly_thuyet","8.82,8.82","8.82","","","",""
"SV1947","GDTC101","L01","thuc_hanh","","","2.96,1.92,2.96","","",""
"SV1947","INT1002","L01","ly_thuyet","0.89,0.89","0.89","","","",""
"SV1948","GDTC101","L01","thuc_hanh","","","1.46,8.43,1.46","","",""
"SV1948","INT1001","L01","tich_hop","","","","7.13","2.86,5.93","2.86"
"SV1948","GDQP102","L01","ly_thuyet","1.64,1.64","1.64","","","",""
"SV1948","INT1003","L01","tich_hop","","","","1.79","4.78,5.39","4.78"
"SV1949","INT1002","L01","ly_thuyet","1.02,1.02","1.02","","","",""
"SV1949","INT1003","L01","tich_hop","","","","4.81","3.49,4.27","3.49"
"SV1949","GDQP102","L01","ly_thuyet","2.15,2.15","2.15","","","",""
"SV1950","GDTC101","L01","thuc_hanh","","","7.73,6.14,7.73","","",""
"SV1950","INT1002","L01","ly_thuyet","0.78,0.78","0.78","","","",""
"SV1951","GDQP102","L01","ly_thuyet","2.33,2.33","2.33","","","",""
"SV1951","GDTC101","L01","thuc_hanh","","","7,1.11,7","","",""
"SV1951","INT1001","L01","tich_hop","","","","5.03","1.64,4.76","1.64"
"SV1952","GDTC101","L01","thuc_hanh","","","3.78,1.59,3.78","","",""
"SV1952","GDQP102","L01","ly_thuyet","1.62,1.62","1.62","","","",""
"SV1952","INT1003","L01","tich_hop","","","","7.14","2.83,6.47","2.83"
"SV1952","INT1001","L01","tich_hop","","","","1.92","1.65,4.52","1.65"
"SV1953","INT1001","L01","tich_hop","","","","6.54","2.18,8.72","2.18"
"SV1953","GDTC101","L01","thuc_hanh","","","8.48,6.43,8.48","","",""
"SV1954","INT1002","L01","ly_thuyet","9.09,9.09","9.09","","","",""
"SV1954","GDQP102","L01","ly_thuyet","8.56,8.56","8.56","","","",""
"SV1954","INT1001","L01","tich_hop","","","","1.47","5.31,1.66","5.31"
"SV1955","GDQP102","L01","ly_thuyet","6.26,6.26","6.26","","","",""
"SV1955","GDTC101","L01","thuc_hanh","","","9.95,2.59,9.95","","",""
"SV1956","GDTC101","L01","thuc_hanh","","","4.67,8.93,4.67","","",""
"SV1956","INT1002","L01","ly_thuyet","0.12,0.12","0.12","","","",""
"SV1957","GDQP102","L01","ly_thuyet","7.09,7.09","7.09","","","",""
"SV1957","INT1001","L01","tich_hop","","","","2.06","5.88,4.7","5.88"
"SV1958","INT1001","L01","tich_hop","","","","2.28","1.58,6.47","1.58"
"SV1958","INT1003","L01","tich_hop","","","","8.4","8.41,5.61","8.41"
"SV1958","GDTC101","L01","thuc_hanh","","","6.29,7.62,6.29","","",""
"SV1959","GDQP102","L01","ly_thuyet","4.34,4.34","4.34","","","",""
"SV1959","INT1001","L01","tich_hop","","","","6.79","5.06,3.74","5.06"
"SV1959","GDTC101","L01","thuc_hanh","","","1.9,2.21,1.9","","",""
"SV1959","INT1003","L01","tich_hop","","","","3.31","9.92,2.16","9.92"
"SV1960","INT1003","L01","tich_hop","","","","8.55","1.71,9.16","1.71"
"SV1960","GDQP102","L01","ly_thuyet","6.27,6.27","6.27","","","",""
"SV1960","INT1002","L01","ly_thuyet","6.43,6.43","6.43","","","",""
"SV1961","GDQP102","L01","ly_thuyet","3.64,3.64","3.64","","","",""
"SV1961","INT1003","L01","tich_hop","","","","5.55","6.08,3.1","6.08"
"SV1962","INT1003","L01","tich_hop","","","","6.79","0.84,6.7","0.84"
"SV1962","INT1001","L01","tich_hop","","","","4.32","8.19,5.38","8.19"
"SV1963","GDQP102","L01","ly_thuyet","2,2","2","","","",""
"SV1963","GDTC101","L01","thuc_hanh","","","1.25,5.98,1.25","","",""
"SV1963","INT1001","L01","tich_hop","","","","8.09","1.63,7.83","1.63"
"SV1963","INT1003","L01","tich_hop","","","","4.25","9.89,3.31","9.89"
"SV1964","GDQP102","L01","ly_thuyet","1.19,1.19","1.19","","","",""
"SV1964","INT1001","L01","tich_hop","","","","5.77","6.01,3.54","6.01"
"SV1964","GDTC101","L01","thuc_hanh","","","2.01,2.65,2.01","","",""
"SV1965","INT1002","L01","ly_thuyet","2.74,2.74","2.74","","","",""
"SV1965","INT1003","L01","tich_hop","","","","1.23","1.3,5.86","1.3"
"SV1966","INT1003","L01","tich_hop","","","","6.07","0.62,3.49","0.62"
"SV1966","GDQP102","L01","ly_thuyet","4,4","4","","","",""
"SV1967","GDTC101","L01","thuc_hanh","","","5.7,0.47,5.7","","",""
"SV1967","GDQP102","L01","ly_thuyet","1.83,1.83","1.83","","","",""
"SV1968","GDQP102","L01","ly_thuyet","6.15,6.15","6.15","","","",""
"SV1968","GDTC101","L01","thuc_hanh","","","3.25,5.57,3.25","","",""
"SV1968","INT1003","L01","tich_hop","","","","8.19","8.6,7.51","8.6"
"SV1968","INT1001","L01","tich_hop","","","","2","8.18,6.81","8.18"
"SV1969","INT1001","L01","tich_hop","","","","3.18","4.9,6.52","4.9"
"SV1969","INT1003","L01","tich_hop","","","","2.15","7.44,6","7.44"
"SV1969","INT1002","L01","ly_thuyet","1.82,1.82","1.82","","","",""
"SV1970","GDTC101","L01","thuc_hanh","","","7.68,3.11,7.68","","",""
"SV1970","INT1003","L01","tich_hop","","","","4.62","1.81,6.74","1.81"
"SV1971","GDTC101","L01","thuc_hanh","","","3.72,0.8,3.72","","",""
"SV1971","INT1003","L01","tich_hop","","","","6.81","5.37,3.92","5.37"
"SV1972","INT1003","L01","tich_hop","","","","6.11","6.2,7.84","6.2"
"SV1972","INT1001","L01","tich_hop","","","","7.87","2.33,4.38","2.33"
"SV1973","GDQP102","L01","ly_thuyet","4.14,4.14","4.14","","","",""
"SV1973","INT1002","L01","ly_thuyet","0.61,0.61","0.61","","","",""
"SV1973","INT1003","L01","tich_hop","","","","7.59","6.77,5.14","6.77"
"SV1973","GDTC101","L01","thuc_hanh","","","8.23,5.61,8.23","","",""
"SV1974","INT1002","L01","ly_thuyet","1.13,1.13","1.13","","","",""
"SV1974","GDTC101","L01","thuc_hanh","","","6.69,1.81,6.69","","",""
"SV1974","GDQP102","L01","ly_thuyet","9.68,9.68","9.68","","","",""
"SV1975","GDQP102","L01","ly_thuyet","9.01,9.01","9.01","","","",""
"SV1975","INT1002","L01","ly_thuyet","0.69,0.69","0.69","","","",""
"SV1975","GDTC101","L01","thuc_hanh","","","5.48,9.02,5.48","","",""
"SV1975","INT1001","L01","tich_hop","","","","3.16","3.88,5.57","3.88"
"SV1976","INT1003","L01","tich_hop","","","","3.3","3.19,5.48","3.19"
"SV1976","INT1001","L01","tich_hop","","","","3.07","6.44,5.79","6.44"
"SV1976","GDTC101","L01","thuc_hanh","","","1.76,4.7,1.76","","",""
"SV1977","GDTC101","L01","thuc_hanh","","","9.61,2.31,9.61","","",""
"SV1977","GDQP102","L01","ly_thuyet","3.81,3.81","3.81","","","",""
"SV1977","INT1001","L01","tich_hop","","","","7.52","3.9,7.42","3.9"
"SV1977","INT1003","L01","tich_hop","","","","4.52","2.86,5.78","2.86"
"SV1978","INT1002","L01","ly_thuyet","7.09,7.09","7.09","","","",""
"SV1978","INT1001","L01","tich_hop","","","","6.25","0.35,7.98","0.35"
"SV1978","INT1003","L01","tich_hop","","","","2.54","0.88,4.02","0.88"
"SV1979","INT1003","L01","tich_hop","","","","1.66","0.43,6.15","0.43"
"SV1979","GDTC101","L01","thuc_hanh","","","2.97,5.33,2.97","","",""
"SV1979","INT1001","L01","tich_hop","","","","2.4","9.26,3.19","9.26"
"SV1979","GDQP102","L01","ly_thuyet","2.87,2.87","2.87","","","",""
"SV1980","INT1001","L01","tich_hop","","","","9.43","9.82,4.12","9.82"
"SV1980","GDQP102","L01","ly_thuyet","1.98,1.98","1.98","","","",""
"SV1980","INT1002","L01","ly_thuyet","3.73,3.73","3.73","","","",""
"SV1981","INT1003","L01","tich_hop","","","","4.91","5.02,4.77","5.02"
"SV1981","INT1001","L01","tich_hop","","","","8.88","6.44,8.25","6.44"
"SV1981","GDQP102","L01","ly_thuyet","5.92,5.92","5.92","","","",""
"SV1982","INT1003","L01","tich_hop","","","","9.65","9.27,6.93","9.27"
"SV1982","GDTC101","L01","thuc_hanh","","","7.15,9.12,7.15","","",""
"SV1982","INT1002","L01","ly_thuyet","5.52,5.52","5.52","","","",""
"SV1983","GDTC101","L01","thuc_hanh","","","9.45,9.3,9.45","","",""
"SV1983","INT1001","L01","tich_hop","","","","6.52","9.25,4.65","9.25"
"SV1984","INT1002","L01","ly_thuyet","1.35,1.35","1.35","","","",""
"SV1984","INT1001","L01","tich_hop","","","","2.21","5.79,4.49","5.79"
"SV1985","GDQP102","L01","ly_thuyet","1.83,1.83","1.83","","","",""
"SV1985","INT1002","L01","ly_thuyet","6.35,6.35","6.35","","","",""
"SV1985","INT1001","L01","tich_hop","","","","2.71","8.28,6.44","8.28"
"SV1986","GDQP102","L01","ly_thuyet","2.53,2.53","2.53","","","",""
"SV1986","GDTC101","L01","thuc_hanh","","","7.62,9.24,7.62","","",""
"SV1986","INT1003","L01","tich_hop","","","","6.81","9.74,6.35","9.74"
"SV1987","INT1002","L01","ly_thuyet","6.29,6.29","6.29","","","",""
"SV1987","INT1003","L01","tich_hop","","","","6.43","5.77,5.22","5.77"
"SV1987","GDQP102","L01","ly_thuyet","3.01,3.01","3.01","","","",""
"SV1987","INT1001","L01","tich_hop","","","","2.32","8.89,5.36","8.89"
"SV1988","GDQP102","L01","ly_thuyet","2.68,2.68","2.68","","","",""
"SV1988","INT1002","L01","ly_thuyet","2.65,2.65","2.65","","","",""
"SV1988","INT1003","L01","tich_hop","","","","8.68","2.17,6.79","2.17"
"SV1989","GDQP102","L01","ly_thuyet","8.23,8.23","8.23","","","",""
"SV1989","INT1002","L01","ly_thuyet","4.86,4.86","4.86","","","",""
"SV1989","INT1001","L01","tich_hop","","","","1.63","6.43,4.17","6.43"
"SV1990","INT1003","L01","tich_hop","","","","4.4","7.8,3.83","7.8"
"SV1990","INT1001","L01","tich_hop","","","","1.7","3.32,1.72","3.32"
"SV1990","GDTC101","L01","thuc_hanh","","","7.79,8.91,7.79","","",""
"SV1990","INT1002","L01","ly_thuyet","7.29,7.29","7.29","","","",""
"SV1991","INT1003","L01","tich_hop","","","","6.14","8.7,6.23","8.7"
"SV1991","GDQP102","L01","ly_thuyet","2.66,2.66","2.66","","","",""
"SV1991","GDTC101","L01","thuc_hanh","","","9.13,3.12,9.13","","",""
"SV1991","INT1002","L01","ly_thuyet","0.49,0.49","0.49","","","",""
"SV1992","GDTC101","L01","thuc_hanh","","","6.65,7.29,6.65","","",""
"SV1992","INT1002","L01","ly_thuyet","2.11,2.11","2.11","","","",""
"SV1992","GDQP102","L01","ly_thuyet","5.53,5.53","5.53","","","",""
"SV1992","INT1001","L01","tich_hop","","","","7.34","6.17,7.56","6.17"
"SV1993","INT1002","L01","ly_thuyet","1.71,1.71","1.71","","","",""
"SV1993","GDQP102","L01","ly_thuyet","4.11,4.11","4.11","","","",""
"SV1993","INT1003","L01","tich_hop","","","","5.09","3.9,3.61","3.9"
"SV1994","INT1003","L01","tich_hop","","","","7.8","9.37,7.2","9.37"
"SV1994","GDTC101","L01","thuc_hanh","","","8.3,8.27,8.3","","",""
"SV1994","INT1002","L01","ly_thuyet","1.28,1.28","1.28","","","",""
"SV1994","GDQP102","L01","ly_thuyet","3.64,3.64","3.64","","","",""
"SV1995","GDQP102","L01","ly_thuyet","9.48,9.48","9.48","","","",""
"SV1995","GDTC101","L01","thuc_hanh","","","4.18,9.24,4.18","","",""
"SV1996","GDTC101","L01","thuc_hanh","","","5.11,1.34,5.11","","",""
"SV1996","INT1001","L01","tich_hop","","","","7.49","2.69,4.26","2.69"
"SV1996","GDQP102","L01","ly_thuyet","2.36,2.36","2.36","","","",""
"SV1997","GDTC101","L01","thuc_hanh","","","6.78,9.49,6.78","","",""
"SV1997","INT1002","L01","ly_thuyet","9.2,9.2","9.2","","","",""
"SV1997","GDQP102","L01","ly_thuyet","9.87,9.87","9.87","","","",""
"SV1998","GDTC101","L01","thuc_hanh","","","3.05,3.73,3.05","","",""
"SV1998","INT1002","L01","ly_thuyet","5.89,5.89","5.89","","","",""
"SV1999","INT1001","L01","tich_hop","","","","2.13","0.12,1.85","0.12"
"SV1999","INT1002","L01","ly_thuyet","9.16,9.16","9.16","","","",""
"SV1999","INT1003","L01","tich_hop","","","","6.88","2.97,6.32","2.97"
"SV2000","INT1002","L01","ly_thuyet","1.77,1.77","1.77","","","",""
"SV2000","INT1001","L01","tich_hop","","","","6.21","7.52,4.12","7.52"
"SV2000","INT1003","L01","tich_hop","","","","3.46","5.29,6.91","5.29"
"SV2000","GDQP102","L01","ly_thuyet","6.47,6.47","6.47","","","",""
