student_id,student_name,ma_mon,ten_mon,ma_lop_hoc_phan,loai_hoc_phan,so_chi_lt,so_chi_th,thuong_xuyen_1,thuong_xuyen_2,giua_ky,thuc_hanh_1,thuc_hanh_2,thuc_hanh_3,diem_tich_luy_hien_tai,status_canh_bao,diem_trung_binh_thuc_hanh,diem_cuoi_ky_tich_hop,diem_chu_hien_tai,status_canh_bao_final
SV1001,Trần Minh An,INT1002,Cơ sở dữ liệu,INT1002_L01,ly_thuyet,3.0,0.0,8.566868,5.631246,3.9797945,8.339751,5.483545,9.560657,3.6384987831115723,Nguy co rot mon,0.0,3.6384987831115723,F,Nguy co rot mon
SV1001,Trần Minh An,INT1001,Lập trình Python,INT1001_L01,tich_hop,2.0,1.0,4.085397,7.037439,4.139195,3.5615726,3.675138,8.011298,5.085785388946533,An toan,5.0826697,5.085785388946533,D+,An toan
SV1002,Phạm Đức Linh,INT1002,Cơ sở dữ liệu,INT1002_L01,ly_thuyet,3.0,0.0,7.7834516,9.298092,3.0678937,6.5061536,9.84911,7.0042205,9.457036972045898,An toan,0.0,9.457036972045898,A+,An toan
SV1002,Phạm Đức Linh,GDTC101,Giáo dục thể chất 1*,GDTC101_L01,thuc_hanh,0.0,1.0,8.125182,4.547089,3.8210862,4.7489014,4.0463014,8.227683,2.374814987182617,Nguy co rot mon,5.674295,2.374814987182617,F,Nguy co rot mon
SV1003,Phạm Thu Nam,INT1003,Phát triển ứng dụng,INT1003_L01,tich_hop,2.0,1.5,7.8111315,8.555687,8.159398,6.3321567,6.4986405,8.137838,7.66717917578561,Nguy co rot mon,6.9895453,7.66717917578561,B,An toan
SV1003,Phạm Thu Nam,GDTC101,Giáo dục thể chất 1*,GDTC101_L01,thuc_hanh,0.0,1.0,4.837864,8.787023,4.502786,3.879661,4.097693,6.360501,4.400318622589111,An toan,4.779285,4.400318622589111,D,An toan
SV1003,Phạm Thu Nam,INT1001,Lập trình Python,INT1001_L01,tich_hop,2.0,1.0,5.9910474,6.0968943,1.2555629,5.251487,5.5630674,8.315774,5.090815385182698,An toan,6.376776,5.090815385182698,D+,An toan
SV1004,Hoàng Hoàng Phương,GDTC101,Giáo dục thể chất 1*,GDTC101_L01,thuc_hanh,0.0,1.0,8.9400215,5.100593,2.968337,6.2773232,9.683961,6.8472605,0.5749059319496155,Nguy co rot mon,7.602848,0.5749059319496155,F,Nguy co rot mon
SV1004,Hoàng Hoàng Phương,INT1003,Phát triển ứng dụng,INT1003_L01,tich_hop,2.0,1.5,2.1643333,9.283355,4.7309904,9.957354,4.6750884,5.4295635,5.94765397480556,An toan,6.6873355,5.94765397480556,C,An toan
SV1005,Trần Thị Phương,GDTC101,Giáo dục thể chất 1*,GDTC101_L01,thuc_hanh,0.0,1.0,4.996528,9.44709,5.020522,8.99519,4.99819,6.2143536,5.53054666519165,An toan,6.735911,5.53054666519165,C,An toan
SV1005,Trần Thị Phương,INT1001,Lập trình Python,INT1001_L01,tich_hop,2.0,1.0,4.833892,7.4388666,9.245552,3.7981362,5.5063977,3.0242367,6.151710033416748,An toan,4.10959,6.151710033416748,C+,An toan
SV1005,Trần Thị Phương,GDQP102,Giáo dục quốc phòng*,GDQP102_L01,ly_thuyet,3.0,0.0,8.217017,5.030538,4.683764,9.181282,8.827464,3.955467,1.3318886756896973,Nguy co rot mon,0.0,1.3318886756896973,F,Nguy co rot mon
SV1005,Trần Thị Phương,INT1002,Cơ sở dữ liệu,INT1002_L01,ly_thuyet,3.0,0.0,9.754444,3.513057,7.35336,4.236272,9.310245,6.1951084,6.658025741577148,An toan,0.0,6.658025741577148,C+,An toan
SV1006,Vũ Hải Anh,INT1002,Cơ sở dữ liệu,INT1002_L01,ly_thuyet,3.0,0.0,8.722652,5.0067515,3.3485346,7.703121,9.5435295,5.921586,9.621715545654297,An toan,0.0,9.621715545654297,A+,An toan
SV1006,Vũ Hải Anh,INT1001,Lập trình Python,INT1001_L01,tich_hop,2.0,1.0,6.8498273,7.3315225,8.594792,5.3837385,4.545501,8.419643,7.1001296043396,Nguy co rot mon,6.1162944,7.1001296043396,B,An toan
SV1006,Vũ Hải Anh,GDTC101,Giáo dục thể chất 1*,GDTC101_L01,thuc_hanh,0.0,1.0,5.2583604,3.5081732,3.977961,5.2029586,8.052398,8.247969,5.613796710968018,An toan,7.1677747,5.613796710968018,C,An toan
SV1007,Bùi Thảo Khoa,GDTC101,Giáo dục thể chất 1*,GDTC101_L01,thuc_hanh,0.0,1.0,8.486085,4.475163,2.5245953,8.7484255,4.5834994,3.1938372,0.5808756947517395,Nguy co rot mon,5.508587,0.5808756947517395,F,Nguy co rot mon
SV1007,Bùi Thảo Khoa,INT1002,Cơ sở dữ liệu,INT1002_L01,ly_thuyet,3.0,0.0,7.8565273,2.7033672,4.038952,6.925552,9.546416,4.262765,3.490483522415161,Nguy co rot mon,0.0,3.490483522415161,F,Nguy co rot mon
SV1008,Lê Văn Bình,GDQP102,Giáo dục quốc phòng*,GDQP102_L01,ly_thuyet,3.0,0.0,7.567941,6.3779755,8.08762,7.2082357,5.1912127,5.451356,8.700945854187012,An toan,0.0,8.700945854187012,A,An toan
SV1008,Lê Văn Bình,INT1003,Phát triển ứng dụng,INT1003_L01,tich_hop,2.0,1.5,7.1286798,4.364882,8.320387,3.9093094,9.261432,7.874387,6.78053263255528,Nguy co rot mon,7.015043,6.78053263255528,C+,An toan
SV1009,Trần Văn Bình,INT1002,Cơ sở dữ liệu,INT1002_L01,ly_thuyet,3.0,0.0,5.125559,3.136185,9.936722,7.0467553,4.5790315,3.4827359,7.882450580596924,An toan,0.0,7.882450580596924,B,An toan
SV1009,Trần Văn Bình,GDQP102,Giáo dục quốc phòng*,GDQP102_L01,ly_thuyet,3.0,0.0,3.537136,3.8189123,3.8999097,6.78269,9.537001,8.232752,8.303095817565918,An toan,0.0,8.303095817565918,B+,An toan
SV1009,Trần Văn Bình,GDTC101,Giáo dục thể chất 1*,GDTC101_L01,thuc_hanh,0.0,1.0,3.031405,7.7326813,7.953452,4.1485896,7.6488314,6.930868,7.576363563537598,An toan,6.242763,7.576363563537598,B,An toan
SV1010,Nguyễn Hoàng Anh,GDTC101,Giáo dục thể chất 1*,GDTC101_L01,thuc_hanh,0.0,1.0,4.4269543,3.6054032,2.8455696,5.0018992,9.806544,3.0439389,7.959225654602051,An toan,5.950794,7.959225654602051,B,An toan
SV1010,Nguyễn Hoàng Anh,GDQP102,Giáo dục quốc phòng*,GDQP102_L01,ly_thuyet,3.0,0.0,9.588347,2.4178803,2.5817826,9.301259,8.594848,5.490603,5.095726490020752,An toan,0.0,5.095726490020752,D+,An toan
SV1011,Phan Hải Hùng,INT1003,Phát triển ứng dụng,INT1003_L01,tich_hop,2.0,1.5,5.8288407,4.2741275,8.881288,6.1111817,7.2667265,4.287893,6.139734881264823,An toan,5.888601,6.139734881264823,C+,An toan
SV1011,Phan Hải Hùng,INT1002,Cơ sở dữ liệu,INT1002_L01,ly_thuyet,3.0,0.0,8.2432165,3.9512289,4.656979,8.920923,3.0905662,7.6603746,3.1425282955169678,Nguy co rot mon,0.0,3.1425282955169678,F,Nguy co rot mon
SV1011,Phan Hải Hùng,GDTC101,Giáo dục thể chất 1*,GDTC101_L01,thuc_hanh,0.0,1.0,4.581009,5.7675276,9.195016,4.1050754,5.618478,9.682671,2.9473421573638916,Nguy co rot mon,6.468741,2.9473421573638916,F,Nguy co rot mon
SV1011,Phan Hải Hùng,GDQP102,Giáo dục quốc phòng*,GDQP102_L01,ly_thuyet,3.0,0.0,7.828603,8.293281,7.611675,6.7317066,3.0284367,4.2565002,3.2126646041870117,Nguy co rot mon,0.0,3.2126646041870117,F,Nguy co rot mon
SV1012,Lê Đức Phương,INT1002,Cơ sở dữ liệu,INT1002_L01,ly_thuyet,3.0,0.0,9.184059,5.14477,2.776758,3.3386626,7.4853415,9.734558,5.4663214683532715,An toan,0.0,5.4663214683532715,D+,An toan
SV1012,Lê Đức Phương,INT1001,Lập trình Python,INT1001_L01,tich_hop,2.0,1.0,3.6844563,4.7708945,8.2674,7.879029,4.0123663,3.9873939,5.480477174123128,An toan,5.29293,5.480477174123128,D+,An toan
SV1013,Phan Tuấn Linh,INT1002,Cơ sở dữ liệu,INT1002_L01,ly_thuyet,3.0,0.0,6.4682355,9.762873,3.60347,7.2952747,3.933612,5.2483974,9.465975761413574,An toan,0.0,9.465975761413574,A+,An toan
SV1013,Phan Tuấn Linh,GDQP102,Giáo dục quốc phòng*,GDQP102_L01,ly_thuyet,3.0,0.0,3.3701096,6.36617,5.997546,9.084513,8.873396,7.658626,3.1695289611816406,Nguy co rot mon,0.0,3.1695289611816406,F,Nguy co rot mon
SV1013,Phan Tuấn Linh,INT1001,Lập trình Python,INT1001_L01,tich_hop,2.0,1.0,3.955349,5.797045,5.771123,4.5650764,3.795633,4.1548653,4.840289910634358,An toan,4.1718583,4.840289910634358,D,An toan
SV1013,Phan Tuấn Linh,GDTC101,Giáo dục thể chất 1*,GDTC101_L01,thuc_hanh,0.0,1.0,6.525868,8.000088,8.731062,6.104078,7.4566526,5.994938,9.836657524108887,An toan,6.518556,9.836657524108887,A+,An toan
SV1014,Phạm Thảo Nam,INT1001,Lập trình Python,INT1001_L01,tich_hop,2.0,1.0,4.3276725,2.0222096,5.2044053,9.711935,4.4517803,8.009527,5.031312942504883,An toan,7.391081,5.031312942504883,D+,An toan
SV1014,Phạm Thảo Nam,INT1003,Phát triển ứng dụng,INT1003_L01,tich_hop,2.0,1.5,5.249731,7.1860986,5.133512,4.6298313,7.090759,7.730589,6.125281197684152,Nguy co rot mon,6.4837265,6.125281197684152,C+,An toan
SV1014,Phạm Thảo Nam,INT1002,Cơ sở dữ liệu,INT1002_L01,ly_thuyet,3.0,0.0,3.4523168,8.512814,8.724237,3.306797,3.440497,6.76131,4.930774688720703,An toan,0.0,4.930774688720703,D,An toan
SV1014,Phạm Thảo Nam,GDTC101,Giáo dục thể chất 1*,GDTC101_L01,thuc_hanh,0.0,1.0,9.68252,8.139752,7.9625754,5.9668097,8.555539,6.321706,8.898859024047852,An toan,6.9480186,8.898859024047852,A,An toan
SV1015,Hoàng Thảo Linh,INT1001,Lập trình Python,INT1001_L01,tich_hop,2.0,1.0,3.9300523,5.5442176,2.0714285,3.8296657,9.325037,8.099554,4.927294890085856,Nguy co rot mon,7.0847526,4.927294890085856,D,An toan
SV1015,Hoàng Thảo Linh,GDQP102,Giáo dục quốc phòng*,GDQP102_L01,ly_thuyet,3.0,0.0,9.698529,6.4268436,9.719598,4.30402,4.899819,8.738891,2.7902846336364746,Nguy co rot mon,0.0,2.7902846336364746,F,Nguy co rot mon
SV1015,Hoàng Thảo Linh,INT1003,Phát triển ứng dụng,INT1003_L01,tich_hop,2.0,1.5,2.430319,5.479682,3.6035311,8.636626,4.1709824,4.6953096,4.693470614297049,Nguy co rot mon,5.8343062,4.693470614297049,D,An toan
SV1016,Phạm Minh Linh,INT1001,Lập trình Python,INT1001_L01,tich_hop,2.0,1.0,2.278715,6.4883046,7.2441626,4.0234466,3.0809698,7.9508467,5.230847358703613,Nguy co rot mon,5.018421,5.230847358703613,D+,An toan
SV1016,Phạm Minh Linh,INT1002,Cơ sở dữ liệu,INT1002_L01,ly_thuyet,3.0,0.0,4.526104,3.7639933,2.5776055,3.5866036,6.692736,9.854637,4.4474968910217285,An toan,0.0,4.4474968910217285,D,An toan
SV1016,Phạm Minh Linh,INT1003,Phát triển ứng dụng,INT1003_L01,tich_hop,2.0,1.5,4.3756227,5.791597,2.4672596,7.498481,9.704471,4.043825,5.441821166447231,Nguy co rot mon,7.0822587,5.441821166447231,D+,An toan
SV1017,Phan Hải Chinh,INT1001,Lập trình Python,INT1001_L01,tich_hop,2.0,1.0,7.29564,3.3462396,7.710282,6.773203,6.120755,3.6536798,5.916884581247966,An toan,5.515879,5.916884581247966,C,An toan
SV1017,Phan Hải Chinh,INT1003,Phát triển ứng dụng,INT1003_L01,tich_hop,2.0,1.5,7.0736184,3.0698774,1.7119908,4.8314776,7.0235467,6.992304,4.950663225991385,Nguy co rot mon,6.2824426,4.950663225991385,D,An toan
SV1017,Phan Hải Chinh,INT1002,Cơ sở dữ liệu,INT1002_L01,ly_thuyet,3.0,0.0,2.918619,2.708491,7.1086555,9.64317,3.6780505,4.952766,2.2380597591400146,Nguy co rot mon,0.0,2.2380597591400146,F,Nguy co rot mon
SV1018,Lê Minh Đức,GDTC101,Giáo dục thể chất 1*,GDTC101_L01,thuc_hanh,0.0,1.0,4.766572,6.010331,8.715388,8.163018,8.23388,7.6188073,2.4685134887695312,Nguy co rot mon,8.005235,2.4685134887695312,F,Nguy co rot mon
SV1018,Lê Minh Đức,INT1001,Lập trình Python,INT1001_L01,tich_hop,2.0,1.0,3.1574645,2.1586897,9.431752,7.6633654,8.040053,8.462008,5.96236006418864,An toan,8.055142,5.96236006418864,C,An toan
SV1018,Lê Minh Đức,INT1003,Phát triển ứng dụng,INT1003_L01,tich_hop,2.0,1.5,4.621465,4.606714,9.166366,8.3053875,9.215453,6.218218,6.895016806466239,An toan,7.913019,6.895016806466239,C+,An toan
SV1018,Lê Minh Đức,INT1002,Cơ sở dữ liệu,INT1002_L01,ly_thuyet,3.0,0.0,3.6222892,6.223298,9.780973,4.5203156,3.924015,8.605172,0.5946456789970398,Nguy co rot mon,0.0,0.5946456789970398,F,Nguy co rot mon
SV1019,Đặng Văn Anh,INT1003,Phát triển ứng dụng,INT1003_L01,tich_hop,2.0,1.5,3.3643084,4.4400964,2.0334747,7.7049785,6.8810463,3.5708354,4.4677188737051825,An toan,6.0522866,4.4677188737051825,D,An toan
SV1019,Đặng Văn Anh,GDQP102,Giáo dục quốc phòng*,GDQP102_L01,ly_thuyet,3.0,0.0,9.129295,9.008066,4.7421083,7.381077,3.0466805,5.466003,2.986543655395508,Nguy co rot mon,0.0,2.986543655395508,F,Nguy co rot mon
SV1020,Lê Đức Phương,INT1003,Phát triển ứng dụng,INT1003_L01,tich_hop,2.0,1.5,4.3431544,8.150511,5.166871,7.9153786,6.753462,9.020947,6.748167651040213,An toan,7.8965964,6.748167651040213,C+,An toan
SV1020,Lê Đức Phương,INT1001,Lập trình Python,INT1001_L01,tich_hop,2.0,1.0,6.939377,5.1235723,4.810635,6.535208,5.892715,6.372194,5.838587601979573,An toan,6.266706,5.838587601979573,C,An toan
SV1020,Lê Đức Phương,GDQP102,Giáo dục quốc phòng*,GDQP102_L01,ly_thuyet,3.0,0.0,7.0749326,4.230783,9.533973,9.247862,8.800885,8.114707,8.527716636657715,An toan,0.0,8.527716636657715,A,An toan
SV1021,Nguyễn Minh Trang,INT1003,Phát triển ứng dụng,INT1003_L01,tich_hop,2.0,1.5,5.8352027,5.8922014,2.9651504,9.376868,3.2702024,4.169591,5.200962134769985,An toan,5.605554,5.200962134769985,D+,An toan
SV1021,Nguyễn Minh Trang,GDTC101,Giáo dục thể chất 1*,GDTC101_L01,thuc_hanh,0.0,1.0,9.684102,3.584975,6.304683,4.611115,8.771699,9.768061,8.9386625289917,An toan,7.7169585,8.9386625289917,A,An toan
SV1021,Nguyễn Minh Trang,INT1001,Lập trình Python,INT1001_L01,tich_hop,2.0,1.0,3.0773807,6.3738327,7.832034,3.2773519,4.492648,6.9959316,5.481381257375081,Nguy co rot mon,4.9219775,5.481381257375081,D+,An toan
SV1021,Nguyễn Minh Trang,GDQP102,Giáo dục quốc phòng*,GDQP102_L01,ly_thuyet,3.0,0.0,2.422002,9.360617,3.6956377,9.516114,8.980886,7.247582,3.0371110439300537,Nguy co rot mon,0.0,3.0371110439300537,F,Nguy co rot mon
SV1022,Lê Tuấn Trang,INT1003,Phát triển ứng dụng,INT1003_L01,tich_hop,2.0,1.5,5.552529,4.7538238,5.4097404,6.177088,5.6409216,4.1337004,5.272357055119106,An toan,5.3172364,5.272357055119106,D+,An toan
SV1022,Lê Tuấn Trang,GDQP102,Giáo dục quốc phòng*,GDQP102_L01,ly_thuyet,3.0,0.0,8.5455265,2.7427025,5.950646,5.6325045,8.033427,4.6533546,6.038941860198975,An toan,0.0,6.038941860198975,C+,An toan
SV1023,Nguyễn Hoàng Anh,INT1002,Cơ sở dữ liệu,INT1002_L01,ly_thuyet,3.0,0.0,8.782047,6.344553,3.440503,4.7722416,7.148667,6.3603435,0.9645814299583435,Nguy co rot mon,0.0,0.9645814299583435,F,Nguy co rot mon
SV1023,Nguyễn Hoàng Anh,INT1001,Lập trình Python,INT1001_L01,tich_hop,2.0,1.0,5.062657,2.925696,4.273167,6.7984385,8.898281,7.15446,5.263802369435628,Nguy co rot mon,7.61706,5.263802369435628,D+,An toan
SV1023,Nguyễn Hoàng Anh,GDQP102,Giáo dục quốc phòng*,GDQP102_L01,ly_thuyet,3.0,0.0,7.0512123,6.430374,1.8686794,7.2665234,5.8926587,4.498815,5.545734405517578,An toan,0.0,5.545734405517578,C,An toan
SV1024,Bùi Văn Anh,INT1003,Phát triển ứng dụng,INT1003_L01,tich_hop,2.0,1.5,2.7942924,2.592014,2.0143867,4.0351644,4.1100683,3.2222483,3.0335817677634105,Nguy co rot mon,3.7891605,3.0335817677634105,F,Nguy co rot mon
SV1024,Bùi Văn Anh,GDQP102,Giáo dục quốc phòng*,GDQP102_L01,ly_thuyet,3.0,0.0,3.9509342,3.3014863,8.079339,6.3700943,7.0577135,6.4500885,0.8447399139404297,Nguy co rot mon,0.0,0.8447399139404297,F,Nguy co rot mon
SV1024,Bùi Văn Anh,INT1001,Lập trình Python,INT1001_L01,tich_hop,2.0,1.0,6.966414,4.870639,1.1572577,6.3535404,9.449069,8.324634,5.568429629007976,An toan,8.042415,5.568429629007976,C,An toan
SV1025,Đặng Thu Bình,GDTC101,Giáo dục thể chất 1*,GDTC101_L01,thuc_hanh,0.0,1.0,8.192905,4.931462,2.4780526,9.331247,9.530662,7.1719875,1.8870832920074463,Nguy co rot mon,8.677965,1.8870832920074463,F,Nguy co rot mon
SV1025,Đặng Thu Bình,INT1001,Lập trình Python,INT1001_L01,tich_hop,2.0,1.0,5.6821036,8.50829,4.2938967,4.412634,3.5183165,3.5545244,5.383784055709839,Nguy co rot mon,3.8284914,5.383784055709839,D+,An toan
SV1025,Đặng Thu Bình,INT1002,Cơ sở dữ liệu,INT1002_L01,ly_thuyet,3.0,0.0,4.620129,3.4567704,2.9167662,9.614269,8.140517,3.2835753,7.283579349517822,An toan,0.0,7.283579349517822,B,An toan
SV1025,Đặng Thu Bình,INT1003,Phát triển ứng dụng,INT1003_L01,tich_hop,2.0,1.5,8.322088,3.4081824,1.012152,3.4921727,8.535583,4.753576,4.8244611876351495,Nguy co rot mon,5.593777,4.8244611876351495,D,An toan
SV1026,Bùi Thảo Trang,GDQP102,Giáo dục quốc phòng*,GDQP102_L01,ly_thuyet,3.0,0.0,5.9640975,2.0792432,1.6687287,9.84776,6.894337,5.2290187,4.0892133712768555,An toan,0.0,4.0892133712768555,D,An toan
SV1026,Bùi Thảo Trang,INT1002,Cơ sở dữ liệu,INT1002_L01,ly_thuyet,3.0,0.0,4.635029,7.267996,2.9194715,5.2026634,3.4938395,6.782446,5.071647644042969,An toan,0.0,5.071647644042969,D+,An toan
SV1026,Bùi Thảo Trang,INT1003,Phát triển ứng dụng,INT1003_L01,tich_hop,2.0,1.5,9.718231,3.4750226,8.9212055,7.279693,9.3473625,7.4664397,7.6542060034615655,An toan,8.031165,7.6542060034615655,B,An toan
SV1027,Hoàng Văn An,GDTC101,Giáo dục thể chất 1*,GDTC101_L01,thuc_hanh,0.0,1.0,5.4018927,4.755875,1.4571358,7.542983,5.62101,7.574486,7.4435834884643555,An toan,6.9128265,7.4435834884643555,B,An toan
SV1027,Hoàng Văn An,INT1002,Cơ sở dữ liệu,INT1002_L01,ly_thuyet,3.0,0.0,8.519516,8.703046,4.6403155,8.074405,9.384743,5.944744,7.014125347137451,An toan,0.0,7.014125347137451,B,An toan
SV1027,Hoàng Văn An,INT1003,Phát triển ứng dụng,INT1003_L01,tich_hop,2.0,1.5,2.8329642,6.042247,1.3993819,3.9061067,6.0601826,3.0136373,3.811340536390032,An toan,4.3266425,3.811340536390032,F,Nguy co rot mon
SV1027,Hoàng Văn An,INT1001,Lập trình Python,INT1001_L01,tich_hop,2.0,1.0,2.0934017,2.7250307,6.4054427,5.7163777,7.8812194,5.901669,4.660779635111491,An toan,6.4997554,4.660779635111491,D,An toan
SV1028,Bùi Thị Hùng,GDQP102,Giáo dục quốc phòng*,GDQP102_L01,ly_thuyet,3.0,0.0,4.3413806,7.934705,3.8980548,4.5247707,8.757486,7.181096,1.745342493057251,Nguy co rot mon,0.0,1.745342493057251,F,Nguy co rot mon
SV1028,Bùi Thị Hùng,GDTC101,Giáo dục thể chất 1*,GDTC101_L01,thuc_hanh,0.0,1.0,6.871574,9.468886,2.3171842,3.0607855,9.79758,6.1199455,3.6361875534057617,Nguy co rot mon,6.326103,3.6361875534057617,F,Nguy co rot mon
SV1028,Bùi Thị Hùng,INT1003,Phát triển ứng dụng,INT1003_L01,tich_hop,2.0,1.5,8.634202,7.582312,8.086942,6.874602,3.6774344,8.406829,7.337638854980469,Nguy co rot mon,6.319622,7.337638854980469,B,An toan
SV1029,Phạm Thu Trang,INT1001,Lập trình Python,INT1001_L01,tich_hop,2.0,1.0,3.0571866,4.3121157,4.326965,7.106771,3.809342,3.5204802,4.2032364209493,Nguy co rot mon,4.8121977,4.2032364209493,D,An toan
SV1029,Phạm Thu Trang,INT1002,Cơ sở dữ liệu,INT1002_L01,ly_thuyet,3.0,0.0,4.2786756,8.720055,8.343228,3.5823572,7.9120836,3.256048,2.707303762435913,Nguy co rot mon,0.0,2.707303762435913,F,Nguy co rot mon
SV1030,Vũ Thị Bình,INT1003,Phát triển ứng dụng,INT1003_L01,tich_hop,2.0,1.5,6.5427346,8.405385,6.4853625,6.762608,4.414675,3.8636203,6.2312686783926825,An toan,5.013634,6.2312686783926825,C+,An toan
SV1030,Vũ Thị Bình,INT1001,Lập trình Python,INT1001_L01,tich_hop,2.0,1.0,5.2307897,8.431881,2.5179887,6.752721,8.173355,3.4919038,5.6421440442403155,An toan,6.1393266,5.6421440442403155,C,An toan
SV1030,Vũ Thị Bình,INT1002,Cơ sở dữ liệu,INT1002_L01,ly_thuyet,3.0,0.0,5.3743014,9.190556,3.0024805,7.78585,6.81518,3.2606637,8.114500045776367,An toan,0.0,8.114500045776367,B+,An toan
SV1030,Vũ Thị Bình,GDQP102,Giáo dục quốc phòng*,GDQP102_L01,ly_thuyet,3.0,0.0,6.4041023,8.53423,7.4388156,4.5274267,8.32384,9.997496,8.447453498840332,An toan,0.0,8.447453498840332,B+,An toan
SV1031,Đỗ Minh Linh,INT1003,Phát triển ứng dụng,INT1003_L01,tich_hop,2.0,1.5,8.103791,8.905276,5.0272126,5.8712883,8.555254,7.7108455,7.359870638166155,Nguy co rot mon,7.3791294,7.359870638166155,B,An toan
SV1031,Đỗ Minh Linh,GDQP102,Giáo dục quốc phòng*,GDQP102_L01,ly_thuyet,3.0,0.0,9.145521,9.053047,6.9493694,8.742354,5.906636,3.0695405,8.046329498291016,An toan,0.0,8.046329498291016,B+,An toan
SV1031,Đỗ Minh Linh,INT1001,Lập trình Python,INT1001_L01,tich_hop,2.0,1.0,7.558555,9.134467,4.18833,6.3348613,5.3201528,9.034272,6.9391099611918134,An toan,6.8964286,6.9391099611918134,C+,An toan
SV1032,Phan Minh Trang,GDTC101,Giáo dục thể chất 1*,GDTC101_L01,thuc_hanh,0.0,1.0,3.5874991,4.8146367,7.121197,8.387831,7.213961,9.211058,0.820475697517395,Nguy co rot mon,8.270949,0.820475697517395,F,Nguy co rot mon
SV1032,Phan Minh Trang,INT1003,Phát triển ứng dụng,INT1003_L01,tich_hop,2.0,1.5,5.8947353,2.39523,3.144988,7.2296247,8.327812,8.368911,5.596136025020054,An toan,7.975449,5.596136025020054,C,An toan
SV1032,Phan Minh Trang,INT1002,Cơ sở dữ liệu,INT1002_L01,ly_thuyet,3.0,0.0,3.4094014,3.108265,8.234727,7.723465,9.190342,8.419868,0.14172779023647308,Nguy co rot mon,0.0,0.14172779023647308,F,Nguy co rot mon
SV1033,Bùi Văn Linh,INT1001,Lập trình Python,INT1001_L01,tich_hop,2.0,1.0,7.823606,2.4259212,4.3418427,9.549452,7.959603,5.2076497,5.766604900360107,Nguy co rot mon,7.5722346,5.766604900360107,C,An toan
SV1033,Bùi Văn Linh,INT1002,Cơ sở dữ liệu,INT1002_L01,ly_thuyet,3.0,0.0,3.358454,6.179863,7.676464,8.290436,9.595438,5.7238073,5.2822980880737305,An toan,0.0,5.2822980880737305,D+,An toan
SV1033,Bùi Văn Linh,INT1003,Phát triển ứng dụng,INT1003_L01,tich_hop,2.0,1.5,6.928023,7.395125,2.0193284,6.2033844,3.2430525,5.190455,5.203837190355573,An toan,4.878964,5.203837190355573,D+,An toan
SV1034,Phan Ngọc Vy,GDTC101,Giáo dục thể chất 1*,GDTC101_L01,thuc_hanh,0.0,1.0,2.8917155,2.555185,5.973451,4.9930797,5.380454,9.287585,5.931146621704102,An toan,6.5537057,5.931146621704102,C,An toan
SV1034,Phan Ngọc Vy,INT1002,Cơ sở dữ liệu,INT1002_L01,ly_thuyet,3.0,0.0,7.1908946,3.6611214,5.5462084,5.506278,4.3363085,6.6434007,7.809823036193848,An toan,0.0,7.809823036193848,B,An toan
SV1034,Phan Ngọc Vy,INT1003,Phát triển ứng dụng,INT1003_L01,tich_hop,2.0,1.5,9.184466,6.3524766,6.699149,5.258793,3.4884403,7.47374,6.552728176116943,An toan,5.4069915,6.552728176116943,C+,An toan
SV1035,Vũ Hải An,INT1001,Lập trình Python,INT1001_L01,tich_hop,2.0,1.0,4.7314057,7.4580073,6.5422373,9.447349,7.488706,4.0309114,6.492251873016357,An toan,6.9889884,6.492251873016357,C+,An toan
SV1035,Vũ Hải An,GDQP102,Giáo dục quốc phòng*,GDQP102_L01,ly_thuyet,3.0,0.0,5.085179,8.609017,6.10209,9.035479,8.046015,7.2873464,2.1822996139526367,Nguy co rot mon,0.0,2.1822996139526367,F,Nguy co rot mon
SV1036,Vũ Hải Anh,INT1002,Cơ sở dữ liệu,INT1002_L01,ly_thuyet,3.0,0.0,7.266524,9.165188,7.10293,8.602877,8.154737,9.376325,6.57656717300415,An toan,0.0,6.57656717300415,C+,An toan
SV1036,Vũ Hải Anh,INT1001,Lập trình Python,INT1001_L01,tich_hop,2.0,1.0,8.123548,5.16138,1.5757326,9.133244,5.5949316,6.0199327,5.6077141761779785,An toan,6.916036,5.6077141761779785,C,An toan
SV1037,Đặng Thị Khoa,GDQP102,Giáo dục quốc phòng*,GDQP102_L01,ly_thuyet,3.0,0.0,6.9749217,3.235656,2.4512262,7.969163,6.2039084,3.6560566,3.336219549179077,Nguy co rot mon,0.0,3.336219549179077,F,Nguy co rot mon
SV1037,Đặng Thị Khoa,GDTC101,Giáo dục thể chất 1*,GDTC101_L01,thuc_hanh,0.0,1.0,5.280739,5.2391953,8.494632,6.3240666,5.5248723,9.992335,0.2756468951702118,Nguy co rot mon,7.2804246,0.2756468951702118,F,Nguy co rot mon
SV1037,Đặng Thị Khoa,INT1001,Lập trình Python,INT1001_L01,tich_hop,2.0,1.0,6.6875825,2.228251,7.2310443,3.2094088,6.7466674,5.6329255,5.320305983225505,An toan,5.1963334,5.320305983225505,D+,An toan
SV1037,Đặng Thị Khoa,INT1002,Cơ sở dữ liệu,INT1002_L01,ly_thuyet,3.0,0.0,2.961363,4.67819,5.9294086,6.73532,3.40552,5.579513,8.446809768676758,An toan,0.0,8.446809768676758,B+,An toan
SV1038,Vũ Thảo Bình,GDTC101,Giáo dục thể chất 1*,GDTC101_L01,thuc_hanh,0.0,1.0,5.0032372,9.6075735,5.609043,9.930842,4.5696635,6.0304403,4.452241897583008,An toan,6.8436484,4.452241897583008,D,An toan
SV1038,Vũ Thảo Bình,INT1003,Phát triển ứng dụng,INT1003_L01,tich_hop,2.0,1.5,5.3997025,9.430865,7.296912,4.5339046,8.139359,8.119161,7.185104029519217,Nguy co rot mon,6.9308076,7.185104029519217,B,An toan
SV1038,Vũ Thảo Bình,GDQP102,Giáo dục quốc phòng*,GDQP102_L01,ly_thuyet,3.0,0.0,8.11949,6.6075597,2.7446094,6.3873405,3.1141076,3.7997844,5.978194713592529,An toan,0.0,5.978194713592529,C,An toan
SV1039,Vũ Thảo Chinh,GDTC101,Giáo dục thể chất 1*,GDTC101_L01,thuc_hanh,0.0,1.0,9.11097,2.6852612,8.925965,5.8540874,8.5911875,4.1782184,4.6222100257873535,An toan,6.207831,4.6222100257873535,D,An toan
SV1039,Vũ Thảo Chinh,INT1002,Cơ sở dữ liệu,INT1002_L01,ly_thuyet,3.0,0.0,3.981845,7.851864,6.1581397,4.223462,7.604988,8.766116,1.2982569932937622,Nguy co rot mon,0.0,1.2982569932937622,F,Nguy co rot mon
SV1039,Vũ Thảo Chinh,GDQP102,Giáo dục quốc phòng*,GDQP102_L01,ly_thuyet,3.0,0.0,3.9043913,2.361935,6.7873864,4.1836967,7.211649,3.2496414,9.122664451599121,An toan,0.0,9.122664451599121,A+,An toan
SV1039,Vũ Thảo Chinh,INT1001,Lập trình Python,INT1001_L01,tich_hop,2.0,1.0,5.3197107,5.214457,2.8772416,5.1658144,7.497139,8.023521,5.278810342152913,An toan,6.895491,5.278810342152913,D+,An toan
SV1040,Bùi Ngọc Hùng,INT1001,Lập trình Python,INT1001_L01,tich_hop,2.0,1.0,3.2838843,5.29286,9.452227,4.7406087,7.090431,4.9079003,5.8663201332092285,An toan,5.5796466,5.8663201332092285,C,An toan
SV1040,Bùi Ngọc Hùng,GDTC101,Giáo dục thể chất 1*,GDTC101_L01,thuc_hanh,0.0,1.0,2.5806344,4.784282,2.727688,9.812263,8.900623,7.883901,8.767790794372559,An toan,8.865596,8.767790794372559,A,An toan
SV1040,Bùi Ngọc Hùng,INT1002,Cơ sở dữ liệu,INT1002_L01,ly_thuyet,3.0,0.0,6.3702016,9.100684,5.9071765,7.1965885,9.722171,5.063545,0.684065043926239,Nguy co rot mon,0.0,0.684065043926239,F,Nguy co rot mon
SV1041,Vũ Thảo Anh,INT1002,Cơ sở dữ liệu,INT1002_L01,ly_thuyet,3.0,0.0,8.68354,4.438908,4.1553526,7.5568166,8.974181,8.599631,5.125161170959473,An toan,0.0,5.125161170959473,D+,An toan
SV1041,Vũ Thảo Anh,GDTC101,Giáo dục thể chất 1*,GDTC101_L01,thuc_hanh,0.0,1.0,3.3757122,4.8423443,6.6681337,7.2884374,8.4602,9.593684,0.52695232629776,Nguy co rot mon,8.447441,0.52695232629776,F,Nguy co rot mon
SV1041,Vũ Thảo Anh,GDQP102,Giáo dục quốc phòng*,GDQP102_L01,ly_thuyet,3.0,0.0,3.7815328,6.912803,3.4601102,5.80978,7.1671567,6.4604325,0.5338379740715027,Nguy co rot mon,0.0,0.5338379740715027,F,Nguy co rot mon
SV1041,Vũ Thảo Anh,INT1003,Phát triển ứng dụng,INT1003_L01,tich_hop,2.0,1.5,5.7798953,5.6181674,2.0827022,9.462728,6.194377,6.200208,5.69023779460362,Nguy co rot mon,7.285771,5.69023779460362,C,An toan
SV1042,Phan Minh Trang,GDTC101,Giáo dục thể chất 1*,GDTC101_L01,thuc_hanh,0.0,1.0,4.4033384,7.793478,2.324754,9.52905,5.6839623,6.5348177,1.3181874752044678,Nguy co rot mon,7.2492766,1.3181874752044678,F,Nguy co rot mon
SV1042,Phan Minh Trang,INT1002,Cơ sở dữ liệu,INT1002_L01,ly_thuyet,3.0,0.0,4.0986743,7.7118907,2.9306774,4.7508135,3.5267332,6.3091016,1.6346226930618286,Nguy co rot mon,0.0,1.6346226930618286,F,Nguy co rot mon
SV1043,Phan Tuấn Linh,GDQP102,Giáo dục quốc phòng*,GDQP102_L01,ly_thuyet,3.0,0.0,4.1212096,4.5801015,6.4255977,3.0715525,3.2934136,4.32707,2.892991304397583,Nguy co rot mon,0.0,2.892991304397583,F,Nguy co rot mon
SV1043,Phan Tuấn Linh,GDTC101,Giáo dục thể chất 1*,GDTC101_L01,thuc_hanh,0.0,1.0,7.1644793,3.0021758,7.6436276,4.1223435,3.3363123,5.662194,7.79365873336792,An toan,4.3736167,7.79365873336792,B,An toan
SV1043,Phan Tuấn Linh,INT1003,Phát triển ứng dụng,INT1003_L01,tich_hop,2.0,1.5,4.464878,5.2266116,7.569594,6.0556726,3.4523246,4.190308,5.244726112910679,Nguy co rot mon,4.5661016,5.244726112910679,D+,An toan
SV1043,Phan Tuấn Linh,INT1002,Cơ sở dữ liệu,INT1002_L01,ly_thuyet,3.0,0.0,8.989315,6.883662,9.279274,3.3116424,9.335644,5.8221126,7.581892967224121,An toan,0.0,7.581892967224121,B,An toan
SV1044,Bùi Văn Nam,INT1003,Phát triển ứng dụng,INT1003_L01,tich_hop,2.0,1.5,9.368438,5.0740952,8.266287,7.081228,8.704854,4.708647,7.253307819366455,An toan,6.831576,7.253307819366455,B,An toan
SV1044,Bùi Văn Nam,GDQP102,Giáo dục quốc phòng*,GDQP102_L01,ly_thuyet,3.0,0.0,7.8304257,6.7345624,5.064462,6.276997,4.389911,8.350225,6.888733386993408,An toan,0.0,6.888733386993408,C+,An toan
SV1044,Bùi Văn Nam,GDTC101,Giáo dục thể chất 1*,GDTC101_L01,thuc_hanh,0.0,1.0,7.8051724,3.9341695,5.517251,3.7984097,9.957484,4.5855064,2.6529417037963867,Nguy co rot mon,6.1138,2.6529417037963867,F,Nguy co rot mon
SV1044,Bùi Văn Nam,INT1002,Cơ sở dữ liệu,INT1002_L01,ly_thuyet,3.0,0.0,2.3989844,5.521969,8.604543,3.70863,9.27094,9.285702,3.7483184337615967,Nguy co rot mon,0.0,3.7483184337615967,F,Nguy co rot mon
SV1045,Vũ Thu Trang,GDQP102,Giáo dục quốc phòng*,GDQP102_L01,ly_thuyet,3.0,0.0,8.88739,2.4937475,9.491058,8.979497,8.058272,5.849132,2.3931777477264404,Nguy co rot mon,0.0,2.3931777477264404,F,Nguy co rot mon
SV1045,Vũ Thu Trang,INT1001,Lập trình Python,INT1001_L01,tich_hop,2.0,1.0,8.5381565,5.6935663,4.205044,8.6872835,8.927564,9.360459,7.094315846761067,An toan,8.991769,7.094315846761067,B,An toan
SV1046,Phan Hoàng Hùng,INT1001,Lập trình Python,INT1001_L01,tich_hop,2.0,1.0,6.178597,8.25262,1.2727798,4.669565,5.2181277,5.385698,5.1868205070495605,An toan,5.0911307,5.1868205070495605,D+,An toan
SV1046,Phan Hoàng Hùng,GDQP102,Giáo dục quốc phòng*,GDQP102_L01,ly_thuyet,3.0,0.0,2.0327141,8.90743,1.1293645,8.683733,9.968303,5.919018,7.64923095703125,An toan,0.0,7.64923095703125,B,An toan
SV1047,Nguyễn Hải Vy,INT1003,Phát triển ứng dụng,INT1003_L01,tich_hop,2.0,1.5,3.6925683,2.2147796,4.3626122,5.269222,3.1730433,9.545583,4.525875227791922,Nguy co rot mon,5.995949,4.525875227791922,D,An toan
SV1047,Nguyễn Hải Vy,GDTC101,Giáo dục thể chất 1*,GDTC101_L01,thuc_hanh,0.0,1.0,9.359976,5.5859494,6.1577563,4.285293,5.9729843,6.4675474,5.761276721954346,An toan,5.5752754,5.761276721954346,C,An toan
SV1047,Nguyễn Hải Vy,GDQP102,Giáo dục quốc phòng*,GDQP102_L01,ly_thuyet,3.0,0.0,7.4995446,8.96105,4.4610686,3.9725263,4.027563,9.862791,7.658608436584473,An toan,0.0,7.658608436584473,B,An toan
SV1048,Nguyễn Minh Trang,INT1001,Lập trình Python,INT1001_L01,tich_hop,2.0,1.0,8.709979,8.206572,6.4575562,3.639824,3.8044953,9.374181,7.062967936197917,An toan,5.606167,7.062967936197917,B,An toan
SV1048,Nguyễn Minh Trang,GDTC101,Giáo dục thể chất 1*,GDTC101_L01,thuc_hanh,0.0,1.0,7.418646,3.5360482,9.5371895,6.156231,7.7914343,9.065696,2.254060983657837,Nguy co rot mon,7.67112,2.254060983657837,F,Nguy co rot mon
SV1048,Nguyễn Minh Trang,INT1003,Phát triển ứng dụng,INT1003_L01,tich_hop,2.0,1.5,6.117408,2.2141242,4.2581115,7.78169,8.739619,9.144121,6.064517429896763,An toan,8.555143,6.064517429896763,C+,An toan
SV1049,Bùi Đức Anh,GDQP102,Giáo dục quốc phòng*,GDQP102_L01,ly_thuyet,3.0,0.0,6.2985783,2.9385314,4.2777276,4.284722,3.2291973,5.4752865,9.074493408203125,An toan,0.0,9.074493408203125,A+,An toan
SV1049,Bùi Đức Anh,INT1003,Phát triển ứng dụng,INT1003_L01,tich_hop,2.0,1.5,5.4391494,2.0034523,4.919903,4.894846,7.7418838,8.346167,5.352319444928851,An toan,6.994299,5.352319444928851,D+,An toan
SV1049,Bùi Đức Anh,INT1002,Cơ sở dữ liệu,INT1002_L01,ly_thuyet,3.0,0.0,2.3024912,4.46553,2.2753358,3.9261992,6.32836,4.1585593,2.9652979373931885,Nguy co rot mon,0.0,2.9652979373931885,F,Nguy co rot mon
SV1049,Bùi Đức Anh,GDTC101,Giáo dục thể chất 1*,GDTC101_L01,thuc_hanh,0.0,1.0,5.491779,6.9680705,3.5506194,3.6421099,4.2127204,3.1939356,4.177199363708496,An toan,3.6829221,4.177199363708496,D,An toan
SV1050,Đặng Ngọc Bình,INT1001,Lập trình Python,INT1001_L01,tich_hop,2.0,1.0,8.980245,2.2698407,6.576658,4.648804,3.4107935,5.154062,5.429682890574138,Nguy co rot mon,4.404553,5.429682890574138,D+,An toan
SV1050,Đặng Ngọc Bình,INT1003,Phát triển ứng dụng,INT1003_L01,tich_hop,2.0,1.5,5.724482,4.401532,4.103412,6.456746,9.10284,7.1924615,5.960659912654331,Nguy co rot mon,7.5840163,5.960659912654331,C,An toan
SV1051,Phan Thảo Chinh,GDTC101,Giáo dục thể chất 1*,GDTC101_L01,thuc_hanh,0.0,1.0,2.8806887,4.9906135,7.657852,8.912876,6.6384926,9.496814,9.801802635192871,An toan,8.349395,9.801802635192871,A+,An toan
SV1051,Phan Thảo Chinh,INT1002,Cơ sở dữ liệu,INT1002_L01,ly_thuyet,3.0,0.0,4.570857,9.721757,8.701349,7.131397,3.7434876,6.7798443,6.739388942718506,An toan,0.0,6.739388942718506,C+,An toan
SV1052,Lê Minh Nam,INT1003,Phát triển ứng dụng,INT1003_L01,tich_hop,2.0,1.5,4.48372,8.640984,9.264923,7.103314,9.756955,3.7431061,7.208030155726841,An toan,6.867792,7.208030155726841,B,An toan
SV1052,Lê Minh Nam,INT1002,Cơ sở dữ liệu,INT1002_L01,ly_thuyet,3.0,0.0,3.9360063,4.5834804,6.985886,6.7771063,8.776551,3.0900137,2.9216957092285156,Nguy co rot mon,0.0,2.9216957092285156,F,Nguy co rot mon
SV1052,Lê Minh Nam,GDTC101,Giáo dục thể chất 1*,GDTC101_L01,thuc_hanh,0.0,1.0,9.74533,9.982827,3.958988,6.6355915,8.015999,3.2029712,8.820362091064453,An toan,5.9515204,8.820362091064453,A,An toan
SV1053,Phạm Thu Bình,INT1003,Phát triển ứng dụng,INT1003_L01,tich_hop,2.0,1.5,8.595697,4.5565042,6.5389028,6.9364185,7.323019,8.732142,7.035198211669922,Nguy co rot mon,7.6638603,7.035198211669922,B,An toan
SV1053,Phạm Thu Bình,GDTC101,Giáo dục thể chất 1*,GDTC101_L01,thuc_hanh,0.0,1.0,5.4237857,2.0350552,9.094673,5.199338,3.5444503,8.760974,2.4006917476654053,Nguy co rot mon,5.8349204,2.4006917476654053,F,Nguy co rot mon
SV1054,Đỗ Hải Chinh,INT1001,Lập trình Python,INT1001_L01,tich_hop,2.0,1.0,5.9583454,7.6704044,9.11829,6.820113,3.5913656,9.354299,7.251095136006673,An toan,6.5885925,7.251095136006673,B,An toan
SV1054,Đỗ Hải Chinh,GDQP102,Giáo dục quốc phòng*,GDQP102_L01,ly_thuyet,3.0,0.0,3.3168826,4.8777666,5.927291,6.234182,4.0957174,7.254496,6.608530044555664,An toan,0.0,6.608530044555664,C+,An toan
SV1055,Đỗ Minh An,INT1002,Cơ sở dữ liệu,INT1002_L01,ly_thuyet,3.0,0.0,6.2670326,8.347451,1.259215,5.4926624,8.846698,4.181893,2.988058567047119,Nguy co rot mon,0.0,2.988058567047119,F,Nguy co rot mon
SV1055,Đỗ Minh An,INT1003,Phát triển ứng dụng,INT1003_L01,tich_hop,2.0,1.5,4.9555044,7.187376,3.7688231,6.2935934,6.689338,6.806815,5.857907227107456,Nguy co rot mon,6.596582,5.857907227107456,C,An toan
SV1055,Đỗ Minh An,GDQP102,Giáo dục quốc phòng*,GDQP102_L01,ly_thuyet,3.0,0.0,2.773553,6.49892,2.0323648,5.0643234,4.979836,5.5282507,5.380667686462402,An toan,0.0,5.380667686462402,D+,An toan
SV1055,Đỗ Minh An,GDTC101,Giáo dục thể chất 1*,GDTC101_L01,thuc_hanh,0.0,1.0,5.8704205,7.859477,1.138242,4.3293624,6.1136327,5.3272147,8.29202651977539,An toan,5.2567368,8.29202651977539,B+,An toan
SV1056,Đặng Ngọc Khoa,INT1002,Cơ sở dữ liệu,INT1002_L01,ly_thuyet,3.0,0.0,9.020606,2.510613,7.307232,9.753785,3.1819844,3.1814942,1.8861172199249268,Nguy co rot mon,0.0,1.8861172199249268,F,Nguy co rot mon
SV1056,Đặng Ngọc Khoa,INT1001,Lập trình Python,INT1001_L01,tich_hop,2.0,1.0,2.1670687,7.9227223,1.3636371,4.713069,7.0055127,5.692236,4.47974157333374,Nguy co rot mon,5.803606,4.47974157333374,D,An toan
SV1056,Đặng Ngọc Khoa,GDQP102,Giáo dục quốc phòng*,GDQP102_L01,ly_thuyet,3.0,0.0,9.515724,8.964395,5.3504667,6.286114,8.963768,4.1100893,3.0423643589019775,Nguy co rot mon,0.0,3.0423643589019775,F,Nguy co rot mon
SV1056,Đặng Ngọc Khoa,INT1003,Phát triển ứng dụng,INT1003_L01,tich_hop,2.0,1.5,7.9635696,7.09005,7.848093,6.6469355,6.944213,8.311425,7.491169793265207,Nguy co rot mon,7.3008575,7.491169793265207,B,An toan
SV1057,Nguyễn Ngọc Vy,INT1003,Phát triển ứng dụng,INT1003_L01,tich_hop,2.0,1.5,3.4038625,6.397084,7.4454174,9.484914,7.7132335,8.24743,6.920104026794434,Nguy co rot mon,8.481858,6.920104026794434,C+,An toan
SV1057,Nguyễn Ngọc Vy,INT1002,Cơ sở dữ liệu,INT1002_L01,ly_thuyet,3.0,0.0,3.723262,9.740529,2.9531941,6.410355,8.029737,9.146877,8.356932640075684,An toan,0.0,8.356932640075684,B+,An toan
SV1057,Nguyễn Ngọc Vy,GDQP102,Giáo dục quốc phòng*,GDQP102_L01,ly_thuyet,3.0,0.0,9.115436,5.4371996,4.637639,6.22993,8.190554,5.9857335,0.014085530303418636,Nguy co rot mon,0.0,0.014085530303418636,F,Nguy co rot mon
SV1058,Vũ Tuấn Nam,GDTC101,Giáo dục thể chất 1*,GDTC101_L01,thuc_hanh,0.0,1.0,7.47919,7.6924067,7.337652,5.3599453,5.0227075,8.258349,2.338289737701416,Nguy co rot mon,6.2136674,2.338289737701416,F,Nguy co rot mon
SV1058,Vũ Tuấn Nam,GDQP102,Giáo dục quốc phòng*,GDQP102_L01,ly_thuyet,3.0,0.0,2.2340448,2.9928951,2.7036982,4.977389,7.7183914,9.874844,5.154865264892578,An toan,0.0,5.154865264892578,D+,An toan
SV1058,Vũ Tuấn Nam,INT1003,Phát triển ứng dụng,INT1003_L01,tich_hop,2.0,1.5,3.3386114,9.484455,8.343466,8.0685005,6.0308905,8.658913,7.2829069410051614,An toan,7.5861015,7.2829069410051614,B,An toan
SV1059,Trần Đức Vy,GDQP102,Giáo dục quốc phòng*,GDQP102_L01,ly_thuyet,3.0,0.0,4.383943,7.1450005,6.7632856,3.1856813,9.371718,8.21668,2.580273151397705,Nguy co rot mon,0.0,2.580273151397705,F,Nguy co rot mon
SV1059,Trần Đức Vy,INT1002,Cơ sở dữ liệu,INT1002_L01,ly_thuyet,3.0,0.0,8.907456,8.527667,1.3931082,3.6756282,8.88825,5.1736465,7.089833736419678,An toan,0.0,7.089833736419678,B,An toan
SV1059,Trần Đức Vy,INT1001,Lập trình Python,INT1001_L01,tich_hop,2.0,1.0,3.0200346,8.523916,9.145053,4.065908,5.2067876,6.9416986,6.399155457814534,Nguy co rot mon,5.404798,6.399155457814534,C+,An toan
SV1060,Phan Hải Phương,GDTC101,Giáo dục thể chất 1*,GDTC101_L01,thuc_hanh,0.0,1.0,5.018707,5.9953046,4.5225196,6.6571,5.4796987,6.9019985,6.6964287757873535,An toan,6.346266,6.6964287757873535,C+,An toan
SV1060,Phan Hải Phương,INT1002,Cơ sở dữ liệu,INT1002_L01,ly_thuyet,3.0,0.0,3.2667272,9.541623,9.093709,8.451431,3.9421253,6.927021,9.57868766784668,An toan,0.0,9.57868766784668,A+,An toan
SV1060,Phan Hải Phương,INT1001,Lập trình Python,INT1001_L01,tich_hop,2.0,1.0,3.4207847,8.510504,6.194557,6.458245,3.5522308,7.3051,5.951918601989746,An toan,5.771858,5.951918601989746,C,An toan
SV1060,Phan Hải Phương,INT1003,Phát triển ứng dụng,INT1003_L01,tich_hop,2.0,1.5,2.49461,7.7931647,3.6248298,3.6161852,9.371579,3.1414156,4.954188823699951,Nguy co rot mon,5.376394,4.954188823699951,D,An toan
SV1061,Đặng Văn Vy,GDTC101,Giáo dục thể chất 1*,GDTC101_L01,thuc_hanh,0.0,1.0,4.2335644,7.316223,5.379025,8.51446,9.425263,6.662663,9.404420852661133,An toan,8.200795,9.404420852661133,A+,An toan
SV1061,Đặng Văn Vy,INT1002,Cơ sở dữ liệu,INT1002_L01,ly_thuyet,3.0,0.0,7.688817,4.5792866,1.145441,9.77513,8.068462,7.5562477,8.158939361572266,An toan,0.0,8.158939361572266,B+,An toan
SV1061,Đặng Văn Vy,INT1003,Phát triển ứng dụng,INT1003_L01,tich_hop,2.0,1.5,7.4095364,5.801249,1.1416537,5.572345,4.5197396,3.2308152,4.637069293430874,An toan,4.4409666,4.637069293430874,D,An toan
SV1061,Đặng Văn Vy,GDQP102,Giáo dục quốc phòng*,GDQP102_L01,ly_thuyet,3.0,0.0,3.162884,6.592819,2.0994146,4.295519,3.8331034,4.048993,0.24244324862957,Nguy co rot mon,0.0,0.24244324862957,F,Nguy co rot mon
SV1062,Nguyễn Thảo Nam,GDTC101,Giáo dục thể chất 1*,GDTC101_L01,thuc_hanh,0.0,1.0,2.9625404,7.318223,6.5760527,4.3520966,3.8218637,5.769172,2.6037511825561523,Nguy co rot mon,4.647711,2.6037511825561523,F,Nguy co rot mon
SV1062,Nguyễn Thảo Nam,INT1001,Lập trình Python,INT1001_L01,tich_hop,2.0,1.0,5.8414416,5.2814927,1.0613332,3.8444526,4.4989033,3.7145104,4.047377904256185,Nguy co rot mon,4.019289,4.047377904256185,D,An toan
SV1062,Nguyễn Thảo Nam,INT1002,Cơ sở dữ liệu,INT1002_L01,ly_thuyet,3.0,0.0,9.028515,4.0829535,6.0406623,3.4700086,9.558596,5.492235,3.6403706073760986,Nguy co rot mon,0.0,3.6403706073760986,F,Nguy co rot mon
SV1063,Nguyễn Thảo Anh,GDTC101,Giáo dục thể chất 1*,GDTC101_L01,thuc_hanh,0.0,1.0,6.033741,2.0934503,3.9371378,8.591039,6.5451546,4.492779,9.596765518188477,An toan,6.54299,9.596765518188477,A+,An toan
SV1063,Nguyễn Thảo Anh,INT1003,Phát triển ứng dụng,INT1003_L01,tich_hop,2.0,1.5,4.2085547,7.489111,2.6792738,4.2181835,4.8764477,9.386604,5.378641128540039,An toan,6.160412,5.378641128540039,D+,An toan
SV1063,Nguyễn Thảo Anh,GDQP102,Giáo dục quốc phòng*,GDQP102_L01,ly_thuyet,3.0,0.0,7.324453,9.028401,7.0539846,8.719996,9.534037,3.4802775,1.1870216131210327,Nguy co rot mon,0.0,1.1870216131210327,F,Nguy co rot mon
SV1063,Nguyễn Thảo Anh,INT1002,Cơ sở dữ liệu,INT1002_L01,ly_thuyet,3.0,0.0,4.8293767,8.423364,7.983848,9.827408,5.126428,6.3823957,8.769489288330078,An toan,0.0,8.769489288330078,A,An toan
SV1064,Phạm Thảo Trang,GDTC101,Giáo dục thể chất 1*,GDTC101_L01,thuc_hanh,0.0,1.0,6.592707,7.665717,6.336931,5.965382,4.0136003,8.452553,5.995561599731445,An toan,6.143845,5.995561599731445,C,An toan
SV1064,Phạm Thảo Trang,INT1001,Lập trình Python,INT1001_L01,tich_hop,2.0,1.0,6.6992364,2.5698903,2.2982066,5.3945227,7.8820944,7.529921,4.88235600789388,An toan,6.9355125,4.88235600789388,D,An toan
SV1065,Vũ Văn Linh,INT1003,Phát triển ứng dụng,INT1003_L01,tich_hop,2.0,1.5,7.931213,4.693177,8.090072,4.3649297,9.43571,4.389912,6.544262136731829,An toan,6.063517,6.544262136731829,C+,An toan
SV1065,Vũ Văn Linh,GDTC101,Giáo dục thể chất 1*,GDTC101_L01,thuc_hanh,0.0,1.0,9.171694,9.521434,6.083785,6.241383,3.7877772,9.337817,5.842041969299316,An toan,6.4556594,5.842041969299316,C,An toan
SV1065,Vũ Văn Linh,GDQP102,Giáo dục quốc phòng*,GDQP102_L01,ly_thuyet,3.0,0.0,7.5278788,8.504012,1.8318107,8.371498,6.9524646,4.492078,1.1790072917938232,Nguy co rot mon,0.0,1.1790072917938232,F,Nguy co rot mon
SV1066,Lê Văn Linh,GDQP102,Giáo dục quốc phòng*,GDQP102_L01,ly_thuyet,3.0,0.0,9.244947,9.694537,6.0771866,3.3258162,8.019466,9.003922,1.7018662691116333,Nguy co rot mon,0.0,1.7018662691116333,F,Nguy co rot mon
SV1066,Lê Văn Linh,INT1001,Lập trình Python,INT1001_L01,tich_hop,2.0,1.0,2.0644312,3.772525,7.2984257,8.161775,9.191762,4.40667,5.3367743492126465,An toan,7.253402,5.3367743492126465,D+,An toan
SV1066,Lê Văn Linh,GDTC101,Giáo dục thể chất 1*,GDTC101_L01,thuc_hanh,0.0,1.0,2.6974616,5.565184,5.464244,9.708206,5.215885,7.2452807,7.151627540588379,An toan,7.389791,7.151627540588379,B,An toan
SV1067,Trần Văn Hùng,GDQP102,Giáo dục quốc phòng*,GDQP102_L01,ly_thuyet,3.0,0.0,4.0627246,6.8348827,2.0873199,9.360085,8.127627,6.731059,1.8530369997024536,Nguy co rot mon,0.0,1.8530369997024536,F,Nguy co rot mon
SV1067,Trần Văn Hùng,INT1001,Lập trình Python,INT1001_L01,tich_hop,2.0,1.0,3.8766804,9.577238,2.365357,3.8863304,5.105194,3.6403525,4.918936411539714,An toan,4.2106256,4.918936411539714,D,An toan
SV1067,Trần Văn Hùng,INT1002,Cơ sở dữ liệu,INT1002_L01,ly_thuyet,3.0,0.0,6.9511156,6.210305,8.725429,9.9610405,8.448286,6.593985,6.790273666381836,An toan,0.0,6.790273666381836,C+,An toan
SV1067,Trần Văn Hùng,GDTC101,Giáo dục thể chất 1*,GDTC101_L01,thuc_hanh,0.0,1.0,3.751431,4.8857455,4.9447145,7.819991,3.7923653,4.1346884,6.215088367462158,An toan,5.249015,6.215088367462158,C+,An toan
SV1068,Lê Hải Bình,INT1002,Cơ sở dữ liệu,INT1002_L01,ly_thuyet,3.0,0.0,7.255962,4.2335343,9.717689,9.312175,3.1658747,9.02579,7.638696670532227,An toan,0.0,7.638696670532227,B,An toan
SV1068,Lê Hải Bình,INT1003,Phát triển ứng dụng,INT1003_L01,tich_hop,2.0,1.5,4.302788,3.0110865,3.6233764,9.386635,4.819504,8.692282,5.35448864528111,An toan,7.632807,5.35448864528111,D+,An toan
SV1068,Lê Hải Bình,GDTC101,Giáo dục thể chất 1*,GDTC101_L01,thuc_hanh,0.0,1.0,5.400166,7.2141066,2.9285154,8.089492,8.273796,6.1828327,2.2043380737304688,Nguy co rot mon,7.5153737,2.2043380737304688,F,Nguy co rot mon
SV1069,Phan Đức Bình,INT1003,Phát triển ứng dụng,INT1003_L01,tich_hop,2.0,1.5,2.7176888,2.9061453,1.583147,4.5880814,8.285801,9.700266,4.597636563437326,Nguy co rot mon,7.524716,4.597636563437326,D,An toan
SV1069,Phan Đức Bình,INT1002,Cơ sở dữ liệu,INT1002_L01,ly_thuyet,3.0,0.0,4.5762715,4.069405,4.274301,5.078093,3.8338385,8.274867,2.719282388687134,Nguy co rot mon,0.0,2.719282388687134,F,Nguy co rot mon
SV1069,Phan Đức Bình,GDTC101,Giáo dục thể chất 1*,GDTC101_L01,thuc_hanh,0.0,1.0,9.598919,8.455959,8.066479,8.943388,5.871785,6.052416,6.289615154266357,An toan,6.9558625,6.289615154266357,C+,An toan
SV1069,Phan Đức Bình,INT1001,Lập trình Python,INT1001_L01,tich_hop,2.0,1.0,6.2050757,2.9014843,8.71126,5.7009797,9.24649,4.1362348,6.079927126566569,An toan,6.3612347,6.079927126566569,C+,An toan
SV1070,Phạm Minh Trang,INT1002,Cơ sở dữ liệu,INT1002_L01,ly_thuyet,3.0,0.0,3.3876834,2.6046062,8.433808,8.256526,7.4518046,7.975351,0.23392994701862335,Nguy co rot mon,0.0,0.23392994701862335,F,Nguy co rot mon
SV1070,Phạm Minh Trang,GDTC101,Giáo dục thể chất 1*,GDTC101_L01,thuc_hanh,0.0,1.0,7.1232333,9.019667,2.729013,4.452982,5.592825,3.4743414,0.11710367351770401,Nguy co rot mon,4.5067163,0.11710367351770401,F,Nguy co rot mon
SV1071,Phan Minh Đức,GDQP102,Giáo dục quốc phòng*,GDQP102_L01,ly_thuyet,3.0,0.0,7.437256,5.5540743,5.7488713,8.455933,9.845207,9.568579,4.569381237030029,An toan,0.0,4.569381237030029,D,An toan
SV1071,Phan Minh Đức,INT1001,Lập trình Python,INT1001_L01,tich_hop,2.0,1.0,3.1246502,8.103996,2.273281,3.4403706,4.3454866,8.688428,4.830904324849446,An toan,5.4914284,4.830904324849446,D,An toan
SV1072,Phạm Hoàng Linh,INT1002,Cơ sở dữ liệu,INT1002_L01,ly_thuyet,3.0,0.0,9.089519,3.6353698,3.0171342,6.939788,8.26484,8.181164,9.314512252807617,An toan,0.0,9.314512252807617,A+,An toan
SV1072,Phạm Hoàng Linh,INT1001,Lập trình Python,INT1001_L01,tich_hop,2.0,1.0,4.360718,4.6540422,1.2960633,5.872527,7.5622845,7.3290505,4.598389943440755,An toan,6.9212875,4.598389943440755,D,An toan
SV1073,Nguyễn Minh Bình,GDQP102,Giáo dục quốc phòng*,GDQP102_L01,ly_thuyet,3.0,0.0,2.8281007,2.3844056,7.4729586,5.9095287,3.3630936,5.189742,9.95610523223877,An toan,0.0,9.95610523223877,A+,An toan
SV1073,Nguyễn Minh Bình,INT1002,Cơ sở dữ liệu,INT1002_L01,ly_thuyet,3.0,0.0,6.4463363,3.385507,3.6279697,9.524511,9.529689,6.3531504,1.783415675163269,Nguy co rot mon,0.0,1.783415675163269,F,Nguy co rot mon
SV1073,Nguyễn Minh Bình,GDTC101,Giáo dục thể chất 1*,GDTC101_L01,thuc_hanh,0.0,1.0,4.779119,5.8782997,2.8366203,6.707261,3.8146734,8.416602,4.953451156616211,An toan,6.3128457,4.953451156616211,D,An toan
SV1074,Hoàng Ngọc Khoa,INT1002,Cơ sở dữ liệu,INT1002_L01,ly_thuyet,3.0,0.0,6.0294213,4.2840843,7.0581026,3.639213,3.9705513,3.2070918,5.783370494842529,An toan,0.0,5.783370494842529,C,An toan
SV1074,Hoàng Ngọc Khoa,GDQP102,Giáo dục quốc phòng*,GDQP102_L01,ly_thuyet,3.0,0.0,5.643548,8.442288,6.774245,7.293408,5.3625717,9.200831,7.331959247589111,An toan,0.0,7.331959247589111,B,An toan
SV1074,Hoàng Ngọc Khoa,INT1003,Phát triển ứng dụng,INT1003_L01,tich_hop,2.0,1.5,5.4105897,4.564026,1.5228553,3.3280063,6.1567907,6.971611,4.540909835270473,An toan,5.4854693,4.540909835270473,D,An toan
SV1075,Nguyễn Đức Vy,GDTC101,Giáo dục thể chất 1*,GDTC101_L01,thuc_hanh,0.0,1.0,6.3449116,6.6306977,9.363944,3.1780877,5.6680846,7.9993258,1.5392662286758423,Nguy co rot mon,5.6151657,1.5392662286758423,F,Nguy co rot mon
SV1075,Nguyễn Đức Vy,INT1002,Cơ sở dữ liệu,INT1002_L01,ly_thuyet,3.0,0.0,9.616426,4.799338,6.093703,9.090031,9.399525,6.724951,9.794452667236328,An toan,0.0,9.794452667236328,A+,An toan
SV1075,Nguyễn Đức Vy,GDQP102,Giáo dục quốc phòng*,GDQP102_L01,ly_thuyet,3.0,0.0,2.8971834,3.4547944,4.418566,8.396589,3.3182654,9.427971,4.338907718658447,An toan,0.0,4.338907718658447,D,An toan
SV1075,Nguyễn Đức Vy,INT1001,Lập trình Python,INT1001_L01,tich_hop,2.0,1.0,6.016153,3.9877627,4.3003654,9.162213,5.0387287,4.677111,5.276290575663249,Nguy co rot mon,6.2926846,5.276290575663249,D+,An toan
SV1076,Đặng Đức Bình,INT1003,Phát triển ứng dụng,INT1003_L01,tich_hop,2.0,1.5,3.6301825,2.7671738,2.000312,9.246556,5.384774,3.2926943,4.160130705152239,An toan,5.9746747,4.160130705152239,D,An toan
SV1076,Đặng Đức Bình,INT1002,Cơ sở dữ liệu,INT1002_L01,ly_thuyet,3.0,0.0,8.542227,3.619888,2.3694446,8.280969,6.8717866,5.531241,9.185395240783691,An toan,0.0,9.185395240783691,A+,An toan
SV1076,Đặng Đức Bình,GDQP102,Giáo dục quốc phòng*,GDQP102_L01,ly_thuyet,3.0,0.0,5.4475913,8.128126,9.515148,5.5731535,5.6711874,5.072694,2.296515464782715,Nguy co rot mon,0.0,2.296515464782715,F,Nguy co rot mon
SV1077,Đặng Minh Đức,INT1003,Phát triển ứng dụng,INT1003_L01,tich_hop,2.0,1.5,4.032594,3.261023,1.4004471,9.418767,8.672213,6.5064735,5.169934136526925,An toan,8.199151,5.169934136526925,D+,An toan
SV1077,Đặng Minh Đức,INT1002,Cơ sở dữ liệu,INT1002_L01,ly_thuyet,3.0,0.0,4.7275476,9.434488,3.9581127,4.0440874,9.779473,4.3204546,8.84337043762207,An toan,0.0,8.84337043762207,A,An toan
SV1078,Vũ Văn Khoa,INT1002,Cơ sở dữ liệu,INT1002_L01,ly_thuyet,3.0,0.0,8.688728,7.028652,2.9379816,6.185737,5.2998414,7.077504,5.479513168334961,An toan,0.0,5.479513168334961,D+,An toan
SV1078,Vũ Văn Khoa,INT1003,Phát triển ứng dụng,INT1003_L01,tich_hop,2.0,1.5,7.092383,5.0723896,6.3931627,6.1763363,6.976455,8.540507,6.633887222834995,An toan,7.2310996,6.633887222834995,C+,An toan
SV1078,Vũ Văn Khoa,GDQP102,Giáo dục quốc phòng*,GDQP102_L01,ly_thuyet,3.0,0.0,2.850514,6.4350576,5.077374,6.267403,3.633287,9.108529,8.724504470825195,An toan,0.0,8.724504470825195,A,An toan
SV1078,Vũ Văn Khoa,INT1001,Lập trình Python,INT1001_L01,tich_hop,2.0,1.0,6.946679,4.667359,3.5409086,9.383577,7.239336,4.9271107,5.762213230133057,An toan,7.1833415,5.762213230133057,C,An toan
SV1079,Phan Hoàng Trang,INT1002,Cơ sở dữ liệu,INT1002_L01,ly_thuyet,3.0,0.0,9.47223,3.277262,6.238161,3.8948133,3.6837165,3.0115376,5.634281158447266,An toan,0.0,5.634281158447266,C,An toan
SV1079,Phan Hoàng Trang,INT1001,Lập trình Python,INT1001_L01,tich_hop,2.0,1.0,8.838134,9.617678,2.9203086,3.897457,8.956351,6.6828556,6.920989195505778,Nguy co rot mon,6.512221,6.920989195505778,C+,An toan
SV1079,Phan Hoàng Trang,GDQP102,Giáo dục quốc phòng*,GDQP102_L01,ly_thuyet,3.0,0.0,6.8301888,9.503139,1.429051,5.002365,7.0060205,9.6367655,1.5293798446655273,Nguy co rot mon,0.0,1.5293798446655273,F,Nguy co rot mon
SV1080,Hoàng Đức Nam,INT1002,Cơ sở dữ liệu,INT1002_L01,ly_thuyet,3.0,0.0,3.7125573,9.422585,7.810219,5.8985987,5.548872,3.082762,2.3054091930389404,Nguy co rot mon,0.0,2.3054091930389404,F,Nguy co rot mon
SV1080,Hoàng Đức Nam,GDTC101,Giáo dục thể chất 1*,GDTC101_L01,thuc_hanh,0.0,1.0,2.80517,8.0896,7.802982,8.0176735,5.79066,6.6030216,3.817068338394165,Nguy co rot mon,6.803785,3.817068338394165,F,Nguy co rot mon
SV1080,Hoàng Đức Nam,INT1003,Phát triển ứng dụng,INT1003_L01,tich_hop,2.0,1.5,8.353193,4.6061106,3.5146174,4.883684,9.520144,7.8717427,6.320114067622593,An toan,7.4251904,6.320114067622593,C+,An toan
SV1080,Hoàng Đức Nam,INT1001,Lập trình Python,INT1001_L01,tich_hop,2.0,1.0,7.6742387,9.688703,2.7620664,4.14284,5.084701,4.6155195,6.010341803232829,Nguy co rot mon,4.6143537,6.010341803232829,C+,An toan
SV1081,Nguyễn Tuấn Phương,GDQP102,Giáo dục quốc phòng*,GDQP102_L01,ly_thuyet,3.0,0.0,5.1070037,2.3979611,9.073701,9.366294,6.6103444,4.0024834,5.224371433258057,An toan,0.0,5.224371433258057,D+,An toan
SV1081,Nguyễn Tuấn Phương,GDTC101,Giáo dục thể chất 1*,GDTC101_L01,thuc_hanh,0.0,1.0,4.5217195,6.152142,2.7294073,5.941957,5.5771713,5.911578,2.525167226791382,Nguy co rot mon,5.8102355,2.525167226791382,F,Nguy co rot mon
SV1081,Nguyễn Tuấn Phương,INT1002,Cơ sở dữ liệu,INT1002_L01,ly_thuyet,3.0,0.0,4.142162,2.2610571,7.964083,3.8620636,7.430689,3.6400843,6.390718936920166,An toan,0.0,6.390718936920166,C+,An toan
SV1082,Đặng Thu Nam,INT1001,Lập trình Python,INT1001_L01,tich_hop,2.0,1.0,2.225451,4.307,1.6565858,8.543016,5.475125,4.0717826,3.829777558644613,An toan,6.0299745,3.829777558644613,F,Nguy co rot mon
SV1082,Đặng Thu Nam,GDQP102,Giáo dục quốc phòng*,GDQP102_L01,ly_thuyet,3.0,0.0,8.898357,9.990871,9.874687,5.587785,6.3666697,6.614477,4.0156755447387695,An toan,0.0,4.0156755447387695,D,An toan
SV1083,Phan Ngọc Trang,INT1001,Lập trình Python,INT1001_L01,tich_hop,2.0,1.0,7.3046513,2.2881455,7.25071,7.3127613,5.4901967,4.848623,5.704288005828857,An toan,5.88386,5.704288005828857,C,An toan
SV1083,Phan Ngọc Trang,GDQP102,Giáo dục quốc phòng*,GDQP102_L01,ly_thuyet,3.0,0.0,5.3676605,7.6175737,3.1393151,7.12147,9.59464,9.027373,9.816420555114746,An toan,0.0,9.816420555114746,A+,An toan
SV1083,Phan Ngọc Trang,GDTC101,Giáo dục thể chất 1*,GDTC101_L01,thuc_hanh,0.0,1.0,7.955401,3.7526891,6.960783,3.0529618,5.9215283,5.229604,8.130243301391602,An toan,4.734698,8.130243301391602,B+,An toan
SV1084,Bùi Đức Khoa,INT1003,Phát triển ứng dụng,INT1003_L01,tich_hop,2.0,1.5,8.690816,5.0402737,4.6294675,9.187982,3.806708,5.938474,6.201986789703369,An toan,6.3110547,6.201986789703369,C+,An toan
SV1084,Bùi Đức Khoa,INT1002,Cơ sở dữ liệu,INT1002_L01,ly_thuyet,3.0,0.0,6.586268,7.031868,5.2195096,9.794768,5.115535,3.7759266,5.947958946228027,An toan,0.0,5.947958946228027,C,An toan
SV1084,Bùi Đức Khoa,GDTC101,Giáo dục thể chất 1*,GDTC101_L01,thuc_hanh,0.0,1.0,2.2840025,6.0769525,2.6265035,4.8141346,7.121348,3.4491618,4.4239726066589355,An toan,5.1282144,4.4239726066589355,D,An toan
SV1084,Bùi Đức Khoa,INT1001,Lập trình Python,INT1001_L01,tich_hop,2.0,1.0,2.5501235,5.4113626,3.887565,7.561511,9.783857,9.776423,5.6466546058654785,An toan,9.040597,5.6466546058654785,C,An toan
SV1085,Bùi Thị Hùng,GDQP102,Giáo dục quốc phòng*,GDQP102_L01,ly_thuyet,3.0,0.0,5.606157,9.440605,5.674412,8.009455,9.58819,3.4315505,4.507259845733643,An toan,0.0,4.507259845733643,D,An toan
SV1085,Bùi Thị Hùng,INT1002,Cơ sở dữ liệu,INT1002_L01,ly_thuyet,3.0,0.0,4.9235826,4.4899955,1.395261,6.024597,8.043293,8.655632,3.5224757194519043,Nguy co rot mon,0.0,3.5224757194519043,F,Nguy co rot mon
SV1086,Vũ Thu Đức,GDTC101,Giáo dục thể chất 1*,GDTC101_L01,thuc_hanh,0.0,1.0,2.9921935,8.017522,2.283783,9.043487,6.7905254,3.7035596,1.791670322418213,Nguy co rot mon,6.5125237,1.791670322418213,F,Nguy co rot mon
SV1086,Vũ Thu Đức,GDQP102,Giáo dục quốc phòng*,GDQP102_L01,ly_thuyet,3.0,0.0,7.0370193,7.9737387,8.918168,5.780215,5.7270346,7.5826907,1.9704099893569946,Nguy co rot mon,0.0,1.9704099893569946,F,Nguy co rot mon
SV1086,Vũ Thu Đức,INT1001,Lập trình Python,INT1001_L01,tich_hop,2.0,1.0,9.9272,7.1203732,4.3906074,3.4550402,4.4661508,9.810562,6.7342352867126465,Nguy co rot mon,5.910585,6.7342352867126465,C+,An toan
SV1087,Đỗ Tuấn Bình,GDQP102,Giáo dục quốc phòng*,GDQP102_L01,ly_thuyet,3.0,0.0,5.5082564,3.4927022,3.4673522,3.9697626,9.122697,7.2605815,6.766172409057617,An toan,0.0,6.766172409057617,C+,An toan
SV1087,Đỗ Tuấn Bình,INT1002,Cơ sở dữ liệu,INT1002_L01,ly_thuyet,3.0,0.0,8.764566,3.3128197,8.012171,6.847669,5.8907433,6.0304155,5.269318580627441,An toan,0.0,5.269318580627441,D+,An toan
SV1087,Đỗ Tuấn Bình,INT1003,Phát triển ứng dụng,INT1003_L01,tich_hop,2.0,1.5,9.439271,9.232342,9.5377865,5.526534,6.9449196,9.639567,8.531935828072685,An toan,7.3703403,8.531935828072685,A,An toan
SV1087,Đỗ Tuấn Bình,INT1001,Lập trình Python,INT1001_L01,tich_hop,2.0,1.0,8.797738,3.3653398,7.331494,8.513564,6.9430876,9.6656475,7.123493512471517,An toan,8.3741,7.123493512471517,B,An toan
SV1088,Bùi Ngọc Bình,INT1001,Lập trình Python,INT1001_L01,tich_hop,2.0,1.0,8.071032,9.190401,4.23597,8.209364,7.6825933,8.639005,7.502862930297852,An toan,8.176988,7.502862930297852,B,An toan
SV1088,Bùi Ngọc Bình,INT1003,Phát triển ứng dụng,INT1003_L01,tich_hop,2.0,1.5,3.2330174,2.355424,2.2658808,6.4560804,8.6320505,7.2540846,4.687806606292725,An toan,7.4474053,4.687806606292725,D,An toan
SV1088,Bùi Ngọc Bình,GDTC101,Giáo dục thể chất 1*,GDTC101_L01,thuc_hanh,0.0,1.0,4.8697743,5.8288226,7.766275,6.088537,5.8489594,7.4543505,4.308795928955078,An toan,6.4639487,4.308795928955078,D,An toan
SV1088,Bùi Ngọc Bình,INT1002,Cơ sở dữ liệu,INT1002_L01,ly_thuyet,3.0,0.0,3.7069235,9.064933,4.834816,4.2081003,9.758626,3.7474737,8.022120475769043,An toan,0.0,8.022120475769043,B+,An toan
SV1089,Hoàng Thảo Vy,GDQP102,Giáo dục quốc phòng*,GDQP102_L01,ly_thuyet,3.0,0.0,7.3179073,9.361392,3.1789594,6.4443746,8.598959,6.8348227,0.6053624153137207,Nguy co rot mon,0.0,0.6053624153137207,F,Nguy co rot mon
SV1089,Hoàng Thảo Vy,INT1001,Lập trình Python,INT1001_L01,tich_hop,2.0,1.0,4.031482,6.295674,3.2184947,5.4021707,6.662293,7.7165685,5.20803705851237,Nguy co rot mon,6.5936775,5.20803705851237,D+,An toan
SV1089,Hoàng Thảo Vy,INT1002,Cơ sở dữ liệu,INT1002_L01,ly_thuyet,3.0,0.0,5.242955,6.5005035,6.321272,7.8499503,6.7893033,9.955196,8.046924591064453,An toan,0.0,8.046924591064453,B+,An toan
SV1089,Hoàng Thảo Vy,GDTC101,Giáo dục thể chất 1*,GDTC101_L01,thuc_hanh,0.0,1.0,6.9457884,5.8740735,6.0216746,6.782029,8.0313835,6.3275185,3.643483877182007,Nguy co rot mon,7.0469766,3.643483877182007,F,Nguy co rot mon
SV1090,Hoàng Hoàng Trang,GDTC101,Giáo dục thể chất 1*,GDTC101_L01,thuc_hanh,0.0,1.0,4.9413657,5.851933,9.260583,8.211059,7.479967,7.808815,6.43697452545166,An toan,7.83328,6.43697452545166,C+,An toan
SV1090,Hoàng Hoàng Trang,INT1001,Lập trình Python,INT1001_L01,tich_hop,2.0,1.0,8.133905,2.0161684,7.237503,7.117174,7.841008,7.7871876,6.39116907119751,Nguy co rot mon,7.5817895,6.39116907119751,C+,An toan
SV1090,Hoàng Hoàng Trang,GDQP102,Giáo dục quốc phòng*,GDQP102_L01,ly_thuyet,3.0,0.0,3.6808136,7.535522,8.835253,3.678468,4.4351707,4.625658,9.840791702270508,An toan,0.0,9.840791702270508,A+,An toan
SV1091,Nguyễn Hải Đức,INT1002,Cơ sở dữ liệu,INT1002_L01,ly_thuyet,3.0,0.0,9.410019,9.971741,6.9719005,9.408859,9.088972,8.871371,2.306497812271118,Nguy co rot mon,0.0,2.306497812271118,F,Nguy co rot mon
SV1091,Nguyễn Hải Đức,GDTC101,Giáo dục thể chất 1*,GDTC101_L01,thuc_hanh,0.0,1.0,5.529085,5.1420956,7.3491926,4.5562367,5.243695,7.988888,4.494971752166748,An toan,5.929606,4.494971752166748,D,An toan
SV1092,Đặng Hải Nam,GDTC101,Giáo dục thể chất 1*,GDTC101_L01,thuc_hanh,0.0,1.0,4.918362,2.0985258,6.8272676,9.005895,4.8068204,4.529433,0.4284447729587555,Nguy co rot mon,6.1140494,0.4284447729587555,F,Nguy co rot mon
SV1092,Đặng Hải Nam,INT1001,Lập trình Python,INT1001_L01,tich_hop,2.0,1.0,8.998574,9.25986,7.6498623,8.766479,3.2038813,3.4416475,7.469844500223796,Nguy co rot mon,5.137336,7.469844500223796,B,An toan
SV1093,Phan Đức Phương,GDQP102,Giáo dục quốc phòng*,GDQP102_L01,ly_thuyet,3.0,0.0,4.434055,5.156794,8.846951,6.3602448,4.7894387,8.5984535,9.182548522949219,An toan,0.0,9.182548522949219,A+,An toan
SV1093,Phan Đức Phương,GDTC101,Giáo dục thể chất 1*,GDTC101_L01,thuc_hanh,0.0,1.0,5.6468706,9.168199,3.6738932,6.1019044,8.125149,7.415177,4.326591491699219,An toan,7.2140765,4.326591491699219,D,An toan
SV1093,Phan Đức Phương,INT1001,Lập trình Python,INT1001_L01,tich_hop,2.0,1.0,9.064248,4.1864934,3.6620584,8.740689,7.8221407,7.6341662,6.44695504506429,An toan,8.065665,6.44695504506429,C+,An toan
SV1094,Vũ Tuấn Hùng,GDTC101,Giáo dục thể chất 1*,GDTC101_L01,thuc_hanh,0.0,1.0,3.889411,9.838761,1.3810405,5.3115582,3.8841324,5.861376,3.7971444129943848,Nguy co rot mon,5.019022,3.7971444129943848,F,Nguy co rot mon
SV1094,Vũ Tuấn Hùng,INT1003,Phát triển ứng dụng,INT1003_L01,tich_hop,2.0,1.5,8.110968,4.2035303,2.862509,7.9499946,7.6982327,3.127448,5.57309797831944,An toan,6.2585588,5.57309797831944,C,An toan
SV1094,Vũ Tuấn Hùng,INT1002,Cơ sở dữ liệu,INT1002_L01,ly_thuyet,3.0,0.0,4.9433284,3.153381,8.790365,5.547915,5.1357646,4.3011174,5.643631935119629,An toan,0.0,5.643631935119629,C,An toan
SV1095,Vũ Thu Nam,INT1003,Phát triển ứng dụng,INT1003_L01,tich_hop,2.0,1.5,8.263204,8.725352,6.3869925,7.9649353,7.2655034,8.434412,7.833178315843854,Nguy co rot mon,7.8882833,7.833178315843854,B,An toan
SV1095,Vũ Thu Nam,GDTC101,Giáo dục thể chất 1*,GDTC101_L01,thuc_hanh,0.0,1.0,3.9075632,9.697561,4.3978305,9.449477,5.5084157,9.057103,1.9304471015930176,Nguy co rot mon,8.004998,1.9304471015930176,F,Nguy co rot mon
SV1095,Vũ Thu Nam,GDQP102,Giáo dục quốc phòng*,GDQP102_L01,ly_thuyet,3.0,0.0,2.1478736,6.268371,7.769211,8.980872,9.383784,3.7870083,5.060327053070068,An toan,0.0,5.060327053070068,D+,An toan
SV1095,Vũ Thu Nam,INT1001,Lập trình Python,INT1001_L01,tich_hop,2.0,1.0,2.9432864,3.4468975,5.9494104,9.087469,5.312892,5.0736065,4.9059062004089355,An toan,6.491323,4.9059062004089355,D,An toan
SV1096,Nguyễn Hoàng Bình,GDTC101,Giáo dục thể chất 1*,GDTC101_L01,thuc_hanh,0.0,1.0,3.138896,4.6428246,2.4673164,5.1049495,6.637974,4.153027,7.952744483947754,An toan,5.2986503,7.952744483947754,B,An toan
SV1096,Nguyễn Hoàng Bình,INT1001,Lập trình Python,INT1001_L01,tich_hop,2.0,1.0,8.997932,4.7812147,8.417017,9.349437,8.037163,6.8117256,7.621183713277181,An toan,8.066109,7.621183713277181,B,An toan
SV1097,Đỗ Văn Linh,GDTC101,Giáo dục thể chất 1*,GDTC101_L01,thuc_hanh,0.0,1.0,2.0806396,2.3470323,9.3386135,5.946544,5.5131445,5.410542,4.006961822509766,An toan,5.6234097,4.006961822509766,D,An toan
SV1097,Đỗ Văn Linh,INT1001,Lập trình Python,INT1001_L01,tich_hop,2.0,1.0,7.953713,9.0800705,4.3487844,6.3225565,8.99561,3.9461544,6.892162005106608,Nguy co rot mon,6.42144,6.892162005106608,C+,An toan
SV1098,Lê Hoàng Anh,INT1002,Cơ sở dữ liệu,INT1002_L01,ly_thuyet,3.0,0.0,7.80537,4.715649,3.7879095,3.1627479,9.874234,6.7457404,8.698737144470215,An toan,0.0,8.698737144470215,A,An toan
SV1098,Lê Hoàng Anh,INT1001,Lập trình Python,INT1001_L01,tich_hop,2.0,1.0,6.6313343,6.4537854,5.1319537,4.217624,3.4339743,9.978875,6.007180054982503,An toan,5.876825,6.007180054982503,C+,An toan
SV1098,Lê Hoàng Anh,GDTC101,Giáo dục thể chất 1*,GDTC101_L01,thuc_hanh,0.0,1.0,3.3566067,8.098738,3.5054514,9.257244,9.994799,3.1991794,2.962860584259033,Nguy co rot mon,7.4837403,2.962860584259033,F,Nguy co rot mon
SV1098,Lê Hoàng Anh,GDQP102,Giáo dục quốc phòng*,GDQP102_L01,ly_thuyet,3.0,0.0,8.123557,5.1674147,8.427783,8.672985,7.0510883,5.686065,3.0511012077331543,Nguy co rot mon,0.0,3.0511012077331543,F,Nguy co rot mon
SV1099,Đặng Đức Phương,INT1003,Phát triển ứng dụng,INT1003_L01,tich_hop,2.0,1.5,9.65259,3.5526693,8.520231,3.914736,5.0163574,8.19159,6.584286553519113,An toan,5.7075615,6.584286553519113,C+,An toan
SV1099,Đặng Đức Phương,GDQP102,Giáo dục quốc phòng*,GDQP102_L01,ly_thuyet,3.0,0.0,3.0436285,8.501307,4.2914643,4.54797,6.237116,7.477906,7.004677772521973,An toan,0.0,7.004677772521973,B,An toan
SV1100,Phạm Tuấn Vy,INT1001,Lập trình Python,INT1001_L01,tich_hop,2.0,1.0,5.3419247,5.6842785,3.7944329,3.9201322,9.2602,8.549298,5.70787779490153,An toan,7.24321,5.70787779490153,C,An toan
SV1100,Phạm Tuấn Vy,GDQP102,Giáo dục quốc phòng*,GDQP102_L01,ly_thuyet,3.0,0.0,7.6502895,6.9064245,3.781037,5.5412483,9.794608,7.017602,4.447325706481934,An toan,0.0,4.447325706481934,D,An toan
SV1101,Nguyễn Thu An,GDQP102,Giáo dục quốc phòng*,GDQP102_L01,ly_thuyet,3.0,0.0,5.170763,2.5983634,8.568701,4.4418616,5.854358,8.041379,8.331011772155762,An toan,0.0,8.331011772155762,B+,An toan
SV1101,Nguyễn Thu An,INT1001,Lập trình Python,INT1001_L01,tich_hop,2.0,1.0,9.015179,4.082899,7.1114516,8.173416,5.5844097,9.316826,7.054856777191162,Nguy co rot mon,7.6915507,7.054856777191162,B,An toan
SV1101,Nguyễn Thu An,INT1002,Cơ sở dữ liệu,INT1002_L01,ly_thuyet,3.0,0.0,6.7838697,8.609935,4.4328566,5.566522,3.835038,3.165908,9.792339324951172,An toan,0.0,9.792339324951172,A+,An toan
SV1101,Nguyễn Thu An,INT1003,Phát triển ứng dụng,INT1003_L01,tich_hop,2.0,1.5,3.6092825,5.4128556,3.6488032,6.906325,7.4814296,3.0142245,4.899509906768799,An toan,5.8006597,4.899509906768799,D,An toan
SV1102,Bùi Hải Bình,INT1003,Phát triển ứng dụng,INT1003_L01,tich_hop,2.0,1.5,2.3682446,8.0073805,6.3823247,8.977825,8.577943,7.961111,6.8372586114065985,An toan,8.505626,6.8372586114065985,C+,An toan
SV1102,Bùi Hải Bình,GDTC101,Giáo dục thể chất 1*,GDTC101_L01,thuc_hanh,0.0,1.0,6.8099737,8.838448,3.393322,8.092764,6.8108635,7.5913863,4.015460014343262,An toan,7.498338,4.015460014343262,D,An toan
SV1102,Bùi Hải Bình,GDQP102,Giáo dục quốc phòng*,GDQP102_L01,ly_thuyet,3.0,0.0,2.1867428,8.067828,3.48866,9.797241,3.2754264,6.6380377,9.552411079406738,An toan,0.0,9.552411079406738,A+,An toan
SV1103,Nguyễn Tuấn An,INT1003,Phát triển ứng dụng,INT1003_L01,tich_hop,2.0,1.5,4.2845244,2.3574433,2.9113812,4.815929,5.718298,6.3727274,4.234964847564697,An toan,5.635652,4.234964847564697,D,An toan
SV1103,Nguyễn Tuấn An,INT1002,Cơ sở dữ liệu,INT1002_L01,ly_thuyet,3.0,0.0,3.9876318,5.259657,6.117152,4.447807,7.4817176,5.459241,0.4057255983352661,Nguy co rot mon,0.0,0.4057255983352661,F,Nguy co rot mon
SV1103,Nguyễn Tuấn An,INT1001,Lập trình Python,INT1001_L01,tich_hop,2.0,1.0,7.307152,4.691593,3.7247708,8.476157,3.7076728,4.892434,5.391477108001709,Nguy co rot mon,5.6920877,5.391477108001709,D+,An toan
SV1104,Bùi Hải Khoa,GDQP102,Giáo dục quốc phòng*,GDQP102_L01,ly_thuyet,3.0,0.0,4.053384,8.824621,3.829367,7.452542,6.439115,7.7079086,6.140280723571777,An toan,0.0,6.140280723571777,C+,An toan
SV1104,Bùi Hải Khoa,GDTC101,Giáo dục thể chất 1*,GDTC101_L01,thuc_hanh,0.0,1.0,2.561597,2.071998,7.489877,3.77648,8.873928,8.0779085,7.3442702293396,An toan,6.909439,7.3442702293396,B,An toan
SV1104,Bùi Hải Khoa,INT1001,Lập trình Python,INT1001_L01,tich_hop,2.0,1.0,9.177825,4.127142,7.6322236,7.7483196,5.963709,6.5232387,6.901072025299072,An toan,6.745089,6.901072025299072,C+,An toan
SV1105,Nguyễn Hoàng Bình,INT1002,Cơ sở dữ liệu,INT1002_L01,ly_thuyet,3.0,0.0,4.912497,3.6169336,3.108835,4.308847,9.4423895,9.030118,6.5458455085754395,An toan,0.0,6.5458455085754395,C+,An toan
SV1105,Nguyễn Hoàng Bình,GDTC101,Giáo dục thể chất 1*,GDTC101_L01,thuc_hanh,0.0,1.0,9.420124,6.396719,1.7914127,8.755376,8.582247,8.972298,3.443905830383301,Nguy co rot mon,8.769974,3.443905830383301,F,Nguy co rot mon
SV1105,Nguyễn Hoàng Bình,INT1003,Phát triển ứng dụng,INT1003_L01,tich_hop,2.0,1.5,9.945189,9.95365,8.628641,6.351159,9.361984,7.134047,8.69769014630999,An toan,7.6157303,8.69769014630999,A,An toan
SV1106,Trần Minh Anh,INT1002,Cơ sở dữ liệu,INT1002_L01,ly_thuyet,3.0,0.0,9.493242,9.85438,8.331753,6.4481688,8.673444,6.6338954,5.5488104820251465,An toan,0.0,5.5488104820251465,C,An toan
SV1106,Trần Minh Anh,GDTC101,Giáo dục thể chất 1*,GDTC101_L01,thuc_hanh,0.0,1.0,9.535902,7.332922,6.0120106,3.4942174,3.417699,4.2718296,8.769639015197754,An toan,3.7279155,8.769639015197754,A,An toan
SV1107,Phan Hải Đức,INT1002,Cơ sở dữ liệu,INT1002_L01,ly_thuyet,3.0,0.0,4.592323,4.4447284,3.3709452,6.8965125,5.7416844,6.5490212,8.319198608398438,An toan,0.0,8.319198608398438,B+,An toan
SV1107,Phan Hải Đức,GDTC101,Giáo dục thể chất 1*,GDTC101_L01,thuc_hanh,0.0,1.0,6.8705435,9.700526,7.9610987,6.6843605,8.829396,6.284603,6.517914772033691,An toan,7.2661195,6.517914772033691,C+,An toan
SV1107,Phan Hải Đức,INT1001,Lập trình Python,INT1001_L01,tich_hop,2.0,1.0,7.074083,7.579953,1.3067822,3.4060533,8.377602,4.6155176,5.368978659311931,An toan,5.466391,5.368978659311931,D+,An toan
SV1107,Phan Hải Đức,INT1003,Phát triển ứng dụng,INT1003_L01,tich_hop,2.0,1.5,2.8162625,4.64163,1.3084947,9.485461,8.603934,7.490328,5.324034009660993,Nguy co rot mon,8.526574,5.324034009660993,D+,An toan
SV1108,Bùi Ngọc An,GDQP102,Giáo dục quốc phòng*,GDQP102_L01,ly_thuyet,3.0,0.0,2.4540288,7.0309315,4.9669175,6.061729,6.9689035,7.4656143,7.926748752593994,An toan,0.0,7.926748752593994,B,An toan
SV1108,Bùi Ngọc An,INT1003,Phát triển ứng dụng,INT1003_L01,tich_hop,2.0,1.5,7.9086995,6.882513,6.0237417,4.8583674,8.22577,6.3087454,6.73516491481236,An toan,6.4642944,6.73516491481236,C+,An toan
SV1109,Trần Văn Hùng,INT1003,Phát triển ứng dụng,INT1003_L01,tich_hop,2.0,1.5,8.098945,7.730979,3.7505875,7.748787,5.5233374,5.350203,6.389953681400844,An toan,6.2074428,6.389953681400844,C+,An toan
SV1109,Trần Văn Hùng,GDQP102,Giáo dục quốc phòng*,GDQP102_L01,ly_thuyet,3.0,0.0,8.651902,3.199088,8.029585,6.2060275,7.965353,6.801326,2.8673295974731445,Nguy co rot mon,0.0,2.8673295974731445,F,Nguy co rot mon
SV1109,Trần Văn Hùng,INT1002,Cơ sở dữ liệu,INT1002_L01,ly_thuyet,3.0,0.0,4.5207133,4.255278,6.0243573,6.9670157,4.6692758,4.6519585,7.149023056030273,An toan,0.0,7.149023056030273,B,An toan
SV1110,Phan Thị Anh,INT1002,Cơ sở dữ liệu,INT1002_L01,ly_thuyet,3.0,0.0,5.9694753,5.9533353,1.618537,4.227602,4.1816764,3.3196802,9.049022674560547,An toan,0.0,9.049022674560547,A+,An toan
SV1110,Phan Thị Anh,INT1003,Phát triển ứng dụng,INT1003_L01,tich_hop,2.0,1.5,8.142707,9.320739,5.8893294,4.577258,4.997897,3.3788426,6.2987187930515836,Nguy co rot mon,4.3179994,6.2987187930515836,C+,An toan
SV1110,Phan Thị Anh,GDQP102,Giáo dục quốc phòng*,GDQP102_L01,ly_thuyet,3.0,0.0,9.488828,7.6231027,9.82405,4.228004,4.22069,7.01616,0.2925218939781189,Nguy co rot mon,0.0,0.2925218939781189,F,Nguy co rot mon
SV1111,Trần Thị Nam,GDQP102,Giáo dục quốc phòng*,GDQP102_L01,ly_thuyet,3.0,0.0,3.2752178,5.344725,2.448055,9.13145,7.2665467,7.802406,2.8750295639038086,Nguy co rot mon,0.0,2.8750295639038086,F,Nguy co rot mon
SV1111,Trần Thị Nam,INT1003,Phát triển ứng dụng,INT1003_L01,tich_hop,2.0,1.5,7.7012253,6.976383,8.332108,3.3153656,6.9705443,4.741207,6.529533931187221,An toan,5.009039,6.529533931187221,C+,An toan
SV1112,Đặng Thảo Chinh,INT1002,Cơ sở dữ liệu,INT1002_L01,ly_thuyet,3.0,0.0,9.171133,6.4891005,4.2520294,8.84704,4.9885645,9.833521,3.4325785636901855,Nguy co rot mon,0.0,3.4325785636901855,F,Nguy co rot mon
SV1112,Đặng Thảo Chinh,INT1001,Lập trình Python,INT1001_L01,tich_hop,2.0,1.0,9.909147,4.879705,7.0988274,6.5317264,3.0972893,7.9245205,6.814321676890056,An toan,5.8511786,6.814321676890056,C+,An toan
SV1112,Đặng Thảo Chinh,INT1003,Phát triển ứng dụng,INT1003_L01,tich_hop,2.0,1.5,8.854573,9.236457,3.9146469,7.2241564,5.1008105,8.881962,7.221118586403983,An toan,7.068976,7.221118586403983,B,An toan
SV1113,Bùi Hoàng Khoa,INT1001,Lập trình Python,INT1001_L01,tich_hop,2.0,1.0,8.609793,3.0170884,7.2124047,7.554826,4.348721,3.8403025,5.935824553171794,Nguy co rot mon,5.24795,5.935824553171794,C,An toan
SV1113,Bùi Hoàng Khoa,GDQP102,Giáo dục quốc phòng*,GDQP102_L01,ly_thuyet,3.0,0.0,5.9528403,6.316885,1.2011409,9.771866,8.798996,3.7111626,8.045519828796387,An toan,0.0,8.045519828796387,B+,An toan
SV1114,Bùi Hải Nam,GDTC101,Giáo dục thể chất 1*,GDTC101_L01,thuc_hanh,0.0,1.0,8.774645,3.5714877,1.9295112,6.0473466,7.837549,9.900591,9.665657043457031,An toan,7.9284954,9.665657043457031,A+,An toan
SV1114,Bùi Hải Nam,INT1003,Phát triển ứng dụng,INT1003_L01,tich_hop,2.0,1.5,6.0806036,9.707148,9.954418,4.226981,3.7182202,7.06967,7.048251833234515,Nguy co rot mon,5.004957,7.048251833234515,B,An toan
SV1115,Đỗ Văn Nam,INT1002,Cơ sở dữ liệu,INT1002_L01,ly_thuyet,3.0,0.0,8.932422,3.095062,8.111333,5.818421,8.920959,4.68092,2.0062026977539062,Nguy co rot mon,0.0,2.0062026977539062,F,Nguy co rot mon
SV1115,Đỗ Văn Nam,INT1003,Phát triển ứng dụng,INT1003_L01,tich_hop,2.0,1.5,6.0066166,7.7985964,9.157488,8.792335,3.4836354,4.667069,6.794281891414097,An toan,5.64768,6.794281891414097,C+,An toan
SV1115,Đỗ Văn Nam,GDQP102,Giáo dục quốc phòng*,GDQP102_L01,ly_thuyet,3.0,0.0,8.0223875,8.98892,2.2624726,7.093646,6.500766,6.496752,5.543220520019531,An toan,0.0,5.543220520019531,C,An toan
SV1116,Vũ Văn Chinh,GDTC101,Giáo dục thể chất 1*,GDTC101_L01,thuc_hanh,0.0,1.0,9.596684,5.9599524,2.2692246,3.0408154,8.204508,3.8251655,5.319578647613525,An toan,5.023496,5.319578647613525,D+,An toan
SV1116,Vũ Văn Chinh,INT1001,Lập trình Python,INT1001_L01,tich_hop,2.0,1.0,6.624552,2.7715046,2.5028465,3.3905928,3.3686776,7.8341546,4.265692392985026,An toan,4.8644753,4.265692392985026,D,An toan
SV1116,Vũ Văn Chinh,INT1002,Cơ sở dữ liệu,INT1002_L01,ly_thuyet,3.0,0.0,6.676538,9.410898,7.777727,3.419323,9.559623,4.2046046,2.518641471862793,Nguy co rot mon,0.0,2.518641471862793,F,Nguy co rot mon
SV1116,Vũ Văn Chinh,INT1003,Phát triển ứng dụng,INT1003_L01,tich_hop,2.0,1.5,8.376614,7.1394205,3.786515,5.182342,6.4228287,7.1066966,6.349800109863281,An toan,6.2372894,6.349800109863281,C+,An toan
SV1117,Nguyễn Hoàng Nam,INT1001,Lập trình Python,INT1001_L01,tich_hop,2.0,1.0,7.563375,9.158788,6.791655,8.170011,6.9133973,8.465829,7.841874281565349,An toan,7.8497453,7.841874281565349,B,An toan
SV1117,Nguyễn Hoàng Nam,INT1002,Cơ sở dữ liệu,INT1002_L01,ly_thuyet,3.0,0.0,8.236562,2.1792243,6.260074,6.76231,5.537754,6.8640404,5.672220230102539,An toan,0.0,5.672220230102539,C,An toan
SV1117,Nguyễn Hoàng Nam,GDQP102,Giáo dục quốc phòng*,GDQP102_L01,ly_thuyet,3.0,0.0,8.640291,9.75657,9.061045,9.097964,8.121813,4.1803613,3.4755523204803467,Nguy co rot mon,0.0,3.4755523204803467,F,Nguy co rot mon
SV1118,Phan Thị Nam,INT1002,Cơ sở dữ liệu,INT1002_L01,ly_thuyet,3.0,0.0,2.9930732,5.181559,8.832651,4.96662,9.780264,5.757726,9.265410423278809,An toan,0.0,9.265410423278809,A+,An toan
SV1118,Phan Thị Nam,INT1003,Phát triển ứng dụng,INT1003_L01,tich_hop,2.0,1.5,3.7316885,5.123867,8.38321,7.9865103,5.9890814,8.0737705,6.433483328138079,An toan,7.349787,6.433483328138079,C+,An toan
SV1118,Phan Thị Nam,GDTC101,Giáo dục thể chất 1*,GDTC101_L01,thuc_hanh,0.0,1.0,3.258128,9.793053,2.0581372,4.5421834,9.858823,5.9270034,0.38293763995170593,Nguy co rot mon,6.7760034,0.38293763995170593,F,Nguy co rot mon
SV1119,Đỗ Thị Nam,INT1003,Phát triển ứng dụng,INT1003_L01,tich_hop,2.0,1.5,8.576891,5.1063614,9.343284,3.1781406,8.56896,6.7910337,7.034311839512417,An toan,6.1793785,7.034311839512417,B,An toan
SV1119,Đỗ Thị Nam,GDQP102,Giáo dục quốc phòng*,GDQP102_L01,ly_thuyet,3.0,0.0,7.6597605,3.5705218,7.560948,8.355689,7.161534,3.910194,6.197265625,An toan,0.0,6.197265625,C+,An toan
SV1120,Phan Hải Phương,GDQP102,Giáo dục quốc phòng*,GDQP102_L01,ly_thuyet,3.0,0.0,6.521689,4.367333,4.147207,4.95284,8.05855,3.1832507,0.4093550443649292,Nguy co rot mon,0.0,0.4093550443649292,F,Nguy co rot mon
SV1120,Phan Hải Phương,INT1002,Cơ sở dữ liệu,INT1002_L01,ly_thuyet,3.0,0.0,5.566111,2.3386521,9.733201,4.9797535,9.279838,9.428976,8.019482612609863,An toan,0.0,8.019482612609863,B+,An toan
SV1121,Phan Đức Anh,INT1001,Lập trình Python,INT1001_L01,tich_hop,2.0,1.0,9.50949,7.76707,4.7983265,4.6244736,5.0458827,3.473277,6.365934054056804,An toan,4.3812113,6.365934054056804,C+,An toan
SV1121,Phan Đức Anh,GDTC101,Giáo dục thể chất 1*,GDTC101_L01,thuc_hanh,0.0,1.0,6.7992005,7.4091363,5.8904653,9.988514,4.8571978,7.5067344,8.796073913574219,An toan,7.450815,8.796073913574219,A,An toan
SV1121,Phan Đức Anh,INT1003,Phát triển ứng dụng,INT1003_L01,tich_hop,2.0,1.5,2.38317,3.2231996,8.82949,9.016307,8.03723,3.811561,5.730415616716657,Nguy co rot mon,6.9550323,5.730415616716657,C,An toan
SV1121,Phan Đức Anh,GDQP102,Giáo dục quốc phòng*,GDQP102_L01,ly_thuyet,3.0,0.0,8.404034,5.1238275,4.0911436,9.003123,8.321824,3.095722,0.10874736309051514,Nguy co rot mon,0.0,0.10874736309051514,F,Nguy co rot mon
SV1122,Vũ Ngọc Vy,INT1001,Lập trình Python,INT1001_L01,tich_hop,2.0,1.0,2.2926204,4.618285,1.8824285,3.2491596,5.507857,6.453021,3.6440784136454263,An toan,5.0700126,3.6440784136454263,F,Nguy co rot mon
SV1122,Vũ Ngọc Vy,INT1002,Cơ sở dữ liệu,INT1002_L01,ly_thuyet,3.0,0.0,8.388277,3.6549046,3.5593786,3.169454,8.041206,7.492551,4.9284796714782715,An toan,0.0,4.9284796714782715,D,An toan
SV1123,Nguyễn Minh Đức,INT1001,Lập trình Python,INT1001_L01,tich_hop,2.0,1.0,6.6323566,2.6056454,1.7404681,8.756673,9.346677,9.340869,5.489017327626546,An toan,9.148072,5.489017327626546,D+,An toan
SV1123,Nguyễn Minh Đức,GDTC101,Giáo dục thể chất 1*,GDTC101_L01,thuc_hanh,0.0,1.0,4.423496,2.2760427,8.173559,6.8760614,5.4993043,6.2923393,8.421019554138184,An toan,6.2225685,8.421019554138184,B+,An toan
SV1123,Nguyễn Minh Đức,GDQP102,Giáo dục quốc phòng*,GDQP102_L01,ly_thuyet,3.0,0.0,6.681834,4.6462126,4.7332916,3.9496887,6.8386283,3.2114325,5.918112277984619,An toan,0.0,5.918112277984619,C,An toan
SV1124,Đặng Minh Khoa,INT1001,Lập trình Python,INT1001_L01,tich_hop,2.0,1.0,2.5776021,2.9113767,3.1348708,6.6485453,9.782997,3.9657004,4.1827712059021,An toan,6.7990804,4.1827712059021,D,An toan
SV1124,Đặng Minh Khoa,GDQP102,Giáo dục quốc phòng*,GDQP102_L01,ly_thuyet,3.0,0.0,5.761999,2.4605765,4.2573495,5.0879655,5.4164248,8.820835,2.567694902420044,Nguy co rot mon,0.0,2.567694902420044,F,Nguy co rot mon
SV1124,Đặng Minh Khoa,INT1003,Phát triển ứng dụng,INT1003_L01,tich_hop,2.0,1.5,7.4795594,6.802377,4.2860723,5.380449,6.335918,6.927163,6.200125013078962,An toan,6.21451,6.200125013078962,C+,An toan
SV1124,Đặng Minh Khoa,INT1002,Cơ sở dữ liệu,INT1002_L01,ly_thuyet,3.0,0.0,7.139305,8.143628,2.297034,6.267562,6.361549,5.062216,0.7791226506233215,Nguy co rot mon,0.0,0.7791226506233215,F,Nguy co rot mon
SV1125,Lê Minh Anh,INT1002,Cơ sở dữ liệu,INT1002_L01,ly_thuyet,3.0,0.0,3.4956298,8.726637,7.6389,6.9655294,5.7642055,7.075169,5.900986671447754,An toan,0.0,5.900986671447754,C,An toan
SV1125,Lê Minh Anh,GDTC101,Giáo dục thể chất 1*,GDTC101_L01,thuc_hanh,0.0,1.0,6.602289,9.945038,6.819231,6.508895,3.848073,3.8851066,0.7612489461898804,Nguy co rot mon,4.7473583,0.7612489461898804,F,Nguy co rot mon
SV1125,Lê Minh Anh,GDQP102,Giáo dục quốc phòng*,GDQP102_L01,ly_thuyet,3.0,0.0,2.0881732,6.5596204,9.038865,4.270449,7.9273906,5.409277,0.7528929114341736,Nguy co rot mon,0.0,0.7528929114341736,F,Nguy co rot mon
SV1125,Lê Minh Anh,INT1003,Phát triển ứng dụng,INT1003_L01,tich_hop,2.0,1.5,5.9008145,9.400959,2.3482146,6.438128,4.6130643,5.802764,5.769610473087856,An toan,5.6179852,5.769610473087856,C,An toan
SV1126,Hoàng Hải Anh,GDTC101,Giáo dục thể chất 1*,GDTC101_L01,thuc_hanh,0.0,1.0,5.3408895,3.6313746,9.6512,3.1290693,8.938287,3.9222505,9.653800964355469,An toan,5.329869,9.653800964355469,A+,An toan
SV1126,Hoàng Hải Anh,INT1002,Cơ sở dữ liệu,INT1002_L01,ly_thuyet,3.0,0.0,3.2881916,8.81514,9.666132,6.1746945,5.6522813,4.639173,9.24206256866455,An toan,0.0,9.24206256866455,A+,An toan
SV1126,Hoàng Hải Anh,INT1001,Lập trình Python,INT1001_L01,tich_hop,2.0,1.0,5.1948633,8.862681,1.1728681,5.719645,7.551156,5.4420843,5.463745752970378,Nguy co rot mon,6.237629,5.463745752970378,D+,An toan
SV1127,Lê Đức Vy,GDQP102,Giáo dục quốc phòng*,GDQP102_L01,ly_thuyet,3.0,0.0,7.511774,5.6052685,7.1639047,6.7588706,8.190616,5.23423,8.216388702392578,An toan,0.0,8.216388702392578,B+,An toan
SV1127,Lê Đức Vy,GDTC101,Giáo dục thể chất 1*,GDTC101_L01,thuc_hanh,0.0,1.0,7.8728228,9.0350685,5.3828797,5.4809666,4.3617783,3.1297555,0.6159080862998962,Nguy co rot mon,4.324167,0.6159080862998962,F,Nguy co rot mon
SV1127,Lê Đức Vy,INT1002,Cơ sở dữ liệu,INT1002_L01,ly_thuyet,3.0,0.0,3.9952338,3.6117759,7.6411624,3.9257119,6.768304,9.747218,0.5403253436088562,Nguy co rot mon,0.0,0.5403253436088562,F,Nguy co rot mon
SV1128,Đỗ Văn Anh,GDTC101,Giáo dục thể chất 1*,GDTC101_L01,thuc_hanh,0.0,1.0,5.7454224,6.53112,6.996428,9.797461,5.1641803,3.8514042,3.930830478668213,Nguy co rot mon,6.271015,3.930830478668213,F,Nguy co rot mon
SV1128,Đỗ Văn Anh,INT1001,Lập trình Python,INT1001_L01,tich_hop,2.0,1.0,7.362429,9.182236,3.3586705,4.4711657,6.298353,5.5706735,6.238540490468343,An toan,5.446731,6.238540490468343,C+,An toan
SV1128,Đỗ Văn Anh,GDQP102,Giáo dục quốc phòng*,GDQP102_L01,ly_thuyet,3.0,0.0,8.176054,8.304856,4.451674,8.7995205,3.7101104,6.7429624,6.905716896057129,An toan,0.0,6.905716896057129,C+,An toan
SV1128,Đỗ Văn Anh,INT1003,Phát triển ứng dụng,INT1003_L01,tich_hop,2.0,1.5,6.2038255,2.8627563,8.348554,3.7478926,3.0833545,9.924246,5.710810320717948,An toan,5.5851645,5.710810320717948,C,An toan
SV1129,Đặng Tuấn Nam,INT1002,Cơ sở dữ liệu,INT1002_L01,ly_thuyet,3.0,0.0,4.6475053,5.550334,3.9253137,3.2275202,5.822229,4.117724,6.17504358291626,An toan,0.0,6.17504358291626,C+,An toan
SV1129,Đặng Tuấn Nam,GDQP102,Giáo dục quốc phòng*,GDQP102_L01,ly_thuyet,3.0,0.0,3.4180288,8.329659,3.9348636,7.7614822,8.537061,7.782181,4.403255462646484,An toan,0.0,4.403255462646484,D,An toan
SV1130,Nguyễn Hoàng Chinh,INT1003,Phát triển ứng dụng,INT1003_L01,tich_hop,2.0,1.5,6.2606754,6.5373187,3.0859344,6.3616858,5.125936,5.5360866,5.45746864591326,An toan,5.6745696,5.45746864591326,D+,An toan
SV1130,Nguyễn Hoàng Chinh,GDQP102,Giáo dục quốc phòng*,GDQP102_L01,ly_thuyet,3.0,0.0,7.3941903,9.807162,8.490361,7.6651993,8.029149,5.5220933,2.1200411319732666,Nguy co rot mon,0.0,2.1200411319732666,F,Nguy co rot mon
SV1131,Đỗ Minh Trang,GDTC101,Giáo dục thể chất 1*,GDTC101_L01,thuc_hanh,0.0,1.0,2.206406,5.626706,8.957359,3.0741913,9.477745,8.439611,6.4860687255859375,An toan,6.9971824,6.4860687255859375,C+,An toan
SV1131,Đỗ Minh Trang,INT1002,Cơ sở dữ liệu,INT1002_L01,ly_thuyet,3.0,0.0,4.939163,4.3745627,8.730705,5.973865,6.3551044,9.657457,5.3956379890441895,An toan,0.0,5.3956379890441895,D+,An toan
SV1132,Vũ Tuấn An,INT1001,Lập trình Python,INT1001_L01,tich_hop,2.0,1.0,9.916858,4.721775,6.2853365,8.439041,8.005028,9.159267,7.4945863087972,Nguy co rot mon,8.534446,7.4945863087972,B,An toan
SV1132,Vũ Tuấn An,INT1002,Cơ sở dữ liệu,INT1002_L01,ly_thuyet,3.0,0.0,4.816069,2.693421,8.675631,7.877134,5.871728,9.068555,8.507943153381348,An toan,0.0,8.507943153381348,A,An toan
SV1132,Vũ Tuấn An,GDTC101,Giáo dục thể chất 1*,GDTC101_L01,thuc_hanh,0.0,1.0,3.5771363,3.5078032,5.7849793,3.2056553,7.8171635,8.482333,6.573357105255127,An toan,6.501717,6.573357105255127,C+,An toan
SV1133,Phan Thị Linh,INT1001,Lập trình Python,INT1001_L01,tich_hop,2.0,1.0,8.787998,5.0648165,6.3906226,6.3309655,9.786997,6.68072,7.031728267669678,An toan,7.5995603,7.031728267669678,B,An toan
SV1133,Phan Thị Linh,INT1003,Phát triển ứng dụng,INT1003_L01,tich_hop,2.0,1.5,3.2588725,4.0917406,2.460625,8.264421,4.118828,4.000175,4.209296498979841,Nguy co rot mon,5.4611416,4.209296498979841,D,An toan
SV1133,Phan Thị Linh,GDTC101,Giáo dục thể chất 1*,GDTC101_L01,thuc_hanh,0.0,1.0,7.3652964,3.764365,9.939751,5.073245,6.6548514,7.255036,0.003756885649636388,Nguy co rot mon,6.3277106,0.003756885649636388,F,Nguy co rot mon
SV1133,Phan Thị Linh,GDQP102,Giáo dục quốc phòng*,GDQP102_L01,ly_thuyet,3.0,0.0,4.0911293,7.9905014,6.8810086,3.5508132,5.069382,6.9435563,0.6258688569068909,Nguy co rot mon,0.0,0.6258688569068909,F,Nguy co rot mon
SV1134,Nguyễn Tuấn Anh,GDTC101,Giáo dục thể chất 1*,GDTC101_L01,thuc_hanh,0.0,1.0,9.441475,9.46948,1.3662157,6.702891,8.685462,5.1778994,1.0656322240829468,Nguy co rot mon,6.8554177,1.0656322240829468,F,Nguy co rot mon
SV1134,Nguyễn Tuấn Anh,INT1001,Lập trình Python,INT1001_L01,tich_hop,2.0,1.0,8.193103,5.082322,4.202845,8.615599,5.2496476,3.2173216,5.78212292989095,An toan,5.694189,5.78212292989095,C,An toan
SV1135,Vũ Đức Vy,GDTC101,Giáo dục thể chất 1*,GDTC101_L01,thuc_hanh,0.0,1.0,6.703001,5.3675485,6.669955,6.517557,5.140928,7.288591,3.427675724029541,Nguy co rot mon,6.3156924,3.427675724029541,F,Nguy co rot mon
SV1135,Vũ Đức Vy,INT1002,Cơ sở dữ liệu,INT1002_L01,ly_thuyet,3.0,0.0,9.7860985,6.6926293,5.1734576,6.1418858,7.1717005,7.525465,7.683478355407715,An toan,0.0,7.683478355407715,B,An toan
SV1136,Phạm Hải An,GDQP102,Giáo dục quốc phòng*,GDQP102_L01,ly_thuyet,3.0,0.0,7.171274,9.461041,9.2667465,9.057548,8.428441,5.9512453,3.580018997192383,Nguy co rot mon,0.0,3.580018997192383,F,Nguy co rot mon
SV1136,Phạm Hải An,GDTC101,Giáo dục thể chất 1*,GDTC101_L01,thuc_hanh,0.0,1.0,5.63449,3.3725452,6.606245,5.5128465,8.838983,6.493157,4.772315502166748,An toan,6.9483285,4.772315502166748,D,An toan
SV1137,Phạm Tuấn Bình,GDQP102,Giáo dục quốc phòng*,GDQP102_L01,ly_thuyet,3.0,0.0,2.087756,8.855131,3.9721005,9.455635,9.720151,4.9577975,4.151723384857178,An toan,0.0,4.151723384857178,D,An toan
SV1137,Phạm Tuấn Bình,GDTC101,Giáo dục thể chất 1*,GDTC101_L01,thuc_hanh,0.0,1.0,9.115055,8.461881,2.159588,7.4775386,5.9814324,4.717408,6.807529449462891,An toan,6.0587935,6.807529449462891,C+,An toan
SV1137,Phạm Tuấn Bình,INT1003,Phát triển ứng dụng,INT1003_L01,tich_hop,2.0,1.5,9.348459,4.3567123,4.6552243,5.615368,8.45088,4.0014844,6.07832281930106,Nguy co rot mon,6.0225773,6.07832281930106,C+,An toan
SV1138,Trần Hoàng Anh,INT1002,Cơ sở dữ liệu,INT1002_L01,ly_thuyet,3.0,0.0,7.96825,7.2131443,5.4315515,8.282236,8.097957,3.5276225,5.890599250793457,An toan,0.0,5.890599250793457,C,An toan
SV1138,Trần Hoàng Anh,INT1001,Lập trình Python,INT1001_L01,tich_hop,2.0,1.0,5.8184013,6.308799,1.0872945,4.475015,4.4333644,7.256549,4.732657432556152,An toan,5.3883095,4.732657432556152,D,An toan
SV1138,Trần Hoàng Anh,INT1003,Phát triển ứng dụng,INT1003_L01,tich_hop,2.0,1.5,2.8020203,2.795235,1.802501,3.7349722,9.456081,3.1204426,3.7396912574768066,An toan,5.4371657,3.7396912574768066,F,Nguy co rot mon
SV1139,Nguyễn Đức Hùng,INT1002,Cơ sở dữ liệu,INT1002_L01,ly_thuyet,3.0,0.0,4.2331157,2.095138,7.4347343,4.430049,6.6057153,6.1939206,0.8088662028312683,Nguy co rot mon,0.0,0.8088662028312683,F,Nguy co rot mon
SV1139,Nguyễn Đức Hùng,GDTC101,Giáo dục thể chất 1*,GDTC101_L01,thuc_hanh,0.0,1.0,2.6264005,8.889758,6.7257614,3.5792828,3.9042387,6.2878013,2.795681953430176,Nguy co rot mon,4.5904408,2.795681953430176,F,Nguy co rot mon
SV1140,Lê Tuấn Nam,INT1003,Phát triển ứng dụng,INT1003_L01,tich_hop,2.0,1.5,5.967055,5.9883122,7.80457,6.0491138,6.2403545,4.384295,6.145763601575579,Nguy co rot mon,5.557921,6.145763601575579,C+,An toan
SV1140,Lê Tuấn Nam,INT1001,Lập trình Python,INT1001_L01,tich_hop,2.0,1.0,9.6005535,8.61218,1.7068646,8.592124,3.4416285,3.401855,6.141645113627116,An toan,5.1452026,6.141645113627116,C+,An toan
SV1140,Lê Tuấn Nam,INT1002,Cơ sở dữ liệu,INT1002_L01,ly_thuyet,3.0,0.0,7.741704,6.376516,3.0536883,8.033771,5.934632,3.1399853,9.039929389953613,An toan,0.0,9.039929389953613,A+,An toan
SV1140,Lê Tuấn Nam,GDTC101,Giáo dục thể chất 1*,GDTC101_L01,thuc_hanh,0.0,1.0,3.4089491,3.214794,6.4965687,9.480524,4.2607517,9.106674,5.297679901123047,An toan,7.6159835,5.297679901123047,D+,An toan
SV1141,Vũ Đức Anh,GDQP102,Giáo dục quốc phòng*,GDQP102_L01,ly_thuyet,3.0,0.0,3.5381434,8.462286,6.5278525,4.851175,4.872304,6.9162264,0.1514807641506195,Nguy co rot mon,0.0,0.1514807641506195,F,Nguy co rot mon
SV1141,Vũ Đức Anh,INT1002,Cơ sở dữ liệu,INT1002_L01,ly_thuyet,3.0,0.0,5.335896,5.1318326,4.423404,9.304957,3.19863,6.870557,0.238205224275589,Nguy co rot mon,0.0,0.238205224275589,F,Nguy co rot mon
SV1142,Trần Hoàng Chinh,GDTC101,Giáo dục thể chất 1*,GDTC101_L01,thuc_hanh,0.0,1.0,2.7955103,5.9417176,4.2716975,3.8861709,5.9463024,7.7736034,6.517377853393555,An toan,5.8686924,6.517377853393555,C+,An toan
SV1142,Trần Hoàng Chinh,INT1001,Lập trình Python,INT1001_L01,tich_hop,2.0,1.0,4.435796,9.9152975,3.7446873,6.786429,8.099976,4.1667304,6.138299783070882,An toan,6.351045,6.138299783070882,C+,An toan
SV1142,Trần Hoàng Chinh,INT1002,Cơ sở dữ liệu,INT1002_L01,ly_thuyet,3.0,0.0,2.6393712,6.313704,7.0783677,7.5565557,6.759951,5.0002203,6.10710334777832,An toan,0.0,6.10710334777832,C+,An toan
SV1143,Phan Minh Vy,INT1001,Lập trình Python,INT1001_L01,tich_hop,2.0,1.0,5.077293,5.8914185,2.5381384,8.587265,7.7842264,5.145246,5.3922708829243975,Nguy co rot mon,7.1722455,5.3922708829243975,D+,An toan
SV1143,Phan Minh Vy,INT1003,Phát triển ứng dụng,INT1003_L01,tich_hop,2.0,1.5,2.2769907,7.2116995,1.0653266,5.481401,3.2500355,8.538936,4.477484907422747,An toan,5.7567906,4.477484907422747,D,An toan
SV1144,Phạm Hoàng Anh,INT1002,Cơ sở dữ liệu,INT1002_L01,ly_thuyet,3.0,0.0,6.2507043,6.10544,3.4590902,7.5659337,6.9295344,3.144703,4.768209934234619,An toan,0.0,4.768209934234619,D,An toan
SV1144,Phạm Hoàng Anh,INT1001,Lập trình Python,INT1001_L01,tich_hop,2.0,1.0,5.8840413,6.2909417,5.042324,9.390402,7.683145,6.0121493,6.391146024068196,Nguy co rot mon,7.6952324,6.391146024068196,C+,An toan
SV1145,Phạm Thu Chinh,GDQP102,Giáo dục quốc phòng*,GDQP102_L01,ly_thuyet,3.0,0.0,9.658608,4.7421565,3.4362102,3.1390412,4.7601976,8.388503,2.765138626098633,Nguy co rot mon,0.0,2.765138626098633,F,Nguy co rot mon
SV1145,Phạm Thu Chinh,GDTC101,Giáo dục thể chất 1*,GDTC101_L01,thuc_hanh,0.0,1.0,7.5725236,6.0653014,8.601506,7.916059,4.978839,5.9835997,4.552443504333496,An toan,6.292833,4.552443504333496,D,An toan
SV1145,Phạm Thu Chinh,INT1003,Phát triển ứng dụng,INT1003_L01,tich_hop,2.0,1.5,5.8856106,7.965907,4.548133,9.23731,8.767751,5.052942,6.79869590486799,An toan,7.6860013,6.79869590486799,C+,An toan
SV1146,Đỗ Thảo Vy,INT1003,Phát triển ứng dụng,INT1003_L01,tich_hop,2.0,1.5,9.8748045,9.374305,2.0112135,9.294102,5.4775157,5.20672,6.903633730752127,Nguy co rot mon,6.6594462,6.903633730752127,C+,An toan
SV1146,Đỗ Thảo Vy,INT1002,Cơ sở dữ liệu,INT1002_L01,ly_thuyet,3.0,0.0,9.130517,6.0326347,8.722644,9.0163555,6.468085,9.132527,5.5088419914245605,An toan,0.0,5.5088419914245605,C,An toan
SV1146,Đỗ Thảo Vy,GDTC101,Giáo dục thể chất 1*,GDTC101_L01,thuc_hanh,0.0,1.0,7.4111524,7.3197274,1.3852532,5.552838,7.4078503,7.590231,5.0946831703186035,An toan,6.850306,5.0946831703186035,D+,An toan
SV1147,Hoàng Ngọc Hùng,GDQP102,Giáo dục quốc phòng*,GDQP102_L01,ly_thuyet,3.0,0.0,2.4314775,5.379405,8.993719,4.8530426,5.7938433,9.580965,2.0076417922973633,Nguy co rot mon,0.0,2.0076417922973633,F,Nguy co rot mon
SV1147,Hoàng Ngọc Hùng,INT1002,Cơ sở dữ liệu,INT1002_L01,ly_thuyet,3.0,0.0,4.2406335,2.603803,3.735416,8.161936,5.8697343,3.89692,7.875807762145996,An toan,0.0,7.875807762145996,B,An toan
SV1148,Trần Tuấn Anh,GDTC101,Giáo dục thể chất 1*,GDTC101_L01,thuc_hanh,0.0,1.0,6.5059295,8.287016,3.58879,3.909027,3.738968,8.945904,3.6835596561431885,Nguy co rot mon,5.5312996,3.6835596561431885,F,Nguy co rot mon
SV1148,Trần Tuấn Anh,INT1003,Phát triển ứng dụng,INT1003_L01,tich_hop,2.0,1.5,7.8654275,7.737473,8.351789,7.3323607,4.7566137,8.596247,7.517829281943185,Nguy co rot mon,6.8950734,7.517829281943185,B,An toan
SV1149,Vũ Văn Vy,GDTC101,Giáo dục thể chất 1*,GDTC101_L01,thuc_hanh,0.0,1.0,2.9732916,3.4509327,8.082958,3.371722,5.790189,6.5202804,2.0816848278045654,Nguy co rot mon,5.2273974,2.0816848278045654,F,Nguy co rot mon
SV1149,Vũ Văn Vy,INT1002,Cơ sở dữ liệu,INT1002_L01,ly_thuyet,3.0,0.0,3.5084643,6.910764,1.7745816,9.8794985,5.9972,7.7683606,2.8292438983917236,Nguy co rot mon,0.0,2.8292438983917236,F,Nguy co rot mon
SV1150,Trần Hải An,GDQP102,Giáo dục quốc phòng*,GDQP102_L01,ly_thuyet,3.0,0.0,6.666952,5.0989747,3.4924858,7.2836804,3.9597375,3.897921,0.8030205965042114,Nguy co rot mon,0.0,0.8030205965042114,F,Nguy co rot mon
SV1150,Trần Hải An,INT1003,Phát triển ứng dụng,INT1003_L01,tich_hop,2.0,1.5,2.3745313,3.781873,8.623706,7.8455443,5.087822,3.1531713,5.113335950034005,An toan,5.3621793,5.113335950034005,D+,An toan
SV1150,Trần Hải An,INT1002,Cơ sở dữ liệu,INT1002_L01,ly_thuyet,3.0,0.0,5.2067747,4.713544,7.4963894,9.948747,8.919826,3.17622,3.591935634613037,Nguy co rot mon,0.0,3.591935634613037,F,Nguy co rot mon
SV1151,Phạm Thảo Khoa,INT1002,Cơ sở dữ liệu,INT1002_L01,ly_thuyet,3.0,0.0,8.420929,6.2497582,6.606365,5.973773,6.2854085,6.1457314,8.817632675170898,An toan,0.0,8.817632675170898,A,An toan
SV1151,Phạm Thảo Khoa,GDQP102,Giáo dục quốc phòng*,GDQP102_L01,ly_thuyet,3.0,0.0,3.3370063,2.4071786,2.9845023,9.226095,5.640377,4.57785,1.257819652557373,Nguy co rot mon,0.0,1.257819652557373,F,Nguy co rot mon
SV1151,Phạm Thảo Khoa,INT1003,Phát triển ứng dụng,INT1003_L01,tich_hop,2.0,1.5,9.376055,6.0690317,6.757864,8.385702,7.8538065,9.194877,7.862617356436593,An toan,8.478129,7.862617356436593,B,An toan
SV1151,Phạm Thảo Khoa,GDTC101,Giáo dục thể chất 1*,GDTC101_L01,thuc_hanh,0.0,1.0,7.9202447,7.195346,5.2432213,7.0129967,9.129741,4.178234,3.790740489959717,Nguy co rot mon,6.7736573,3.790740489959717,F,Nguy co rot mon
SV1152,Bùi Thu Khoa,INT1002,Cơ sở dữ liệu,INT1002_L01,ly_thuyet,3.0,0.0,7.4489613,7.6087775,1.347808,8.131828,4.5384755,8.860042,7.070679664611816,An toan,0.0,7.070679664611816,B,An toan
SV1152,Bùi Thu Khoa,INT1001,Lập trình Python,INT1001_L01,tich_hop,2.0,1.0,6.371443,2.9588895,6.1021757,5.6892853,4.0205693,7.9627643,5.393070538838704,An toan,5.890873,5.393070538838704,D+,An toan
SV1152,Bùi Thu Khoa,GDQP102,Giáo dục quốc phòng*,GDQP102_L01,ly_thuyet,3.0,0.0,6.6442413,7.9837985,5.250797,9.54769,7.573595,4.9538336,8.955501556396484,An toan,0.0,8.955501556396484,A,An toan
SV1152,Bùi Thu Khoa,INT1003,Phát triển ứng dụng,INT1003_L01,tich_hop,2.0,1.5,2.751444,9.580659,7.311879,5.2670894,3.7846222,8.222506,6.209456239427839,Nguy co rot mon,5.7580724,6.209456239427839,C+,An toan
SV1153,Bùi Thảo Linh,GDQP102,Giáo dục quốc phòng*,GDQP102_L01,ly_thuyet,3.0,0.0,2.9401224,5.0052257,4.1697483,9.608189,5.804653,5.918932,5.149467945098877,An toan,0.0,5.149467945098877,D+,An toan
SV1153,Bùi Thảo Linh,INT1003,Phát triển ứng dụng,INT1003_L01,tich_hop,2.0,1.5,7.0736604,5.654929,2.076326,6.2954907,8.504382,5.4868813,5.718091896602085,Nguy co rot mon,6.7622514,5.718091896602085,C,An toan
SV1153,Bùi Thảo Linh,GDTC101,Giáo dục thể chất 1*,GDTC101_L01,thuc_hanh,0.0,1.0,2.06117,5.5858884,7.3438272,6.6880164,3.5243504,3.1266782,6.748563766479492,An toan,4.4463487,6.748563766479492,C+,An toan
SV1153,Bùi Thảo Linh,INT1002,Cơ sở dữ liệu,INT1002_L01,ly_thuyet,3.0,0.0,6.3152146,2.4078784,3.0388556,5.6730065,8.080748,3.0872238,8.163226127624512,An toan,0.0,8.163226127624512,B+,An toan
SV1154,Đỗ Tuấn Chinh,GDTC101,Giáo dục thể chất 1*,GDTC101_L01,thuc_hanh,0.0,1.0,3.4614177,3.6369073,8.30291,5.696803,8.633904,6.998771,0.06912083923816681,Nguy co rot mon,7.1098266,0.06912083923816681,F,Nguy co rot mon
SV1154,Đỗ Tuấn Chinh,INT1002,Cơ sở dữ liệu,INT1002_L01,ly_thuyet,3.0,0.0,6.301642,5.8158016,9.8880825,6.154797,9.291879,7.2647185,4.644596099853516,An toan,0.0,4.644596099853516,D,An toan
SV1155,Đỗ Hoàng Nam,GDQP102,Giáo dục quốc phòng*,GDQP102_L01,ly_thuyet,3.0,0.0,9.064142,7.920978,2.7382333,7.048513,3.3948307,9.739564,0.5759525895118713,Nguy co rot mon,0.0,0.5759525895118713,F,Nguy co rot mon
SV1155,Đỗ Hoàng Nam,INT1002,Cơ sở dữ liệu,INT1002_L01,ly_thuyet,3.0,0.0,2.802747,6.780836,3.0382922,7.205716,5.229562,6.0241675,1.5578327178955078,Nguy co rot mon,0.0,1.5578327178955078,F,Nguy co rot mon
SV1156,Lê Hoàng Đức,GDQP102,Giáo dục quốc phòng*,GDQP102_L01,ly_thuyet,3.0,0.0,7.9638553,8.444953,1.1003301,7.042733,7.281558,7.1843724,4.006692409515381,An toan,0.0,4.006692409515381,D,An toan
SV1156,Lê Hoàng Đức,INT1002,Cơ sở dữ liệu,INT1002_L01,ly_thuyet,3.0,0.0,9.955158,6.1031075,1.5389271,6.7345133,8.31378,3.1209621,5.215599060058594,An toan,0.0,5.215599060058594,D+,An toan
SV1157,Đặng Đức Phương,INT1002,Cơ sở dữ liệu,INT1002_L01,ly_thuyet,3.0,0.0,3.8878179,8.486173,3.7726595,6.79616,3.331204,8.157335,7.477301120758057,An toan,0.0,7.477301120758057,B,An toan
SV1157,Đặng Đức Phương,GDQP102,Giáo dục quốc phòng*,GDQP102_L01,ly_thuyet,3.0,0.0,5.7722178,4.2172785,5.314568,4.127068,3.4496799,7.915388,6.9733991622924805,An toan,0.0,6.9733991622924805,C+,An toan
SV1157,Đặng Đức Phương,GDTC101,Giáo dục thể chất 1*,GDTC101_L01,thuc_hanh,0.0,1.0,6.6253486,4.377945,9.675368,9.537999,4.6063786,8.626257,3.0619990825653076,Nguy co rot mon,7.5902114,3.0619990825653076,F,Nguy co rot mon
SV1157,Đặng Đức Phương,INT1003,Phát triển ứng dụng,INT1003_L01,tich_hop,2.0,1.5,4.6092134,8.015267,8.670581,3.1040366,3.2386045,8.192438,6.132642405373709,Nguy co rot mon,4.8450265,6.132642405373709,C+,An toan
SV1158,Trần Minh Bình,INT1002,Cơ sở dữ liệu,INT1002_L01,ly_thuyet,3.0,0.0,3.925051,7.020212,4.593087,8.962252,7.8115053,3.9316902,8.182305335998535,An toan,0.0,8.182305335998535,B+,An toan
SV1158,Trần Minh Bình,INT1003,Phát triển ứng dụng,INT1003_L01,tich_hop,2.0,1.5,5.4998007,9.74869,7.635636,3.3088794,8.19639,8.269958,7.183913571493966,Nguy co rot mon,6.591742,7.183913571493966,B,An toan
SV1159,Lê Hoàng Chinh,INT1002,Cơ sở dữ liệu,INT1002_L01,ly_thuyet,3.0,0.0,7.4529986,4.8843203,9.629198,4.4424014,6.257658,5.4559474,3.77970290184021,Nguy co rot mon,0.0,3.77970290184021,F,Nguy co rot mon
SV1159,Lê Hoàng Chinh,INT1003,Phát triển ứng dụng,INT1003_L01,tich_hop,2.0,1.5,9.030901,7.5235395,2.4658537,6.047859,8.082254,4.3299813,6.260069370269775,Nguy co rot mon,6.1533647,6.260069370269775,C+,An toan
SV1159,Lê Hoàng Chinh,INT1001,Lập trình Python,INT1001_L01,tich_hop,2.0,1.0,4.603878,4.332107,4.5706573,6.199905,4.010138,4.1232424,4.594063599904378,Nguy co rot mon,4.777762,4.594063599904378,D,An toan
SV1159,Lê Hoàng Chinh,GDQP102,Giáo dục quốc phòng*,GDQP102_L01,ly_thuyet,3.0,0.0,7.5648446,5.6260757,5.0841427,4.1458697,7.476481,7.0098433,9.78547477722168,An toan,0.0,9.78547477722168,A+,An toan
SV1160,Đặng Thị Trang,GDQP102,Giáo dục quốc phòng*,GDQP102_L01,ly_thuyet,3.0,0.0,5.7417216,5.7809825,4.735006,7.8684287,9.606712,3.4688134,9.545174598693848,An toan,0.0,9.545174598693848,A+,An toan
SV1160,Đặng Thị Trang,INT1001,Lập trình Python,INT1001_L01,tich_hop,2.0,1.0,8.404871,8.57598,8.221457,3.201049,7.2284813,5.05143,7.320619583129883,Nguy co rot mon,5.1603203,7.320619583129883,B,An toan
SV1160,Đặng Thị Trang,GDTC101,Giáo dục thể chất 1*,GDTC101_L01,thuc_hanh,0.0,1.0,2.1217299,4.6138144,4.937853,5.198817,8.566599,5.0916944,2.574312925338745,Nguy co rot mon,6.285703,2.574312925338745,F,Nguy co rot mon
SV1161,Trần Thu Nam,GDQP102,Giáo dục quốc phòng*,GDQP102_L01,ly_thuyet,3.0,0.0,2.7717447,4.7986584,9.850106,5.1498966,3.421546,7.045169,9.934643745422363,An toan,0.0,9.934643745422363,A+,An toan
SV1161,Trần Thu Nam,INT1003,Phát triển ứng dụng,INT1003_L01,tich_hop,2.0,1.5,9.78246,8.784684,1.4846562,4.606468,5.827302,8.512939,6.526063033512661,Nguy co rot mon,6.3155694,6.526063033512661,C+,An toan
SV1161,Trần Thu Nam,GDTC101,Giáo dục thể chất 1*,GDTC101_L01,thuc_hanh,0.0,1.0,3.1084278,8.459506,2.2592077,3.6163352,9.539693,8.829393,5.027620315551758,An toan,7.3284736,5.027620315551758,D+,An toan
SV1161,Trần Thu Nam,INT1001,Lập trình Python,INT1001_L01,tich_hop,2.0,1.0,9.710286,2.5777287,1.917657,6.031973,4.3192763,5.3195987,4.898021539052327,An toan,5.223616,4.898021539052327,D,An toan
SV1162,Lê Văn Bình,INT1002,Cơ sở dữ liệu,INT1002_L01,ly_thuyet,3.0,0.0,8.021571,8.18889,5.085379,5.2461376,7.727731,8.637318,2.296980619430542,Nguy co rot mon,0.0,2.296980619430542,F,Nguy co rot mon
SV1162,Lê Văn Bình,GDTC101,Giáo dục thể chất 1*,GDTC101_L01,thuc_hanh,0.0,1.0,2.0195985,8.136194,1.6650051,7.5962496,3.8040125,7.2964644,3.2093112468719482,Nguy co rot mon,6.232242,3.2093112468719482,F,Nguy co rot mon
SV1162,Lê Văn Bình,INT1001,Lập trình Python,INT1001_L01,tich_hop,2.0,1.0,9.471039,7.1454396,8.3211,7.4499187,5.5794806,3.6490986,7.394850413004558,Nguy co rot mon,5.5594997,7.394850413004558,B,An toan
SV1162,Lê Văn Bình,INT1003,Phát triển ứng dụng,INT1003_L01,tich_hop,2.0,1.5,5.0982766,9.8791,4.6999664,9.269762,8.679129,4.18873,6.910582746778216,An toan,7.379207,6.910582746778216,C+,An toan
SV1163,Đặng Thảo An,INT1003,Phát triển ứng dụng,INT1003_L01,tich_hop,2.0,1.5,4.4481134,4.030523,2.2673466,4.428605,7.7424293,7.8244,4.903344222477505,Nguy co rot mon,6.6651444,4.903344222477505,D,An toan
SV1163,Đặng Thảo An,GDTC101,Giáo dục thể chất 1*,GDTC101_L01,thuc_hanh,0.0,1.0,6.696052,6.4966264,7.2867284,8.10409,6.0869102,6.054893,0.5070293545722961,Nguy co rot mon,6.748631,0.5070293545722961,F,Nguy co rot mon
SV1163,Đặng Thảo An,INT1001,Lập trình Python,INT1001_L01,tich_hop,2.0,1.0,2.9910698,6.4332743,6.1631737,3.138452,7.0748386,6.2917833,5.297790050506592,An toan,5.5016913,5.297790050506592,D+,An toan
SV1164,Vũ Tuấn Nam,INT1001,Lập trình Python,INT1001_L01,tich_hop,2.0,1.0,8.985343,7.831929,6.8949413,9.345448,3.740269,7.1092978,7.513271490732829,Nguy co rot mon,6.731672,7.513271490732829,B,An toan
SV1164,Vũ Tuấn Nam,GDTC101,Giáo dục thể chất 1*,GDTC101_L01,thuc_hanh,0.0,1.0,3.047804,2.8340032,5.770511,9.424681,9.848214,9.156207,2.777371883392334,Nguy co rot mon,9.476368,2.777371883392334,F,Nguy co rot mon
SV1164,Vũ Tuấn Nam,GDQP102,Giáo dục quốc phòng*,GDQP102_L01,ly_thuyet,3.0,0.0,8.372501,7.9811387,7.58712,7.558817,4.6553,7.0251193,3.781874895095825,Nguy co rot mon,0.0,3.781874895095825,F,Nguy co rot mon
SV1165,Phạm Minh Anh,INT1002,Cơ sở dữ liệu,INT1002_L01,ly_thuyet,3.0,0.0,2.4642296,6.8643236,6.724638,4.079607,5.3614154,6.2472606,6.024868011474609,An toan,0.0,6.024868011474609,C+,An toan
SV1165,Phạm Minh Anh,INT1003,Phát triển ứng dụng,INT1003_L01,tich_hop,2.0,1.5,4.706539,5.3489084,1.0328873,8.998248,8.17698,5.429169,5.341263430459159,Nguy co rot mon,7.534799,5.341263430459159,D+,An toan
SV1165,Phạm Minh Anh,GDQP102,Giáo dục quốc phòng*,GDQP102_L01,ly_thuyet,3.0,0.0,3.568608,3.9089172,2.7051232,6.9903774,5.252317,7.1760664,0.3568861782550812,Nguy co rot mon,0.0,0.3568861782550812,F,Nguy co rot mon
SV1165,Phạm Minh Anh,INT1001,Lập trình Python,INT1001_L01,tich_hop,2.0,1.0,3.0774822,9.551483,8.137465,9.720366,8.559527,6.674776,7.387503306070964,Nguy co rot mon,8.318223,7.387503306070964,B,An toan
SV1166,Hoàng Tuấn Khoa,INT1003,Phát triển ứng dụng,INT1003_L01,tich_hop,2.0,1.5,4.6399693,6.9647794,1.2216063,8.98571,7.7606635,6.836841,5.812146118709019,An toan,7.861072,5.812146118709019,C,An toan
SV1166,Hoàng Tuấn Khoa,INT1001,Lập trình Python,INT1001_L01,tich_hop,2.0,1.0,3.7713916,9.71385,5.5935016,5.9625273,3.1090405,8.741313,6.218929767608643,An toan,5.9376273,6.218929767608643,C+,An toan
SV1167,Nguyễn Thu Phương,INT1002,Cơ sở dữ liệu,INT1002_L01,ly_thuyet,3.0,0.0,8.282824,7.6570163,6.913565,8.657872,6.7622766,4.0816865,8.461628913879395,An toan,0.0,8.461628913879395,B+,An toan
SV1167,Nguyễn Thu Phương,INT1001,Lập trình Python,INT1001_L01,tich_hop,2.0,1.0,6.228941,7.932468,2.5204177,7.0346613,6.632763,5.420316,5.827932834625244,An toan,6.36258,5.827932834625244,C,An toan
SV1167,Nguyễn Thu Phương,GDTC101,Giáo dục thể chất 1*,GDTC101_L01,thuc_hanh,0.0,1.0,9.057362,4.7346487,5.7340155,5.643087,6.64372,9.663497,9.017169952392578,An toan,7.316768,9.017169952392578,A+,An toan
SV1167,Nguyễn Thu Phương,INT1003,Phát triển ứng dụng,INT1003_L01,tich_hop,2.0,1.5,7.0160003,6.080943,8.291208,7.656381,9.497223,5.771699,7.34897688456944,An toan,7.641768,7.34897688456944,B,An toan
SV1168,Nguyễn Minh Nam,INT1001,Lập trình Python,INT1001_L01,tich_hop,2.0,1.0,5.9403276,6.7344303,6.7547274,4.1260743,8.948374,6.4889345,6.491372585296631,An toan,6.521127,6.491372585296631,C+,An toan
SV1168,Nguyễn Minh Nam,INT1003,Phát triển ứng dụng,INT1003_L01,tich_hop,2.0,1.5,7.058775,2.5887785,9.346872,4.1727023,7.818075,3.826015,5.877528054373605,An toan,5.2722645,5.877528054373605,C,An toan
SV1168,Nguyễn Minh Nam,INT1002,Cơ sở dữ liệu,INT1002_L01,ly_thuyet,3.0,0.0,7.678759,7.242919,4.4105577,3.9592307,4.854964,4.9489217,6.869593143463135,An toan,0.0,6.869593143463135,C+,An toan
SV1168,Nguyễn Minh Nam,GDQP102,Giáo dục quốc phòng*,GDQP102_L01,ly_thuyet,3.0,0.0,3.0085652,2.4055254,1.8855045,5.729965,9.600816,5.1847615,0.36463600397109985,Nguy co rot mon,0.0,0.36463600397109985,F,Nguy co rot mon
SV1169,Phạm Tuấn Đức,GDQP102,Giáo dục quốc phòng*,GDQP102_L01,ly_thuyet,3.0,0.0,2.5361598,5.565689,3.7762403,6.5492544,8.917307,5.9343486,3.6333911418914795,Nguy co rot mon,0.0,3.6333911418914795,F,Nguy co rot mon
SV1169,Phạm Tuấn Đức,GDTC101,Giáo dục thể chất 1*,GDTC101_L01,thuc_hanh,0.0,1.0,7.8153043,4.624179,4.730427,6.500226,3.8396626,4.951025,3.0142338275909424,Nguy co rot mon,5.096971,3.0142338275909424,F,Nguy co rot mon
SV1169,Phạm Tuấn Đức,INT1002,Cơ sở dữ liệu,INT1002_L01,ly_thuyet,3.0,0.0,6.847924,7.926579,8.4715395,5.953254,5.59037,8.968461,4.064974308013916,An toan,0.0,4.064974308013916,D,An toan
SV1169,Phạm Tuấn Đức,INT1001,Lập trình Python,INT1001_L01,tich_hop,2.0,1.0,8.585319,4.9734006,5.0880136,4.5993776,5.1621737,6.7410154,5.977337042490642,Nguy co rot mon,5.500856,5.977337042490642,C,An toan
SV1170,Trần Thị Hùng,GDQP102,Giáo dục quốc phòng*,GDQP102_L01,ly_thuyet,3.0,0.0,4.1604795,8.130961,2.5495613,8.191482,9.105052,8.086374,8.866581916809082,An toan,0.0,8.866581916809082,A,An toan
SV1170,Trần Thị Hùng,GDTC101,Giáo dục thể chất 1*,GDTC101_L01,thuc_hanh,0.0,1.0,2.1814625,8.183105,9.914693,5.5487227,4.776914,7.4546895,7.569950103759766,An toan,5.9267755,7.569950103759766,B,An toan
SV1170,Trần Thị Hùng,INT1003,Phát triển ứng dụng,INT1003_L01,tich_hop,2.0,1.5,3.411301,2.9346805,2.4499874,7.9124756,4.812841,6.604195,4.436781474522182,Nguy co rot mon,6.4431705,4.436781474522182,D,An toan
SV1171,Vũ Thị Anh,INT1002,Cơ sở dữ liệu,INT1002_L01,ly_thuyet,3.0,0.0,8.755042,2.1391335,5.3804183,6.961262,9.636674,4.40893,2.156256675720215,Nguy co rot mon,0.0,2.156256675720215,F,Nguy co rot mon
SV1171,Vũ Thị Anh,INT1003,Phát triển ứng dụng,INT1003_L01,tich_hop,2.0,1.5,5.599794,9.26672,8.200849,9.836852,8.227018,7.8194776,8.091404369899205,Nguy co rot mon,8.627782,8.091404369899205,B+,An toan
SV1172,Phan Hải Đức,INT1001,Lập trình Python,INT1001_L01,tich_hop,2.0,1.0,5.9516673,2.8326886,8.944852,8.348361,3.0692084,8.454558,6.147838274637858,Nguy co rot mon,6.6240425,6.147838274637858,C+,An toan
SV1172,Phan Hải Đức,INT1003,Phát triển ứng dụng,INT1003_L01,tich_hop,2.0,1.5,7.4442058,8.816601,6.396692,9.574401,8.496941,4.043911,7.475036144256592,An toan,7.3717513,7.475036144256592,B,An toan
SV1172,Phan Hải Đức,GDQP102,Giáo dục quốc phòng*,GDQP102_L01,ly_thuyet,3.0,0.0,5.906589,7.034035,8.695951,9.625414,4.651318,9.63444,3.7529048919677734,Nguy co rot mon,0.0,3.7529048919677734,F,Nguy co rot mon
SV1172,Phan Hải Đức,GDTC101,Giáo dục thể chất 1*,GDTC101_L01,thuc_hanh,0.0,1.0,5.1008554,4.266775,7.6098733,9.483296,8.636611,4.0017514,0.07090021669864655,Nguy co rot mon,7.373886,0.07090021669864655,F,Nguy co rot mon
SV1173,Vũ Tuấn Nam,INT1002,Cơ sở dữ liệu,INT1002_L01,ly_thuyet,3.0,0.0,9.769782,8.687605,8.47869,8.961063,9.122405,8.58744,9.210101127624512,An toan,0.0,9.210101127624512,A+,An toan
SV1173,Vũ Tuấn Nam,GDTC101,Giáo dục thể chất 1*,GDTC101_L01,thuc_hanh,0.0,1.0,4.6249795,9.022328,6.0892267,5.4257574,5.797427,5.9660416,3.3018014430999756,Nguy co rot mon,5.729742,3.3018014430999756,F,Nguy co rot mon
SV1173,Vũ Tuấn Nam,INT1003,Phát triển ứng dụng,INT1003_L01,tich_hop,2.0,1.5,8.141237,9.584365,4.227169,3.67204,3.3762403,6.7161565,6.147828306470599,An toan,4.5881457,6.147828306470599,C+,An toan
SV1174,Trần Hải Trang,GDQP102,Giáo dục quốc phòng*,GDQP102_L01,ly_thuyet,3.0,0.0,7.6818633,5.097251,1.1129401,3.8167176,4.040488,9.1439085,3.3989510536193848,Nguy co rot mon,0.0,3.3989510536193848,F,Nguy co rot mon
SV1174,Trần Hải Trang,GDTC101,Giáo dục thể chất 1*,GDTC101_L01,thuc_hanh,0.0,1.0,6.2006097,7.0661917,7.7940645,8.583853,6.5311284,7.429033,3.41357421875,Nguy co rot mon,7.5146713,3.41357421875,F,Nguy co rot mon
SV1174,Trần Hải Trang,INT1002,Cơ sở dữ liệu,INT1002_L01,ly_thuyet,3.0,0.0,6.7275524,3.6512268,2.5416763,7.398649,4.6621404,7.378448,3.2919552326202393,Nguy co rot mon,0.0,3.2919552326202393,F,Nguy co rot mon
SV1174,Trần Hải Trang,INT1001,Lập trình Python,INT1001_L01,tich_hop,2.0,1.0,5.1970363,7.038737,6.4549584,6.61653,7.8108587,7.305518,6.568263212839763,Nguy co rot mon,7.2443023,6.568263212839763,C+,An toan
SV1175,Trần Hải Anh,INT1003,Phát triển ứng dụng,INT1003_L01,tich_hop,2.0,1.5,6.717862,5.803188,9.841684,7.193109,9.900068,3.268266,7.168346064431327,Nguy co rot mon,6.787148,7.168346064431327,B,An toan
SV1175,Trần Hải Anh,INT1002,Cơ sở dữ liệu,INT1002_L01,ly_thuyet,3.0,0.0,4.944017,2.1939244,3.0265713,7.4465423,9.637068,7.4608345,5.981701374053955,An toan,0.0,5.981701374053955,C,An toan
SV1176,Phan Văn Linh,INT1003,Phát triển ứng dụng,INT1003_L01,tich_hop,2.0,1.5,8.158609,8.5793,4.1377335,8.956455,9.690133,8.36393,7.834958212716239,Nguy co rot mon,9.003506,7.834958212716239,B,An toan
SV1176,Phan Văn Linh,INT1002,Cơ sở dữ liệu,INT1002_L01,ly_thuyet,3.0,0.0,8.415904,3.6393406,3.8639388,3.445679,3.4089057,8.958433,7.333646774291992,An toan,0.0,7.333646774291992,B,An toan
SV1176,Phan Văn Linh,GDQP102,Giáo dục quốc phòng*,GDQP102_L01,ly_thuyet,3.0,0.0,9.695231,2.3552089,4.1658783,4.259857,3.2806096,8.918546,3.904890775680542,Nguy co rot mon,0.0,3.904890775680542,F,Nguy co rot mon
SV1176,Phan Văn Linh,GDTC101,Giáo dục thể chất 1*,GDTC101_L01,thuc_hanh,0.0,1.0,6.927929,8.73495,8.617531,8.637541,9.97537,3.7340596,5.033058166503906,An toan,7.4489903,5.033058166503906,D+,An toan
SV1177,Lê Minh Trang,INT1001,Lập trình Python,INT1001_L01,tich_hop,2.0,1.0,5.5457993,3.7345185,8.660194,7.1924777,6.18328,9.948374,6.57835054397583,An toan,7.77471,6.57835054397583,C+,An toan
SV1177,Lê Minh Trang,GDQP102,Giáo dục quốc phòng*,GDQP102_L01,ly_thuyet,3.0,0.0,5.2793374,5.7213287,8.549319,9.733834,9.93859,7.6217217,7.417053699493408,An toan,0.0,7.417053699493408,B,An toan
SV1177,Lê Minh Trang,GDTC101,Giáo dục thể chất 1*,GDTC101_L01,thuc_hanh,0.0,1.0,7.0087748,5.1098723,1.368462,3.0722568,4.135584,7.3453555,3.784507989883423,Nguy co rot mon,4.851065,3.784507989883423,F,Nguy co rot mon
SV1178,Nguyễn Tuấn Linh,GDQP102,Giáo dục quốc phòng*,GDQP102_L01,ly_thuyet,3.0,0.0,9.728197,8.962358,7.1561074,7.251959,7.6957197,5.6299906,1.5869344472885132,Nguy co rot mon,0.0,1.5869344472885132,F,Nguy co rot mon
SV1178,Nguyễn Tuấn Linh,GDTC101,Giáo dục thể chất 1*,GDTC101_L01,thuc_hanh,0.0,1.0,2.286039,3.1776078,2.3255167,5.173576,7.085472,4.2217846,3.1117303371429443,Nguy co rot mon,5.493611,3.1117303371429443,F,Nguy co rot mon
SV1179,Bùi Thu Phương,INT1002,Cơ sở dữ liệu,INT1002_L01,ly_thuyet,3.0,0.0,9.582378,8.554836,5.075701,4.5360913,4.177629,5.053447,0.024777021259069443,Nguy co rot mon,0.0,0.024777021259069443,F,Nguy co rot mon
SV1179,Bùi Thu Phương,INT1003,Phát triển ứng dụng,INT1003_L01,tich_hop,2.0,1.5,7.502027,5.907469,2.0109024,4.252276,6.379703,7.2353554,5.489695140293667,An toan,5.955778,5.489695140293667,D+,An toan
SV1179,Bùi Thu Phương,GDTC101,Giáo dục thể chất 1*,GDTC101_L01,thuc_hanh,0.0,1.0,9.560447,5.0898185,2.6962008,5.970212,3.5196254,8.404838,9.915985107421875,An toan,5.964892,9.915985107421875,A+,An toan
SV1179,Bùi Thu Phương,GDQP102,Giáo dục quốc phòng*,GDQP102_L01,ly_thuyet,3.0,0.0,5.5253487,2.3461092,7.825206,8.3061905,6.025069,7.9737515,3.2289047241210938,Nguy co rot mon,0.0,3.2289047241210938,F,Nguy co rot mon
SV1180,Hoàng Văn Hùng,GDTC101,Giáo dục thể chất 1*,GDTC101_L01,thuc_hanh,0.0,1.0,5.348467,4.898588,1.7955058,3.2986825,8.225115,9.210256,9.762967109680176,An toan,6.9113507,9.762967109680176,A+,An toan
SV1180,Hoàng Văn Hùng,INT1002,Cơ sở dữ liệu,INT1002_L01,ly_thuyet,3.0,0.0,3.6416538,8.1405735,5.2617683,7.9799147,5.992019,5.5528836,5.569338798522949,An toan,0.0,5.569338798522949,C,An toan
SV1180,Hoàng Văn Hùng,GDQP102,Giáo dục quốc phòng*,GDQP102_L01,ly_thuyet,3.0,0.0,5.3716807,2.10843,8.621725,8.702822,4.37183,9.903246,9.268292427062988,An toan,0.0,9.268292427062988,A+,An toan
SV1180,Hoàng Văn Hùng,INT1003,Phát triển ứng dụng,INT1003_L01,tich_hop,2.0,1.5,7.405525,6.0269446,8.485018,5.121366,6.9225473,6.9461412,6.88762480872018,An toan,6.3300185,6.88762480872018,C+,An toan
SV1181,Hoàng Văn Phương,INT1002,Cơ sở dữ liệu,INT1002_L01,ly_thuyet,3.0,0.0,7.6700788,6.150264,2.3981268,9.073543,7.8479433,3.4063191,2.397136926651001,Nguy co rot mon,0.0,2.397136926651001,F,Nguy co rot mon
SV1181,Hoàng Văn Phương,GDTC101,Giáo dục thể chất 1*,GDTC101_L01,thuc_hanh,0.0,1.0,2.7083144,5.9172153,6.6140275,9.520088,5.9288726,9.794423,2.852837324142456,Nguy co rot mon,8.414462,2.852837324142456,F,Nguy co rot mon
SV1181,Hoàng Văn Phương,INT1003,Phát triển ứng dụng,INT1003_L01,tich_hop,2.0,1.5,3.1974685,8.871689,4.7142606,5.45756,6.2997427,9.307242,6.206062316894531,Nguy co rot mon,7.021515,6.206062316894531,C+,An toan
SV1181,Hoàng Văn Phương,GDQP102,Giáo dục quốc phòng*,GDQP102_L01,ly_thuyet,3.0,0.0,4.44162,7.310216,1.2371436,3.89525,6.5341716,6.401887,5.390092849731445,An toan,0.0,5.390092849731445,D+,An toan
SV1182,Bùi Văn Nam,INT1003,Phát triển ứng dụng,INT1003_L01,tich_hop,2.0,1.5,4.9526134,2.8778937,5.585642,3.0469303,9.838209,3.949011,4.96033559526716,Nguy co rot mon,5.6113834,4.96033559526716,D,An toan
SV1182,Bùi Văn Nam,GDQP102,Giáo dục quốc phòng*,GDQP102_L01,ly_thuyet,3.0,0.0,4.576373,3.5009775,6.739417,8.671304,6.593882,6.9912467,6.370988368988037,An toan,0.0,6.370988368988037,C+,An toan
SV1183,Phạm Hoàng Đức,INT1003,Phát triển ứng dụng,INT1003_L01,tich_hop,2.0,1.5,2.539491,4.3834414,1.2898166,7.8828,4.835649,6.6957865,4.337795189448765,Nguy co rot mon,6.471411,4.337795189448765,D,An toan
SV1183,Phạm Hoàng Đức,INT1001,Lập trình Python,INT1001_L01,tich_hop,2.0,1.0,3.933814,7.3176236,1.2789569,5.469439,8.66019,5.0497274,4.915571689605713,An toan,6.3931184,4.915571689605713,D,An toan
SV1183,Phạm Hoàng Đức,GDQP102,Giáo dục quốc phòng*,GDQP102_L01,ly_thuyet,3.0,0.0,3.3474433,4.017827,4.2936664,7.776157,9.4139805,9.795752,5.875194549560547,An toan,0.0,5.875194549560547,C,An toan
SV1184,Đặng Hải Nam,INT1003,Phát triển ứng dụng,INT1003_L01,tich_hop,2.0,1.5,6.9445915,8.727394,6.1829157,5.171827,9.618448,7.9463396,7.410925933292934,Nguy co rot mon,7.5788713,7.410925933292934,B,An toan
SV1184,Đặng Hải Nam,INT1001,Lập trình Python,INT1001_L01,tich_hop,2.0,1.0,6.2751527,6.856155,5.0923038,5.2443504,3.870695,3.5663624,5.458736896514893,Nguy co rot mon,4.227136,5.458736896514893,D+,An toan
SV1184,Đặng Hải Nam,GDTC101,Giáo dục thể chất 1*,GDTC101_L01,thuc_hanh,0.0,1.0,3.4981132,2.044092,7.802883,5.4267516,7.5609627,9.784618,8.409001350402832,An toan,7.590778,8.409001350402832,B+,An toan
SV1184,Đặng Hải Nam,GDQP102,Giáo dục quốc phòng*,GDQP102_L01,ly_thuyet,3.0,0.0,6.4052105,4.6650214,8.784508,3.5145676,5.754748,5.5074024,9.683104515075684,An toan,0.0,9.683104515075684,A+,An toan
SV1185,Vũ Hoàng Bình,GDTC101,Giáo dục thể chất 1*,GDTC101_L01,thuc_hanh,0.0,1.0,4.7650285,8.2101145,6.778966,9.224047,5.904902,5.508458,5.481204986572266,An toan,6.879135,5.481204986572266,D+,An toan
SV1185,Vũ Hoàng Bình,INT1001,Lập trình Python,INT1001_L01,tich_hop,2.0,1.0,6.2386093,9.764792,9.340152,4.7958426,8.643392,6.903277,7.892180283864339,Nguy co rot mon,6.7808366,7.892180283864339,B,An toan
SV1185,Vũ Hoàng Bình,GDQP102,Giáo dục quốc phòng*,GDQP102_L01,ly_thuyet,3.0,0.0,8.839507,6.5204697,3.8831117,7.298464,6.3060207,9.853386,9.712982177734375,An toan,0.0,9.712982177734375,A+,An toan
SV1185,Vũ Hoàng Bình,INT1002,Cơ sở dữ liệu,INT1002_L01,ly_thuyet,3.0,0.0,9.142235,4.153855,7.636685,6.631552,9.335474,7.111844,9.331506729125977,An toan,0.0,9.331506729125977,A+,An toan
SV1186,Nguyễn Minh Chinh,INT1001,Lập trình Python,INT1001_L01,tich_hop,2.0,1.0,8.545852,7.0831304,7.670391,5.1223125,9.580046,6.8124623,7.5681742032368975,Nguy co rot mon,7.1716065,7.5681742032368975,B,An toan
SV1186,Nguyễn Minh Chinh,GDQP102,Giáo dục quốc phòng*,GDQP102_L01,ly_thuyet,3.0,0.0,9.55923,7.376204,4.750971,3.8268583,3.4175994,3.4660652,2.0128138065338135,Nguy co rot mon,0.0,2.0128138065338135,F,Nguy co rot mon
SV1186,Nguyễn Minh Chinh,GDTC101,Giáo dục thể chất 1*,GDTC101_L01,thuc_hanh,0.0,1.0,5.5113125,3.8728528,5.0846415,8.737635,9.217436,6.9066677,8.450170516967773,An toan,8.287246,8.450170516967773,B+,An toan
SV1187,Vũ Tuấn Vy,GDTC101,Giáo dục thể chất 1*,GDTC101_L01,thuc_hanh,0.0,1.0,9.686402,3.1738155,2.5468655,4.37482,3.3509526,3.7830174,9.442925453186035,An toan,3.8362634,9.442925453186035,A+,An toan
SV1187,Vũ Tuấn Vy,INT1001,Lập trình Python,INT1001_L01,tich_hop,2.0,1.0,4.1775317,9.741601,9.740601,9.97324,7.1871386,3.0308318,7.50118621190389,Nguy co rot mon,6.7304034,7.50118621190389,B,An toan
SV1187,Vũ Tuấn Vy,GDQP102,Giáo dục quốc phòng*,GDQP102_L01,ly_thuyet,3.0,0.0,4.6194925,7.5070076,6.0471363,8.085794,6.063919,6.4198003,3.7458322048187256,Nguy co rot mon,0.0,3.7458322048187256,F,Nguy co rot mon
SV1187,Vũ Tuấn Vy,INT1003,Phát triển ứng dụng,INT1003_L01,tich_hop,2.0,1.5,6.913897,6.541919,7.3076916,4.3222694,8.481632,4.993524,6.497443403516497,Nguy co rot mon,5.9324756,6.497443403516497,C+,An toan
SV1188,Lê Hoàng Vy,INT1002,Cơ sở dữ liệu,INT1002_L01,ly_thuyet,3.0,0.0,8.089688,4.1994257,2.2591412,7.165089,6.711718,7.078162,1.9174588918685913,Nguy co rot mon,0.0,1.9174588918685913,F,Nguy co rot mon
SV1188,Lê Hoàng Vy,GDQP102,Giáo dục quốc phòng*,GDQP102_L01,ly_thuyet,3.0,0.0,8.884832,2.153723,1.4197183,8.243305,5.235655,6.580804,6.390473365783691,An toan,0.0,6.390473365783691,C+,An toan
SV1189,Hoàng Thu Khoa,GDQP102,Giáo dục quốc phòng*,GDQP102_L01,ly_thuyet,3.0,0.0,9.070703,2.2359688,8.604544,6.1709776,6.6453924,9.397527,1.3850393295288086,Nguy co rot mon,0.0,1.3850393295288086,F,Nguy co rot mon
SV1189,Hoàng Thu Khoa,INT1002,Cơ sở dữ liệu,INT1002_L01,ly_thuyet,3.0,0.0,5.7015114,7.3561306,1.069203,3.5389342,7.3662677,5.863281,8.755989074707031,An toan,0.0,8.755989074707031,A,An toan
SV1189,Hoàng Thu Khoa,INT1003,Phát triển ứng dụng,INT1003_L01,tich_hop,2.0,1.5,7.9115815,9.998992,3.6596913,8.860594,9.635843,8.046075,7.9004091535295755,An toan,8.847504,7.9004091535295755,B,An toan
SV1189,Hoàng Thu Khoa,INT1001,Lập trình Python,INT1001_L01,tich_hop,2.0,1.0,9.426129,8.968511,5.35226,7.6404543,6.372965,7.6437783,7.683444499969482,Nguy co rot mon,7.219066,7.683444499969482,B,An toan
SV1190,Đỗ Văn An,INT1001,Lập trình Python,INT1001_L01,tich_hop,2.0,1.0,7.2233768,8.294074,1.1544099,7.0525613,4.640293,6.564258,5.733425935109456,Nguy co rot mon,6.0857043,5.733425935109456,C,An toan
SV1190,Đỗ Văn An,INT1003,Phát triển ứng dụng,INT1003_L01,tich_hop,2.0,1.5,3.8794188,3.866573,6.794573,3.0039966,5.4212575,4.2949867,4.586808545248849,Nguy co rot mon,4.2400804,4.586808545248849,D,An toan
SV1190,Đỗ Văn An,GDQP102,Giáo dục quốc phòng*,GDQP102_L01,ly_thuyet,3.0,0.0,2.3137383,7.4543476,8.484674,6.230785,4.819467,4.8483825,5.554140567779541,An toan,0.0,5.554140567779541,C,An toan
SV1190,Đỗ Văn An,INT1002,Cơ sở dữ liệu,INT1002_L01,ly_thuyet,3.0,0.0,8.954748,5.9601393,9.4978895,9.5416155,7.768878,9.305201,2.875429391860962,Nguy co rot mon,0.0,2.875429391860962,F,Nguy co rot mon
SV1191,Trần Hải Khoa,GDQP102,Giáo dục quốc phòng*,GDQP102_L01,ly_thuyet,3.0,0.0,8.17428,6.0332856,7.975001,7.0594687,6.7019053,3.9861922,1.0790892839431763,Nguy co rot mon,0.0,1.0790892839431763,F,Nguy co rot mon
SV1191,Trần Hải Khoa,INT1002,Cơ sở dữ liệu,INT1002_L01,ly_thuyet,3.0,0.0,9.332874,6.159875,5.423971,9.428969,4.733816,7.0722275,0.1080382764339447,Nguy co rot mon,0.0,0.1080382764339447,F,Nguy co rot mon
SV1192,Phạm Thảo Nam,INT1003,Phát triển ứng dụng,INT1003_L01,tich_hop,2.0,1.5,9.893379,9.317399,9.806649,6.173066,9.505683,7.8110647,8.88281638281686,Nguy co rot mon,7.8299384,8.88281638281686,A,An toan
SV1192,Phạm Thảo Nam,GDQP102,Giáo dục quốc phòng*,GDQP102_L01,ly_thuyet,3.0,0.0,6.701056,5.474516,8.274845,5.6212487,7.528048,7.568817,4.109702110290527,An toan,0.0,4.109702110290527,D,An toan
SV1192,Phạm Thảo Nam,GDTC101,Giáo dục thể chất 1*,GDTC101_L01,thuc_hanh,0.0,1.0,9.742854,9.938126,7.017338,5.9166694,8.2548065,9.383812,8.336599349975586,An toan,7.851763,8.336599349975586,B+,An toan
SV1193,Hoàng Hải Bình,INT1001,Lập trình Python,INT1001_L01,tich_hop,2.0,1.0,6.8446565,2.1738374,5.6562753,3.689432,5.123206,4.761837,4.76933479309082,An toan,4.524825,4.76933479309082,D,An toan
SV1193,Hoàng Hải Bình,GDQP102,Giáo dục quốc phòng*,GDQP102_L01,ly_thuyet,3.0,0.0,9.311842,6.424625,9.904481,4.696989,5.448199,8.427401,1.0418572425842285,Nguy co rot mon,0.0,1.0418572425842285,F,Nguy co rot mon
SV1193,Hoàng Hải Bình,INT1002,Cơ sở dữ liệu,INT1002_L01,ly_thuyet,3.0,0.0,7.018435,5.7436676,2.4179587,8.134632,4.2957654,4.43181,8.068222045898438,An toan,0.0,8.068222045898438,B+,An toan
SV1194,Đặng Ngọc Chinh,GDQP102,Giáo dục quốc phòng*,GDQP102_L01,ly_thuyet,3.0,0.0,7.9374757,3.3220894,1.1334955,3.2272902,4.003496,3.470744,0.6269565224647522,Nguy co rot mon,0.0,0.6269565224647522,F,Nguy co rot mon
SV1194,Đặng Ngọc Chinh,INT1002,Cơ sở dữ liệu,INT1002_L01,ly_thuyet,3.0,0.0,8.822685,8.655065,9.53506,8.551215,5.5606484,6.976434,9.93000602722168,An toan,0.0,9.93000602722168,A+,An toan
SV1195,Đỗ Văn Hùng,INT1001,Lập trình Python,INT1001_L01,tich_hop,2.0,1.0,6.7415547,8.222448,4.5059824,4.4179125,5.243237,3.6773832,5.808722972869873,Nguy co rot mon,4.446178,5.808722972869873,C,An toan
SV1195,Đỗ Văn Hùng,GDTC101,Giáo dục thể chất 1*,GDTC101_L01,thuc_hanh,0.0,1.0,4.9724813,7.940663,3.925073,6.2978477,4.606279,5.0036087,5.333038330078125,An toan,5.3025784,5.333038330078125,D+,An toan
SV1195,Đỗ Văn Hùng,INT1002,Cơ sở dữ liệu,INT1002_L01,ly_thuyet,3.0,0.0,7.0526953,9.571143,9.515906,6.1551914,6.7699556,6.98758,0.3687151372432709,Nguy co rot mon,0.0,0.3687151372432709,F,Nguy co rot mon
SV1195,Đỗ Văn Hùng,INT1003,Phát triển ứng dụng,INT1003_L01,tich_hop,2.0,1.5,3.0873747,6.1471505,5.379349,8.5821905,4.4328766,5.588668,5.441271577562604,Nguy co rot mon,6.201245,5.441271577562604,D+,An toan
SV1196,Nguyễn Thảo Bình,GDQP102,Giáo dục quốc phòng*,GDQP102_L01,ly_thuyet,3.0,0.0,9.0485,5.345232,6.1559305,8.8217,8.74848,8.186485,6.265679836273193,An toan,0.0,6.265679836273193,C+,An toan
SV1196,Nguyễn Thảo Bình,INT1002,Cơ sở dữ liệu,INT1002_L01,ly_thuyet,3.0,0.0,4.4996805,4.837016,4.83844,6.3305826,3.8900416,7.6546073,3.0227890014648438,Nguy co rot mon,0.0,3.0227890014648438,F,Nguy co rot mon
SV1196,Nguyễn Thảo Bình,INT1003,Phát triển ứng dụng,INT1003_L01,tich_hop,2.0,1.5,9.48875,7.021873,9.818719,4.7852497,8.466259,4.253154,7.515778609684536,An toan,5.834887,7.515778609684536,B,An toan
SV1196,Nguyễn Thảo Bình,INT1001,Lập trình Python,INT1001_L01,tich_hop,2.0,1.0,8.334541,4.387062,9.254571,4.3774967,9.313729,6.397568,7.115682442982991,Nguy co rot mon,6.6962647,7.115682442982991,B,An toan
SV1197,Vũ Văn Trang,INT1003,Phát triển ứng dụng,INT1003_L01,tich_hop,2.0,1.5,4.12052,5.83505,4.3995,7.7053347,9.912383,3.5636196,5.760204315185547,An toan,7.060446,5.760204315185547,C,An toan
SV1197,Vũ Văn Trang,GDTC101,Giáo dục thể chất 1*,GDTC101_L01,thuc_hanh,0.0,1.0,9.095153,3.3871388,4.550683,3.3925965,4.9303584,7.6202803,7.347362518310547,An toan,5.3144116,7.347362518310547,B,An toan
SV1197,Vũ Văn Trang,INT1002,Cơ sở dữ liệu,INT1002_L01,ly_thuyet,3.0,0.0,6.9861465,9.468996,3.0217812,5.3694196,6.1922245,6.994599,9.29362678527832,An toan,0.0,9.29362678527832,A+,An toan
SV1198,Đặng Ngọc Khoa,INT1002,Cơ sở dữ liệu,INT1002_L01,ly_thuyet,3.0,0.0,9.575281,4.969146,3.6175394,5.749001,5.901705,8.568401,3.286593437194824,Nguy co rot mon,0.0,3.286593437194824,F,Nguy co rot mon
SV1198,Đặng Ngọc Khoa,INT1003,Phát triển ứng dụng,INT1003_L01,tich_hop,2.0,1.5,7.982733,5.1897473,9.089123,6.5163455,5.3897367,4.9696326,6.65112168448312,Nguy co rot mon,5.6252384,6.65112168448312,C+,An toan
SV1198,Đặng Ngọc Khoa,INT1001,Lập trình Python,INT1001_L01,tich_hop,2.0,1.0,5.544032,5.3007264,5.669036,4.210754,4.136999,5.935821,5.256796042124431,An toan,4.761192,5.256796042124431,D+,An toan
SV1198,Đặng Ngọc Khoa,GDQP102,Giáo dục quốc phòng*,GDQP102_L01,ly_thuyet,3.0,0.0,5.203224,8.6285305,4.533638,6.048504,5.799686,9.225115,1.399033546447754,Nguy co rot mon,0.0,1.399033546447754,F,Nguy co rot mon
SV1199,Nguyễn Thảo Chinh,INT1003,Phát triển ứng dụng,INT1003_L01,tich_hop,2.0,1.5,9.509463,5.4410276,3.1074693,4.07259,4.907066,6.83108,5.698287895747593,Nguy co rot mon,5.270245,5.698287895747593,C,An toan
SV1199,Nguyễn Thảo Chinh,INT1002,Cơ sở dữ liệu,INT1002_L01,ly_thuyet,3.0,0.0,4.849528,7.473878,3.3849294,4.831906,8.047706,5.381825,5.309279918670654,An toan,0.0,5.309279918670654,D+,An toan
SV1199,Nguyễn Thảo Chinh,GDQP102,Giáo dục quốc phòng*,GDQP102_L01,ly_thuyet,3.0,0.0,5.044479,6.611173,3.0030189,4.6967993,3.263951,3.3219125,2.6690006256103516,Nguy co rot mon,0.0,2.6690006256103516,F,Nguy co rot mon
SV1199,Nguyễn Thảo Chinh,INT1001,Lập trình Python,INT1001_L01,tich_hop,2.0,1.0,3.9283135,5.2461925,3.8347318,4.1917214,7.1880383,7.2746477,4.9636538823445635,An toan,6.218136,4.9636538823445635,D,An toan
SV1200,Bùi Thu Trang,INT1002,Cơ sở dữ liệu,INT1002_L01,ly_thuyet,3.0,0.0,6.8707747,4.637182,2.8271973,7.757581,3.866342,3.1116161,6.650632381439209,An toan,0.0,6.650632381439209,C+,An toan
SV1200,Bùi Thu Trang,INT1001,Lập trình Python,INT1001_L01,tich_hop,2.0,1.0,6.9494553,5.0688167,7.9097815,3.530562,5.131832,5.8295903,6.038677056630452,Nguy co rot mon,4.8306613,6.038677056630452,C+,An toan
SV1200,Bùi Thu Trang,GDTC101,Giáo dục thể chất 1*,GDTC101_L01,thuc_hanh,0.0,1.0,2.8193338,3.7332826,5.009554,5.334499,9.561598,6.3815856,3.022705078125,Nguy co rot mon,7.0925612,3.022705078125,F,Nguy co rot mon
SV1201,Lê Đức An,INT1002,Cơ sở dữ liệu,INT1002_L01,ly_thuyet,3.0,0.0,8.5911045,8.069729,1.0615722,7.7935257,7.967206,4.9785433,4.842130661010742,An toan,0.0,4.842130661010742,D,An toan
SV1201,Lê Đức An,GDTC101,Giáo dục thể chất 1*,GDTC101_L01,thuc_hanh,0.0,1.0,2.1895952,5.1104937,1.9139878,6.250123,8.390844,6.395045,6.043956756591797,An toan,7.0120044,6.043956756591797,C+,An toan
SV1201,Lê Đức An,INT1003,Phát triển ứng dụng,INT1003_L01,tich_hop,2.0,1.5,5.269585,5.988809,8.669723,3.1195934,9.881697,5.7120566,6.469166823795864,An toan,6.237782,6.469166823795864,C+,An toan
SV1202,Bùi Minh Nam,INT1002,Cơ sở dữ liệu,INT1002_L01,ly_thuyet,3.0,0.0,6.9922504,6.4241037,1.3920847,8.770195,6.9659114,8.9639845,2.551327705383301,Nguy co rot mon,0.0,2.551327705383301,F,Nguy co rot mon
SV1202,Bùi Minh Nam,GDQP102,Giáo dục quốc phòng*,GDQP102_L01,ly_thuyet,3.0,0.0,9.24065,6.7611666,2.0023417,4.8493214,3.4023812,8.208475,1.2611806392669678,Nguy co rot mon,0.0,1.2611806392669678,F,Nguy co rot mon
SV1202,Bùi Minh Nam,INT1003,Phát triển ứng dụng,INT1003_L01,tich_hop,2.0,1.5,3.262985,9.788748,7.4489627,5.547509,7.3440795,9.422427,7.092610836029053,An toan,7.438005,7.092610836029053,B,An toan
SV1203,Phạm Hoàng Vy,INT1003,Phát triển ứng dụng,INT1003_L01,tich_hop,2.0,1.5,6.3688045,8.227988,8.220981,6.3664327,6.0603104,7.3439083,7.170621122632708,Nguy co rot mon,6.590217,7.170621122632708,B,An toan
SV1203,Phạm Hoàng Vy,GDQP102,Giáo dục quốc phòng*,GDQP102_L01,ly_thuyet,3.0,0.0,9.596732,9.891983,5.765707,4.287751,5.489805,7.831346,7.390471935272217,An toan,0.0,7.390471935272217,B,An toan
SV1203,Phạm Hoàng Vy,INT1002,Cơ sở dữ liệu,INT1002_L01,ly_thuyet,3.0,0.0,7.313942,9.712538,1.2777028,7.952167,9.202502,3.9613743,2.00626540184021,Nguy co rot mon,0.0,2.00626540184021,F,Nguy co rot mon
SV1203,Phạm Hoàng Vy,GDTC101,Giáo dục thể chất 1*,GDTC101_L01,thuc_hanh,0.0,1.0,2.2637475,6.149129,5.515966,6.882497,9.616528,4.406304,3.077061891555786,Nguy co rot mon,6.9684424,3.077061891555786,F,Nguy co rot mon
SV1204,Trần Minh Nam,GDTC101,Giáo dục thể chất 1*,GDTC101_L01,thuc_hanh,0.0,1.0,5.218948,4.021307,5.264795,6.2226505,8.949994,7.860303,4.0775065422058105,An toan,7.677649,4.0775065422058105,D,An toan
SV1204,Trần Minh Nam,INT1002,Cơ sở dữ liệu,INT1002_L01,ly_thuyet,3.0,0.0,4.2163005,2.42118,7.1900625,8.784905,3.4538448,6.746449,7.859748363494873,An toan,0.0,7.859748363494873,B,An toan
SV1205,Phạm Thị Hùng,INT1002,Cơ sở dữ liệu,INT1002_L01,ly_thuyet,3.0,0.0,6.8774033,6.7798743,8.503491,7.121074,6.35766,3.0144668,6.044088840484619,An toan,0.0,6.044088840484619,C+,An toan
SV1205,Phạm Thị Hùng,GDQP102,Giáo dục quốc phòng*,GDQP102_L01,ly_thuyet,3.0,0.0,2.9930575,4.7164807,6.8511186,6.5953083,9.244113,5.1488347,8.194053649902344,An toan,0.0,8.194053649902344,B+,An toan
SV1206,Hoàng Thu Vy,INT1001,Lập trình Python,INT1001_L01,tich_hop,2.0,1.0,6.913828,8.615668,3.3560426,6.1266828,4.845616,4.244433,5.887534300486247,An toan,5.072244,5.887534300486247,C,An toan
SV1206,Hoàng Thu Vy,GDTC101,Giáo dục thể chất 1*,GDTC101_L01,thuc_hanh,0.0,1.0,5.986898,3.8928244,2.2936113,7.738009,3.4951632,3.8575006,7.903149604797363,An toan,5.0302243,7.903149604797363,B,An toan
SV1207,Đặng Thảo Vy,INT1003,Phát triển ứng dụng,INT1003_L01,tich_hop,2.0,1.5,7.5946026,8.074211,3.6083732,4.5948377,5.1643014,6.7370844,6.028448649815151,An toan,5.498741,6.028448649815151,C+,An toan
SV1207,Đặng Thảo Vy,GDTC101,Giáo dục thể chất 1*,GDTC101_L01,thuc_hanh,0.0,1.0,8.430386,5.7455325,7.3192754,3.9372308,6.4993844,8.104435,8.017105102539062,An toan,6.18035,8.017105102539062,B+,An toan
SV1208,Bùi Thị Nam,GDQP102,Giáo dục quốc phòng*,GDQP102_L01,ly_thuyet,3.0,0.0,8.126713,9.06844,9.646375,7.359919,4.173632,3.794955,1.7309706211090088,Nguy co rot mon,0.0,1.7309706211090088,F,Nguy co rot mon
SV1208,Bùi Thị Nam,GDTC101,Giáo dục thể chất 1*,GDTC101_L01,thuc_hanh,0.0,1.0,9.188896,3.351944,8.984977,6.785424,6.319625,4.871435,9.453853607177734,An toan,5.9921613,9.453853607177734,A+,An toan
SV1208,Bùi Thị Nam,INT1002,Cơ sở dữ liệu,INT1002_L01,ly_thuyet,3.0,0.0,6.944357,8.844068,3.9011655,6.6930923,8.00524,4.9202805,3.2950570583343506,Nguy co rot mon,0.0,3.2950570583343506,F,Nguy co rot mon
SV1209,Đặng Ngọc Vy,GDQP102,Giáo dục quốc phòng*,GDQP102_L01,ly_thuyet,3.0,0.0,8.333051,5.0663,4.6080937,7.9009547,7.1941314,3.679597,7.061268329620361,An toan,0.0,7.061268329620361,B,An toan
SV1209,Đặng Ngọc Vy,INT1003,Phát triển ứng dụng,INT1003_L01,tich_hop,2.0,1.5,2.4745228,3.8044949,8.21671,6.3394623,6.8909216,8.106482,5.809214387621198,An toan,7.112288,5.809214387621198,C,An toan
SV1210,Nguyễn Văn Phương,INT1003,Phát triển ứng dụng,INT1003_L01,tich_hop,2.0,1.5,7.865069,3.028169,7.3163004,7.8424535,9.723165,3.384948,6.461421421595982,An toan,6.9835224,6.461421421595982,C+,An toan
SV1210,Nguyễn Văn Phương,INT1001,Lập trình Python,INT1001_L01,tich_hop,2.0,1.0,8.049934,2.3814023,7.0139966,9.592045,8.043634,4.7791104,6.367272853851318,Nguy co rot mon,7.4715962,6.367272853851318,C+,An toan
SV1211,Lê Minh An,GDQP102,Giáo dục quốc phòng*,GDQP102_L01,ly_thuyet,3.0,0.0,4.2289815,8.526972,5.020462,7.1809587,6.951478,3.2593198,5.568611145019531,An toan,0.0,5.568611145019531,C,An toan
SV1211,Lê Minh An,INT1003,Phát triển ứng dụng,INT1003_L01,tich_hop,2.0,1.5,4.7980814,3.746876,2.2642524,7.115879,5.7428446,8.823519,5.156360558101109,Nguy co rot mon,7.2274146,5.156360558101109,D+,An toan
SV1212,Đặng Minh Bình,GDTC101,Giáo dục thể chất 1*,GDTC101_L01,thuc_hanh,0.0,1.0,5.5187864,9.656956,9.936071,3.6092331,4.5017414,3.5251467,3.519441843032837,Nguy co rot mon,3.878707,3.519441843032837,F,Nguy co rot mon
SV1212,Đặng Minh Bình,INT1003,Phát triển ứng dụng,INT1003_L01,tich_hop,2.0,1.5,2.0229647,4.90994,8.43348,9.32217,9.134037,8.760204,6.814988953726632,An toan,9.072137,6.814988953726632,C+,An toan
SV1213,Đỗ Đức Vy,INT1002,Cơ sở dữ liệu,INT1002_L01,ly_thuyet,3.0,0.0,6.5209785,7.2738557,8.202038,5.9198728,3.7485068,6.3066034,1.80550217628479,Nguy co rot mon,0.0,1.80550217628479,F,Nguy co rot mon
SV1213,Đỗ Đức Vy,INT1003,Phát triển ứng dụng,INT1003_L01,tich_hop,2.0,1.5,3.431476,9.190425,8.569572,8.345785,7.943528,7.228085,7.396099294934954,An toan,7.839133,7.396099294934954,B,An toan
SV1213,Đỗ Đức Vy,INT1001,Lập trình Python,INT1001_L01,tich_hop,2.0,1.0,4.692982,7.8122396,9.88169,6.356197,7.0312524,9.652335,7.53484567006429,An toan,7.679928,7.53484567006429,B,An toan
SV1213,Đỗ Đức Vy,GDTC101,Giáo dục thể chất 1*,GDTC101_L01,thuc_hanh,0.0,1.0,2.6157174,5.8435674,3.101035,6.9014316,7.3818507,5.2310057,5.657218933105469,An toan,6.5047626,5.657218933105469,C,An toan
SV1214,Trần Ngọc Bình,GDTC101,Giáo dục thể chất 1*,GDTC101_L01,thuc_hanh,0.0,1.0,7.5177255,9.453378,5.9471416,4.8102365,3.614956,4.17795,2.781099796295166,Nguy co rot mon,4.2010474,2.781099796295166,F,Nguy co rot mon
SV1214,Trần Ngọc Bình,GDQP102,Giáo dục quốc phòng*,GDQP102_L01,ly_thuyet,3.0,0.0,2.7333586,8.15597,6.3157926,3.024243,3.8223562,3.958131,1.220935344696045,Nguy co rot mon,0.0,1.220935344696045,F,Nguy co rot mon
SV1214,Trần Ngọc Bình,INT1003,Phát triển ứng dụng,INT1003_L01,tich_hop,2.0,1.5,6.2545524,7.9825134,2.6861427,9.59117,7.8218513,8.788961,6.966608728681292,Nguy co rot mon,8.7339945,6.966608728681292,C+,An toan
SV1215,Hoàng Thảo Anh,INT1002,Cơ sở dữ liệu,INT1002_L01,ly_thuyet,3.0,0.0,2.7716966,3.750055,8.39173,9.404778,4.0456634,7.08784,2.1374595165252686,Nguy co rot mon,0.0,2.1374595165252686,F,Nguy co rot mon
SV1215,Hoàng Thảo Anh,INT1001,Lập trình Python,INT1001_L01,tich_hop,2.0,1.0,7.2681427,6.2101436,8.578625,4.6288624,9.647929,9.04792,7.493170579274495,An toan,7.774904,7.493170579274495,B,An toan
SV1216,Đỗ Tuấn An,INT1003,Phát triển ứng dụng,INT1003_L01,tich_hop,2.0,1.5,3.5900316,9.527133,7.1132874,6.043263,5.148081,8.3197975,6.640725272042411,An toan,6.5037136,6.640725272042411,C+,An toan
SV1216,Đỗ Tuấn An,GDQP102,Giáo dục quốc phòng*,GDQP102_L01,ly_thuyet,3.0,0.0,8.019385,8.637452,4.075064,7.453516,5.5052385,7.2660933,6.82428503036499,An toan,0.0,6.82428503036499,C+,An toan
SV1216,Đỗ Tuấn An,GDTC101,Giáo dục thể chất 1*,GDTC101_L01,thuc_hanh,0.0,1.0,8.214417,8.270052,1.2916218,6.8096557,8.035095,6.4518003,2.386023759841919,Nguy co rot mon,7.0988503,2.386023759841919,F,Nguy co rot mon
SV1217,Đỗ Đức Vy,INT1001,Lập trình Python,INT1001_L01,tich_hop,2.0,1.0,2.4347098,5.7259617,1.5095206,4.692961,7.011407,3.7013156,3.8606742223103843,An toan,5.135228,3.8606742223103843,F,Nguy co rot mon
SV1217,Đỗ Đức Vy,INT1002,Cơ sở dữ liệu,INT1002_L01,ly_thuyet,3.0,0.0,8.127783,2.5321612,8.354397,8.454349,8.668607,3.2393851,1.285688042640686,Nguy co rot mon,0.0,1.285688042640686,F,Nguy co rot mon
SV1218,Trần Thảo Hùng,GDQP102,Giáo dục quốc phòng*,GDQP102_L01,ly_thuyet,3.0,0.0,4.8095155,7.1102433,9.002417,9.204325,7.298515,8.0978775,7.419220924377441,An toan,0.0,7.419220924377441,B,An toan
SV1218,Trần Thảo Hùng,GDTC101,Giáo dục thể chất 1*,GDTC101_L01,thuc_hanh,0.0,1.0,6.7028995,7.7549276,7.611841,5.8873224,9.719676,4.6713195,5.147660732269287,An toan,6.7594395,5.147660732269287,D+,An toan
SV1219,Vũ Tuấn Khoa,INT1002,Cơ sở dữ liệu,INT1002_L01,ly_thuyet,3.0,0.0,9.109951,4.632714,8.248427,4.2378387,8.256875,8.962728,7.0788187980651855,An toan,0.0,7.0788187980651855,B,An toan
SV1219,Vũ Tuấn Khoa,INT1003,Phát triển ứng dụng,INT1003_L01,tich_hop,2.0,1.5,5.666844,8.73658,1.3214176,4.715362,9.465471,9.158462,6.329392773764474,An toan,7.7797647,6.329392773764474,C+,An toan
SV1219,Vũ Tuấn Khoa,GDTC101,Giáo dục thể chất 1*,GDTC101_L01,thuc_hanh,0.0,1.0,3.1971886,2.4116464,8.15331,3.8547106,8.776692,7.5216427,5.472225666046143,An toan,6.717682,5.472225666046143,D+,An toan
SV1220,Trần Thảo An,INT1002,Cơ sở dữ liệu,INT1002_L01,ly_thuyet,3.0,0.0,3.5525963,5.470655,1.2432154,9.168753,7.93102,5.3011084,2.1772637367248535,Nguy co rot mon,0.0,2.1772637367248535,F,Nguy co rot mon
SV1220,Trần Thảo An,INT1001,Lập trình Python,INT1001_L01,tich_hop,2.0,1.0,6.973644,5.0901203,9.826475,8.12923,5.6827235,6.3615007,7.105992794036865,An toan,6.724485,7.105992794036865,B,An toan
SV1220,Trần Thảo An,INT1003,Phát triển ứng dụng,INT1003_L01,tich_hop,2.0,1.5,5.0668693,5.2976313,8.033063,8.861216,3.7754805,3.5427437,5.815646307809012,An toan,5.3931465,5.815646307809012,C,An toan
SV1221,Phan Hoàng Vy,INT1001,Lập trình Python,INT1001_L01,tich_hop,2.0,1.0,6.802951,7.9265213,9.152791,6.8299527,7.99734,7.781336,7.819239457448323,Nguy co rot mon,7.5362096,7.819239457448323,B,An toan
SV1221,Phan Hoàng Vy,INT1002,Cơ sở dữ liệu,INT1002_L01,ly_thuyet,3.0,0.0,7.4119654,3.7261903,3.3452003,4.183018,8.740123,9.975683,8.920356750488281,An toan,0.0,8.920356750488281,A,An toan
SV1221,Phan Hoàng Vy,GDTC101,Giáo dục thể chất 1*,GDTC101_L01,thuc_hanh,0.0,1.0,6.53634,3.138091,5.1699395,3.453034,6.4726925,7.6060596,0.18116526305675507,Nguy co rot mon,5.843929,0.18116526305675507,F,Nguy co rot mon
SV1221,Phan Hoàng Vy,GDQP102,Giáo dục quốc phòng*,GDQP102_L01,ly_thuyet,3.0,0.0,2.201636,5.7732987,2.0793052,5.67227,7.016067,3.6510754,4.952568054199219,An toan,0.0,4.952568054199219,D,An toan
SV1222,Phan Ngọc Linh,INT1001,Lập trình Python,INT1001_L01,tich_hop,2.0,1.0,6.7680516,9.542182,3.4387712,9.740477,5.6875706,5.633263,6.7288133303324384,Nguy co rot mon,7.020437,6.7288133303324384,C+,An toan
SV1222,Phan Ngọc Linh,GDQP102,Giáo dục quốc phòng*,GDQP102_L01,ly_thuyet,3.0,0.0,7.4579186,3.561937,9.660859,3.4414632,4.7213,8.333314,1.735272765159607,Nguy co rot mon,0.0,1.735272765159607,F,Nguy co rot mon
SV1222,Phan Ngọc Linh,GDTC101,Giáo dục thể chất 1*,GDTC101_L01,thuc_hanh,0.0,1.0,8.670124,4.0453434,7.929148,7.0705314,8.780521,3.2056818,7.2888994216918945,An toan,6.3522453,7.2888994216918945,B,An toan
SV1223,Đỗ Hoàng An,INT1001,Lập trình Python,INT1001_L01,tich_hop,2.0,1.0,7.393463,8.603831,7.755155,4.483956,3.313218,4.1936216,6.610632499059041,An toan,3.9969318,6.610632499059041,C+,An toan
SV1223,Đỗ Hoàng An,INT1002,Cơ sở dữ liệu,INT1002_L01,ly_thuyet,3.0,0.0,6.524839,4.325198,9.261589,8.004189,8.485651,7.5722723,4.040143013000488,An toan,0.0,4.040143013000488,D,An toan
SV1223,Đỗ Hoàng An,INT1003,Phát triển ứng dụng,INT1003_L01,tich_hop,2.0,1.5,5.5055447,6.2346873,9.5271635,5.057455,3.6226816,7.1881957,6.317837033952985,An toan,5.289444,6.317837033952985,C+,An toan
SV1223,Đỗ Hoàng An,GDQP102,Giáo dục quốc phòng*,GDQP102_L01,ly_thuyet,3.0,0.0,2.6991427,3.0331635,8.340677,3.9326396,6.5452123,8.869655,6.854151248931885,An toan,0.0,6.854151248931885,C+,An toan
SV1224,Nguyễn Văn Vy,GDTC101,Giáo dục thể chất 1*,GDTC101_L01,thuc_hanh,0.0,1.0,6.6141286,9.342153,4.2964854,6.9319444,3.4344888,9.053636,6.567804336547852,An toan,6.4733562,6.567804336547852,C+,An toan
SV1224,Nguyễn Văn Vy,INT1003,Phát triển ứng dụng,INT1003_L01,tich_hop,2.0,1.5,3.3106508,9.123945,9.350929,6.753418,3.5643997,7.725921,6.727301188877651,Nguy co rot mon,6.01458,6.727301188877651,C+,An toan
SV1224,Nguyễn Văn Vy,INT1001,Lập trình Python,INT1001_L01,tich_hop,2.0,1.0,9.246116,8.412116,8.632598,6.6550407,3.0081766,3.7957668,7.337849299112956,Nguy co rot mon,4.486328,7.337849299112956,B,An toan
SV1224,Nguyễn Văn Vy,GDQP102,Giáo dục quốc phòng*,GDQP102_L01,ly_thuyet,3.0,0.0,4.850488,9.701246,7.500381,9.3053875,3.515694,5.8155355,1.4344841241836548,Nguy co rot mon,0.0,1.4344841241836548,F,Nguy co rot mon
SV1225,Lê Hoàng Chinh,INT1001,Lập trình Python,INT1001_L01,tich_hop,2.0,1.0,3.62504,4.910138,3.9258904,8.25772,9.390141,9.92864,5.833182334899902,Nguy co rot mon,9.192167,5.833182334899902,C,An toan
SV1225,Lê Hoàng Chinh,GDQP102,Giáo dục quốc phòng*,GDQP102_L01,ly_thuyet,3.0,0.0,9.836311,9.636034,8.046129,7.2966847,5.1282487,5.5695925,4.494575023651123,An toan,0.0,4.494575023651123,D,An toan
SV1225,Lê Hoàng Chinh,INT1003,Phát triển ứng dụng,INT1003_L01,tich_hop,2.0,1.5,2.389173,2.35523,2.7341857,5.6849294,6.6958556,4.2356043,3.7982632092067172,An toan,5.538797,3.7982632092067172,F,Nguy co rot mon
SV1226,Phạm Thảo An,INT1001,Lập trình Python,INT1001_L01,tich_hop,2.0,1.0,3.7382655,5.9052014,6.16566,7.4065595,7.9743123,6.9903307,5.998828570048015,An toan,7.4570675,5.998828570048015,C,An toan
SV1226,Phạm Thảo An,GDTC101,Giáo dục thể chất 1*,GDTC101_L01,thuc_hanh,0.0,1.0,2.6099317,4.1844034,5.6435494,5.641634,5.22393,5.951791,6.488124370574951,An toan,5.6057854,6.488124370574951,C+,An toan
SV1226,Phạm Thảo An,GDQP102,Giáo dục quốc phòng*,GDQP102_L01,ly_thuyet,3.0,0.0,6.389446,9.280268,1.5744617,6.08363,3.3290598,3.408469,1.2785003185272217,Nguy co rot mon,0.0,1.2785003185272217,F,Nguy co rot mon
SV1227,Lê Hoàng Chinh,INT1003,Phát triển ứng dụng,INT1003_L01,tich_hop,2.0,1.5,4.38375,9.730875,7.4364123,7.645521,8.131694,5.5680866,7.15428842817034,An toan,7.115101,7.15428842817034,B,An toan
SV1227,Lê Hoàng Chinh,GDTC101,Giáo dục thể chất 1*,GDTC101_L01,thuc_hanh,0.0,1.0,2.4346342,7.4538026,6.7779603,5.30166,8.958593,7.497063,6.670141220092773,An toan,7.252439,6.670141220092773,C+,An toan
SV1227,Lê Hoàng Chinh,INT1001,Lập trình Python,INT1001_L01,tich_hop,2.0,1.0,3.9087813,2.01785,5.980712,4.35432,4.466916,4.7465277,4.1536054611206055,Nguy co rot mon,4.522588,4.1536054611206055,D,An toan
SV1228,Hoàng Tuấn Bình,GDTC101,Giáo dục thể chất 1*,GDTC101_L01,thuc_hanh,0.0,1.0,7.430472,2.0856698,1.3356502,9.149031,6.446002,4.136242,3.4792544841766357,Nguy co rot mon,6.577091,3.4792544841766357,F,Nguy co rot mon
SV1228,Hoàng Tuấn Bình,INT1003,Phát triển ứng dụng,INT1003_L01,tich_hop,2.0,1.5,5.587676,7.3769417,3.924898,6.547432,5.7522845,6.821741,5.948687417166574,Nguy co rot mon,6.3738194,5.948687417166574,C,An toan
SV1228,Hoàng Tuấn Bình,INT1002,Cơ sở dữ liệu,INT1002_L01,ly_thuyet,3.0,0.0,6.5765033,5.8304486,6.0120115,8.711353,8.349425,8.15442,3.503208875656128,Nguy co rot mon,0.0,3.503208875656128,F,Nguy co rot mon
SV1228,Hoàng Tuấn Bình,GDQP102,Giáo dục quốc phòng*,GDQP102_L01,ly_thuyet,3.0,0.0,7.8758163,7.740864,5.5363607,5.1683526,5.1878557,5.9853525,0.932007372379303,Nguy co rot mon,0.0,0.932007372379303,F,Nguy co rot mon
SV1229,Lê Thảo Hùng,INT1001,Lập trình Python,INT1001_L01,tich_hop,2.0,1.0,5.950657,5.1477604,2.7182226,3.7818637,9.083096,9.694752,5.576998869578044,An toan,7.5199037,5.576998869578044,C,An toan
SV1229,Lê Thảo Hùng,GDTC101,Giáo dục thể chất 1*,GDTC101_L01,thuc_hanh,0.0,1.0,9.129585,6.875092,1.1567235,9.891663,8.936599,9.175407,6.832433223724365,An toan,9.334557,6.832433223724365,C+,An toan
SV1230,Nguyễn Hoàng Nam,INT1001,Lập trình Python,INT1001_L01,tich_hop,2.0,1.0,4.376422,9.941531,6.3460383,4.011238,3.5709903,9.236239,6.460716724395752,Nguy co rot mon,5.606156,6.460716724395752,C+,An toan
SV1230,Nguyễn Hoàng Nam,INT1003,Phát triển ứng dụng,INT1003_L01,tich_hop,2.0,1.5,6.8467965,3.215067,1.3490345,5.244954,8.528978,6.1515737,5.020005294254848,Nguy co rot mon,6.6418357,5.020005294254848,D+,An toan
SV1231,Phạm Minh Vy,INT1003,Phát triển ứng dụng,INT1003_L01,tich_hop,2.0,1.5,2.730835,4.4018087,9.574132,8.500947,5.827496,5.407738,6.0016976084027975,Nguy co rot mon,6.5787272,6.0016976084027975,C+,An toan
SV1231,Phạm Minh Vy,INT1002,Cơ sở dữ liệu,INT1002_L01,ly_thuyet,3.0,0.0,6.2006874,3.6524956,9.202001,4.597585,5.7806945,5.7527833,2.6231892108917236,Nguy co rot mon,0.0,2.6231892108917236,F,Nguy co rot mon
SV1231,Phạm Minh Vy,GDTC101,Giáo dục thể chất 1*,GDTC101_L01,thuc_hanh,0.0,1.0,2.7214646,4.393895,3.3799272,9.286168,3.1554787,6.8480477,6.870195388793945,An toan,6.429898,6.870195388793945,C+,An toan
SV1232,Nguyễn Minh Khoa,INT1002,Cơ sở dữ liệu,INT1002_L01,ly_thuyet,3.0,0.0,8.567528,3.2798505,8.472797,8.26548,5.117753,8.508027,2.6895713806152344,Nguy co rot mon,0.0,2.6895713806152344,F,Nguy co rot mon
SV1232,Nguyễn Minh Khoa,GDQP102,Giáo dục quốc phòng*,GDQP102_L01,ly_thuyet,3.0,0.0,6.978812,8.87044,1.1423599,5.3890357,5.244584,7.031048,6.752758502960205,An toan,0.0,6.752758502960205,C+,An toan
SV1233,Nguyễn Văn Vy,INT1002,Cơ sở dữ liệu,INT1002_L01,ly_thuyet,3.0,0.0,4.5316896,4.3356915,9.302096,6.129076,9.959398,8.470668,8.246899604797363,An toan,0.0,8.246899604797363,B+,An toan
SV1233,Nguyễn Văn Vy,GDTC101,Giáo dục thể chất 1*,GDTC101_L01,thuc_hanh,0.0,1.0,3.433823,2.849986,7.461637,8.076195,5.3621125,8.314295,8.000958442687988,An toan,7.2508674,8.000958442687988,B+,An toan
SV1233,Nguyễn Văn Vy,INT1003,Phát triển ứng dụng,INT1003_L01,tich_hop,2.0,1.5,9.189294,3.7835696,6.083779,3.3879423,7.9190974,8.125857,6.4059647832598,Nguy co rot mon,6.477632,6.4059647832598,C+,An toan
SV1233,Nguyễn Văn Vy,GDQP102,Giáo dục quốc phòng*,GDQP102_L01,ly_thuyet,3.0,0.0,4.9096346,3.8543212,5.6578307,9.068422,3.4720564,7.8406744,4.608246803283691,An toan,0.0,4.608246803283691,D,An toan
SV1234,Trần Thảo Phương,INT1003,Phát triển ứng dụng,INT1003_L01,tich_hop,2.0,1.5,7.805319,9.849381,2.422868,3.4562716,9.63262,4.3138175,6.310400554112026,An toan,5.8009033,6.310400554112026,C+,An toan
SV1234,Trần Thảo Phương,INT1001,Lập trình Python,INT1001_L01,tich_hop,2.0,1.0,2.636179,4.2019506,8.863879,4.301534,6.941488,5.769305,5.379594008127849,Nguy co rot mon,5.670776,5.379594008127849,D+,An toan
SV1234,Trần Thảo Phương,GDTC101,Giáo dục thể chất 1*,GDTC101_L01,thuc_hanh,0.0,1.0,9.804617,2.71811,8.586809,8.007987,9.889155,5.2053986,7.548453330993652,An toan,7.700847,7.548453330993652,B,An toan
SV1234,Trần Thảo Phương,INT1002,Cơ sở dữ liệu,INT1002_L01,ly_thuyet,3.0,0.0,5.677741,2.3000169,9.371213,8.52289,6.192638,4.8150396,3.446462392807007,Nguy co rot mon,0.0,3.446462392807007,F,Nguy co rot mon
SV1235,Trần Thu Hùng,INT1001,Lập trình Python,INT1001_L01,tich_hop,2.0,1.0,3.3901913,4.7967076,9.562629,6.653693,5.56578,4.4485393,5.796340783437093,An toan,5.556004,5.796340783437093,C,An toan
SV1235,Trần Thu Hùng,GDTC101,Giáo dục thể chất 1*,GDTC101_L01,thuc_hanh,0.0,1.0,3.1009905,8.163021,6.9611464,6.989254,7.616575,6.2073817,3.3699190616607666,Nguy co rot mon,6.937737,3.3699190616607666,F,Nguy co rot mon
SV1235,Trần Thu Hùng,INT1003,Phát triển ứng dụng,INT1003_L01,tich_hop,2.0,1.5,4.333266,3.7098374,6.2530775,7.953107,4.231824,8.899606,5.735158920288086,An toan,7.028179,5.735158920288086,C,An toan
SV1236,Đỗ Thảo Đức,INT1003,Phát triển ứng dụng,INT1003_L01,tich_hop,2.0,1.5,2.5883915,6.7514043,9.947842,7.9724436,5.014899,5.38045,6.297805990491595,An toan,6.122597,6.297805990491595,C+,An toan
SV1236,Đỗ Thảo Đức,INT1001,Lập trình Python,INT1001_L01,tich_hop,2.0,1.0,6.2728395,3.0779245,2.9151647,8.200169,7.433429,7.4070115,5.2858297030131025,An toan,7.680203,5.2858297030131025,D+,An toan
SV1236,Đỗ Thảo Đức,INT1002,Cơ sở dữ liệu,INT1002_L01,ly_thuyet,3.0,0.0,9.639097,8.213013,8.371155,6.733469,4.987838,4.301654,5.033232688903809,An toan,0.0,5.033232688903809,D+,An toan
SV1236,Đỗ Thảo Đức,GDQP102,Giáo dục quốc phòng*,GDQP102_L01,ly_thuyet,3.0,0.0,8.352507,3.0354223,7.3990793,8.640547,8.297546,4.9665694,4.206513404846191,An toan,0.0,4.206513404846191,D,An toan
SV1237,Đỗ Ngọc Phương,GDQP102,Giáo dục quốc phòng*,GDQP102_L01,ly_thuyet,3.0,0.0,7.636618,2.5429876,7.7331643,5.935898,8.480838,5.5150695,8.245709419250488,An toan,0.0,8.245709419250488,B+,An toan
SV1237,Đỗ Ngọc Phương,INT1001,Lập trình Python,INT1001_L01,tich_hop,2.0,1.0,6.4793415,9.860739,1.1099787,9.058531,4.9795804,6.138088,6.119590600331624,Nguy co rot mon,6.7253995,6.119590600331624,C+,An toan
SV1238,Trần Minh Hùng,INT1001,Lập trình Python,INT1001_L01,tich_hop,2.0,1.0,8.963032,2.2349033,7.956289,9.082647,8.407318,6.48091,6.919924736022949,Nguy co rot mon,7.9902916,6.919924736022949,C+,An toan
SV1238,Trần Minh Hùng,GDTC101,Giáo dục thể chất 1*,GDTC101_L01,thuc_hanh,0.0,1.0,9.801859,2.6527028,6.949245,4.106302,7.56926,5.152509,6.274293899536133,An toan,5.6093574,6.274293899536133,C+,An toan
SV1238,Trần Minh Hùng,INT1002,Cơ sở dữ liệu,INT1002_L01,ly_thuyet,3.0,0.0,4.1081777,6.102884,3.3390822,8.696544,7.2791047,7.719939,8.829268455505371,An toan,0.0,8.829268455505371,A,An toan
SV1238,Trần Minh Hùng,GDQP102,Giáo dục quốc phòng*,GDQP102_L01,ly_thuyet,3.0,0.0,8.462444,6.5477247,6.0097885,8.517463,6.360998,5.9150577,4.77358865737915,An toan,0.0,4.77358865737915,D,An toan
SV1239,Nguyễn Minh Trang,INT1003,Phát triển ứng dụng,INT1003_L01,tich_hop,2.0,1.5,4.962516,5.2114487,3.6999326,6.183412,3.7694724,3.301544,4.536136831556048,Nguy co rot mon,4.418143,4.536136831556048,D,An toan
SV1239,Nguyễn Minh Trang,GDTC101,Giáo dục thể chất 1*,GDTC101_L01,thuc_hanh,0.0,1.0,6.7648177,5.0126176,8.118965,7.777612,4.165533,8.517267,0.05062315613031387,Nguy co rot mon,6.8201375,0.05062315613031387,F,Nguy co rot mon
SV1240,Bùi Minh Nam,INT1001,Lập trình Python,INT1001_L01,tich_hop,2.0,1.0,6.7357087,5.9471445,2.1767948,9.314397,8.545688,3.4911308,5.674501260121663,An toan,7.1170716,5.674501260121663,C,An toan
SV1240,Bùi Minh Nam,GDTC101,Giáo dục thể chất 1*,GDTC101_L01,thuc_hanh,0.0,1.0,9.201323,9.965812,8.649261,7.3771214,8.0117655,4.786536,3.6452438831329346,Nguy co rot mon,6.725141,3.6452438831329346,F,Nguy co rot mon
SV1240,Bùi Minh Nam,INT1003,Phát triển ứng dụng,INT1003_L01,tich_hop,2.0,1.5,6.248931,5.6875844,6.05257,8.2738695,5.5979576,9.122167,6.711349010467529,Nguy co rot mon,7.6646647,6.711349010467529,C+,An toan
SV1241,Vũ Hải Khoa,GDTC101,Giáo dục thể chất 1*,GDTC101_L01,thuc_hanh,0.0,1.0,6.3414474,4.306194,5.3048224,7.604658,4.793952,7.825421,8.67199993133545,An toan,6.741344,8.67199993133545,A,An toan
SV1241,Vũ Hải Khoa,GDQP102,Giáo dục quốc phòng*,GDQP102_L01,ly_thuyet,3.0,0.0,8.023917,6.697427,4.9548697,9.180177,4.418992,4.425819,3.676631212234497,Nguy co rot mon,0.0,3.676631212234497,F,Nguy co rot mon
SV1241,Vũ Hải Khoa,INT1001,Lập trình Python,INT1001_L01,tich_hop,2.0,1.0,8.446633,2.1597924,2.8171759,4.4739923,9.608401,7.979632,5.4343587557474775,An toan,7.354008,5.4343587557474775,D+,An toan
SV1241,Vũ Hải Khoa,INT1003,Phát triển ứng dụng,INT1003_L01,tich_hop,2.0,1.5,9.6888685,7.5957074,3.267388,7.47318,8.821399,5.918457,7.087950502123151,An toan,7.404345,7.087950502123151,B,An toan
SV1242,Vũ Văn Khoa,INT1003,Phát triển ứng dụng,INT1003_L01,tich_hop,2.0,1.5,3.4379253,7.1354785,9.116651,3.553616,4.92779,4.6757984,5.630087648119245,An toan,4.385735,5.630087648119245,C,An toan
SV1242,Vũ Văn Khoa,INT1002,Cơ sở dữ liệu,INT1002_L01,ly_thuyet,3.0,0.0,9.666366,4.0604806,8.200287,6.088684,4.6787634,8.14492,9.840707778930664,An toan,0.0,9.840707778930664,A+,An toan
SV1242,Vũ Văn Khoa,GDTC101,Giáo dục thể chất 1*,GDTC101_L01,thuc_hanh,0.0,1.0,9.62152,6.0284286,9.558458,4.1250234,5.607316,9.19774,0.5861493349075317,Nguy co rot mon,6.3100266,0.5861493349075317,F,Nguy co rot mon
SV1242,Vũ Văn Khoa,INT1001,Lập trình Python,INT1001_L01,tich_hop,2.0,1.0,5.663244,5.4845095,1.5744257,8.573485,9.235245,5.530611,5.420410950978597,An toan,7.779781,5.420410950978597,D+,An toan
SV1243,Vũ Minh Trang,INT1001,Lập trình Python,INT1001_L01,tich_hop,2.0,1.0,9.0042305,4.808324,6.700018,9.774592,4.984016,4.3752513,6.684333960215251,An toan,6.377953,6.684333960215251,C+,An toan
SV1243,Vũ Minh Trang,GDQP102,Giáo dục quốc phòng*,GDQP102_L01,ly_thuyet,3.0,0.0,4.4619904,4.489203,1.6540883,5.1034875,8.665802,4.483526,5.516014575958252,An toan,0.0,5.516014575958252,C,An toan
SV1243,Vũ Minh Trang,GDTC101,Giáo dục thể chất 1*,GDTC101_L01,thuc_hanh,0.0,1.0,3.1866674,8.475413,7.078135,3.0577724,3.3885508,8.694294,8.106805801391602,An toan,5.0468726,8.106805801391602,B+,An toan
SV1243,Vũ Minh Trang,INT1003,Phát triển ứng dụng,INT1003_L01,tich_hop,2.0,1.5,7.34781,9.9105835,3.5458338,4.8547974,8.294443,9.366562,7.179252965109689,An toan,7.5052676,7.179252965109689,B,An toan
SV1244,Bùi Ngọc Vy,INT1003,Phát triển ứng dụng,INT1003_L01,tich_hop,2.0,1.5,9.673493,2.2736738,8.048062,7.689066,9.393191,7.0610194,7.257654871259417,Nguy co rot mon,8.047759,7.257654871259417,B,An toan
SV1244,Bùi Ngọc Vy,INT1001,Lập trình Python,INT1001_L01,tich_hop,2.0,1.0,5.168046,3.2405288,7.486059,7.733733,9.298839,5.637933,6.0510861078898115,An toan,7.556835,6.0510861078898115,C+,An toan
SV1244,Bùi Ngọc Vy,GDTC101,Giáo dục thể chất 1*,GDTC101_L01,thuc_hanh,0.0,1.0,3.131778,8.487505,5.468557,6.356337,5.8832293,7.945003,0.27754971385002136,Nguy co rot mon,6.72819,0.27754971385002136,F,Nguy co rot mon
SV1244,Bùi Ngọc Vy,INT1002,Cơ sở dữ liệu,INT1002_L01,ly_thuyet,3.0,0.0,6.713953,8.504715,3.9344435,7.6053314,3.8771982,4.0773973,5.134143352508545,An toan,0.0,5.134143352508545,D+,An toan
SV1245,Vũ Thảo Phương,INT1002,Cơ sở dữ liệu,INT1002_L01,ly_thuyet,3.0,0.0,4.705698,5.8445425,5.3106685,3.1279523,6.579509,7.405685,7.496901512145996,An toan,0.0,7.496901512145996,B,An toan
SV1245,Vũ Thảo Phương,INT1003,Phát triển ứng dụng,INT1003_L01,tich_hop,2.0,1.5,9.354994,8.72552,7.9877944,4.664558,3.2429776,5.0237613,6.812720162527902,An toan,4.3104324,6.812720162527902,C+,An toan
SV1245,Vũ Thảo Phương,GDTC101,Giáo dục thể chất 1*,GDTC101_L01,thuc_hanh,0.0,1.0,9.340698,3.740633,3.991364,7.6507325,4.979205,6.5231476,1.5235553979873657,Nguy co rot mon,6.3843617,1.5235553979873657,F,Nguy co rot mon
SV1246,Vũ Thảo Đức,INT1001,Lập trình Python,INT1001_L01,tich_hop,2.0,1.0,8.852737,9.485362,7.0448804,5.308383,8.131547,6.223119,7.825445652008057,An toan,6.5543494,7.825445652008057,B,An toan
SV1246,Vũ Thảo Đức,INT1002,Cơ sở dữ liệu,INT1002_L01,ly_thuyet,3.0,0.0,3.3440108,4.635948,5.8892765,7.4249496,7.576069,9.846774,9.338788986206055,An toan,0.0,9.338788986206055,A+,An toan
SV1246,Vũ Thảo Đức,INT1003,Phát triển ứng dụng,INT1003_L01,tich_hop,2.0,1.5,5.8778358,4.1569033,2.7077138,9.917545,8.006675,3.1959007,5.4442940439496725,An toan,7.0400405,5.4442940439496725,D+,An toan
SV1247,Phạm Văn Trang,INT1001,Lập trình Python,INT1001_L01,tich_hop,2.0,1.0,2.9843953,7.9082627,3.6676645,5.956495,8.638489,5.4218144,5.459715843200684,An toan,6.672266,5.459715843200684,D+,An toan
SV1247,Phạm Văn Trang,INT1003,Phát triển ứng dụng,INT1003_L01,tich_hop,2.0,1.5,8.752367,9.528764,8.520324,5.6364923,3.084879,8.455184,7.558833054133824,Nguy co rot mon,5.7255187,7.558833054133824,B,An toan
SV1248,Vũ Thị Trang,GDTC101,Giáo dục thể chất 1*,GDTC101_L01,thuc_hanh,0.0,1.0,7.8986654,7.763353,7.6507745,9.428818,8.76554,6.8834395,2.4971024990081787,Nguy co rot mon,8.359266,2.4971024990081787,F,Nguy co rot mon
SV1248,Vũ Thị Trang,INT1003,Phát triển ứng dụng,INT1003_L01,tich_hop,2.0,1.5,2.6832044,3.5940976,8.011678,6.0587087,7.80233,5.025073,5.419726439884731,An toan,6.2953706,5.419726439884731,D+,An toan
SV1248,Vũ Thị Trang,INT1001,Lập trình Python,INT1001_L01,tich_hop,2.0,1.0,5.0302935,6.615169,1.6129684,9.697105,6.7520957,5.943373,5.43438180287679,Nguy co rot mon,7.4641914,5.43438180287679,D+,An toan
SV1249,Phạm Hoàng Nam,INT1001,Lập trình Python,INT1001_L01,tich_hop,2.0,1.0,3.1543741,9.518368,3.2686567,7.0065317,9.800181,3.5580158,5.805280526479085,Nguy co rot mon,6.788243,5.805280526479085,C,An toan
SV1249,Phạm Hoàng Nam,INT1002,Cơ sở dữ liệu,INT1002_L01,ly_thuyet,3.0,0.0,2.832542,7.051452,6.1640825,3.351819,3.6803064,5.3991604,1.8672012090682983,Nguy co rot mon,0.0,1.8672012090682983,F,Nguy co rot mon
SV1249,Phạm Hoàng Nam,GDTC101,Giáo dục thể chất 1*,GDTC101_L01,thuc_hanh,0.0,1.0,6.408072,5.7443237,4.3135257,4.173397,7.6827254,7.5849004,0.9579234719276428,Nguy co rot mon,6.480341,0.9579234719276428,F,Nguy co rot mon
SV1249,Phạm Hoàng Nam,INT1003,Phát triển ứng dụng,INT1003_L01,tich_hop,2.0,1.5,8.314914,2.836684,6.102673,3.296315,6.472412,7.253499,5.718274320874896,Nguy co rot mon,5.6740756,5.718274320874896,C,An toan
SV1250,Bùi Hải Nam,GDTC101,Giáo dục thể chất 1*,GDTC101_L01,thuc_hanh,0.0,1.0,5.408712,7.7295804,7.2341805,3.4050333,7.526805,4.4689045,4.27875280380249,An toan,5.1335807,4.27875280380249,D,An toan
SV1250,Bùi Hải Nam,INT1002,Cơ sở dữ liệu,INT1002_L01,ly_thuyet,3.0,0.0,6.153586,9.809653,3.42015,9.127126,3.0045946,9.032911,6.0971527099609375,An toan,0.0,6.0971527099609375,C+,An toan
SV1250,Bùi Hải Nam,GDQP102,Giáo dục quốc phòng*,GDQP102_L01,ly_thuyet,3.0,0.0,5.870154,6.6989927,8.384292,5.275373,8.298258,4.9651484,7.412968158721924,An toan,0.0,7.412968158721924,B,An toan
SV1251,Nguyễn Ngọc Anh,INT1003,Phát triển ứng dụng,INT1003_L01,tich_hop,2.0,1.5,5.82656,6.928439,8.270776,8.47706,8.827493,8.765999,7.729274613516671,An toan,8.690185,7.729274613516671,B,An toan
SV1251,Nguyễn Ngọc Anh,INT1002,Cơ sở dữ liệu,INT1002_L01,ly_thuyet,3.0,0.0,5.8779554,6.1730437,7.5583377,8.846935,4.3257456,6.694964,1.9701833724975586,Nguy co rot mon,0.0,1.9701833724975586,F,Nguy co rot mon
SV1251,Nguyễn Ngọc Anh,GDQP102,Giáo dục quốc phòng*,GDQP102_L01,ly_thuyet,3.0,0.0,4.9257045,9.010962,9.557967,6.368991,8.141675,3.315013,4.355632305145264,An toan,0.0,4.355632305145264,D,An toan
SV1251,Nguyễn Ngọc Anh,GDTC101,Giáo dục thể chất 1*,GDTC101_L01,thuc_hanh,0.0,1.0,4.234255,4.551679,9.7198925,4.279403,3.9701216,3.1016645,4.3961501121521,An toan,3.7837298,4.3961501121521,D,An toan
SV1252,Bùi Hải An,INT1003,Phát triển ứng dụng,INT1003_L01,tich_hop,2.0,1.5,3.5466778,3.1893303,9.446019,6.626854,4.150848,4.6223364,5.28229638508388,An toan,5.133346,5.28229638508388,D+,An toan
SV1252,Bùi Hải An,GDQP102,Giáo dục quốc phòng*,GDQP102_L01,ly_thuyet,3.0,0.0,9.551497,7.9138956,2.8107014,3.0600126,8.077381,4.323404,6.636221885681152,An toan,0.0,6.636221885681152,C+,An toan
SV1252,Bùi Hải An,INT1002,Cơ sở dữ liệu,INT1002_L01,ly_thuyet,3.0,0.0,8.393308,8.887921,2.940601,5.5524626,8.260879,4.0189214,9.256439208984375,An toan,0.0,9.256439208984375,A+,An toan
SV1253,Đỗ Minh Chinh,INT1002,Cơ sở dữ liệu,INT1002_L01,ly_thuyet,3.0,0.0,6.298997,9.978272,4.5770283,9.16274,6.371034,8.823894,9.9172945022583,An toan,0.0,9.9172945022583,A+,An toan
SV1253,Đỗ Minh Chinh,INT1001,Lập trình Python,INT1001_L01,tich_hop,2.0,1.0,5.450938,8.048107,3.2377098,3.6368887,6.445347,8.6627655,5.802056789398193,Nguy co rot mon,6.2483335,5.802056789398193,C,An toan
SV1253,Đỗ Minh Chinh,GDTC101,Giáo dục thể chất 1*,GDTC101_L01,thuc_hanh,0.0,1.0,5.5097146,3.1562822,2.782836,7.661484,6.821205,5.796434,5.27230167388916,An toan,6.759708,5.27230167388916,D+,An toan
SV1253,Đỗ Minh Chinh,GDQP102,Giáo dục quốc phòng*,GDQP102_L01,ly_thuyet,3.0,0.0,8.479979,7.6540365,3.632926,8.317517,4.193046,9.4093075,8.618063926696777,An toan,0.0,8.618063926696777,A,An toan
SV1254,Nguyễn Thu Nam,INT1002,Cơ sở dữ liệu,INT1002_L01,ly_thuyet,3.0,0.0,3.3661578,6.4017715,8.806927,9.405017,6.986649,8.515616,9.994073867797852,An toan,0.0,9.994073867797852,A+,An toan
SV1254,Nguyễn Thu Nam,GDQP102,Giáo dục quốc phòng*,GDQP102_L01,ly_thuyet,3.0,0.0,3.0683653,2.8977084,2.5755584,9.302515,4.5689263,9.951842,7.755856990814209,An toan,0.0,7.755856990814209,B,An toan
SV1255,Phạm Ngọc An,INT1001,Lập trình Python,INT1001_L01,tich_hop,2.0,1.0,5.933563,2.2573657,9.144489,6.696332,5.738431,3.2435684,5.594352086385091,Nguy co rot mon,5.2261105,5.594352086385091,C,An toan
SV1255,Phạm Ngọc An,GDTC101,Giáo dục thể chất 1*,GDTC101_L01,thuc_hanh,0.0,1.0,4.5997615,3.2148688,7.3185015,8.34194,4.5613976,5.90373,5.40993595123291,An toan,6.2690225,5.40993595123291,D+,An toan
SV1255,Phạm Ngọc An,INT1003,Phát triển ứng dụng,INT1003_L01,tich_hop,2.0,1.5,2.739364,2.0451818,7.740566,7.5384755,6.322121,8.687934,5.606954233986991,An toan,7.5161767,5.606954233986991,C,An toan
SV1255,Phạm Ngọc An,INT1002,Cơ sở dữ liệu,INT1002_L01,ly_thuyet,3.0,0.0,5.476886,8.204677,4.0669355,6.671276,4.422075,8.894279,9.461227416992188,An toan,0.0,9.461227416992188,A+,An toan
SV1256,Lê Đức Phương,INT1001,Lập trình Python,INT1001_L01,tich_hop,2.0,1.0,5.6495156,7.2338777,5.145487,6.979298,9.159736,6.2564545,6.494805494944255,An toan,7.4651628,6.494805494944255,C+,An toan
SV1256,Lê Đức Phương,GDQP102,Giáo dục quốc phòng*,GDQP102_L01,ly_thuyet,3.0,0.0,8.505258,3.0445197,4.6186523,5.444318,3.2276328,6.923546,4.970488548278809,An toan,0.0,4.970488548278809,D,An toan
SV1256,Lê Đức Phương,INT1002,Cơ sở dữ liệu,INT1002_L01,ly_thuyet,3.0,0.0,6.2355227,3.3701885,7.8340073,9.96109,8.909547,4.650269,6.041931629180908,An toan,0.0,6.041931629180908,C+,An toan
SV1257,Lê Thị Khoa,INT1003,Phát triển ứng dụng,INT1003_L01,tich_hop,2.0,1.5,8.350788,3.9791164,9.039959,8.568933,4.458303,8.778712,7.185585226331439,An toan,7.2686486,7.185585226331439,B,An toan
SV1257,Lê Thị Khoa,INT1002,Cơ sở dữ liệu,INT1002_L01,ly_thuyet,3.0,0.0,3.9456277,5.1347756,8.615546,9.714693,9.2943945,6.4770637,5.897495746612549,An toan,0.0,5.897495746612549,C,An toan
SV1257,Lê Thị Khoa,INT1001,Lập trình Python,INT1001_L01,tich_hop,2.0,1.0,8.304115,2.216605,2.8183768,5.7091613,5.4199615,9.098129,5.211716492970784,An toan,6.742418,5.211716492970784,D+,An toan
SV1257,Lê Thị Khoa,GDQP102,Giáo dục quốc phòng*,GDQP102_L01,ly_thuyet,3.0,0.0,9.399283,5.7517166,1.4302982,9.629585,4.3088956,6.344971,1.4556128978729248,Nguy co rot mon,0.0,1.4556128978729248,F,Nguy co rot mon
SV1258,Hoàng Tuấn Vy,GDQP102,Giáo dục quốc phòng*,GDQP102_L01,ly_thuyet,3.0,0.0,4.1438084,5.4260874,6.6128817,8.6196995,9.090046,8.699566,4.007084369659424,An toan,0.0,4.007084369659424,D,An toan
SV1258,Hoàng Tuấn Vy,INT1003,Phát triển ứng dụng,INT1003_L01,tich_hop,2.0,1.5,8.301489,6.518453,8.463651,3.825481,6.620286,5.125621,6.659454005105155,Nguy co rot mon,5.1904626,6.659454005105155,C+,An toan
SV1258,Hoàng Tuấn Vy,INT1001,Lập trình Python,INT1001_L01,tich_hop,2.0,1.0,2.9643867,6.7801147,6.3962593,9.648181,4.04563,7.334006,5.923259576161702,An toan,7.009272,5.923259576161702,C,An toan
SV1258,Hoàng Tuấn Vy,INT1002,Cơ sở dữ liệu,INT1002_L01,ly_thuyet,3.0,0.0,2.4860766,6.599308,3.3823717,7.4854283,7.3171015,5.503572,5.710622787475586,An toan,0.0,5.710622787475586,C,An toan
SV1259,Đỗ Hải Vy,INT1003,Phát triển ứng dụng,INT1003_L01,tich_hop,2.0,1.5,5.882115,3.515049,4.9544435,3.8229184,9.620467,8.694434,5.896185261862619,Nguy co rot mon,7.379274,5.896185261862619,C,An toan
SV1259,Đỗ Hải Vy,GDQP102,Giáo dục quốc phòng*,GDQP102_L01,ly_thuyet,3.0,0.0,7.245192,9.496542,3.2069068,5.222253,5.1099734,3.1815004,5.8263983726501465,An toan,0.0,5.8263983726501465,C,An toan
SV1260,Lê Thảo Chinh,INT1003,Phát triển ứng dụng,INT1003_L01,tich_hop,2.0,1.5,4.9547396,9.899574,7.790248,3.4988356,8.363061,5.1450105,6.742807865142822,Nguy co rot mon,5.6689687,6.742807865142822,C+,An toan
SV1260,Lê Thảo Chinh,INT1002,Cơ sở dữ liệu,INT1002_L01,ly_thuyet,3.0,0.0,3.610648,4.787505,9.6855955,8.246144,5.8364377,3.768979,6.682188987731934,An toan,0.0,6.682188987731934,C+,An toan
SV1260,Lê Thảo Chinh,GDQP102,Giáo dục quốc phòng*,GDQP102_L01,ly_thuyet,3.0,0.0,5.027599,5.2853904,9.461136,5.9821005,5.661181,5.3841276,3.4675092697143555,Nguy co rot mon,0.0,3.4675092697143555,F,Nguy co rot mon
SV1260,Lê Thảo Chinh,GDTC101,Giáo dục thể chất 1*,GDTC101_L01,thuc_hanh,0.0,1.0,7.4511156,5.4432898,2.0285652,6.2456274,9.432012,5.9194393,1.0485843420028687,Nguy co rot mon,7.199026,1.0485843420028687,F,Nguy co rot mon
SV1261,Đỗ Minh Phương,INT1003,Phát triển ứng dụng,INT1003_L01,tich_hop,2.0,1.5,6.319792,6.1777177,8.901449,7.261209,4.446131,3.3910384,6.232903344290597,An toan,5.032793,6.232903344290597,C+,An toan
SV1261,Đỗ Minh Phương,INT1001,Lập trình Python,INT1001_L01,tich_hop,2.0,1.0,7.169307,5.31181,1.8385605,7.582333,9.609513,4.859562,5.632307052612305,Nguy co rot mon,7.3504696,5.632307052612305,C,An toan
SV1262,Phan Ngọc Hùng,INT1003,Phát triển ứng dụng,INT1003_L01,tich_hop,2.0,1.5,6.822004,2.382937,1.0552465,6.0998425,9.419954,8.222647,5.346098967960903,An toan,7.914148,5.346098967960903,D+,An toan
SV1262,Phan Ngọc Hùng,GDQP102,Giáo dục quốc phòng*,GDQP102_L01,ly_thuyet,3.0,0.0,9.781142,5.710411,6.8429766,3.0334263,8.84492,3.8808315,1.6063566207885742,Nguy co rot mon,0.0,1.6063566207885742,F,Nguy co rot mon
SV1263,Phạm Hoàng Đức,GDTC101,Giáo dục thể chất 1*,GDTC101_L01,thuc_hanh,0.0,1.0,6.4333725,8.554713,4.4816456,9.383371,8.359736,5.6659236,5.99809455871582,An toan,7.8030105,5.99809455871582,C,An toan
SV1263,Phạm Hoàng Đức,GDQP102,Giáo dục quốc phòng*,GDQP102_L01,ly_thuyet,3.0,0.0,3.798839,4.8606772,5.4055395,5.47548,3.8753366,9.235288,7.577085018157959,An toan,0.0,7.577085018157959,B,An toan
SV1263,Phạm Hoàng Đức,INT1001,Lập trình Python,INT1001_L01,tich_hop,2.0,1.0,9.754846,8.517066,9.939037,4.5698566,8.081534,9.955047,8.78092590967814,Nguy co rot mon,7.535479,8.78092590967814,A,An toan
SV1264,Đặng Văn Trang,INT1001,Lập trình Python,INT1001_L01,tich_hop,2.0,1.0,4.568244,3.992296,3.160936,7.221674,8.208885,4.3608527,4.803818384806315,An toan,6.5971375,4.803818384806315,D,An toan
SV1264,Đặng Văn Trang,GDTC101,Giáo dục thể chất 1*,GDTC101_L01,thuc_hanh,0.0,1.0,4.5123487,7.5428886,4.7464705,3.954011,4.894857,8.968764,3.4384522438049316,Nguy co rot mon,5.9392104,3.4384522438049316,F,Nguy co rot mon
SV1265,Đỗ Văn An,INT1003,Phát triển ứng dụng,INT1003_L01,tich_hop,2.0,1.5,9.3656225,2.673392,5.7118993,5.534455,9.461918,9.466012,6.87575272151402,An toan,8.154128,6.87575272151402,C+,An toan
SV1265,Đỗ Văn An,GDQP102,Giáo dục quốc phòng*,GDQP102_L01,ly_thuyet,3.0,0.0,2.6432414,6.24052,1.9154321,5.518137,7.337664,8.600056,9.930594444274902,An toan,0.0,9.930594444274902,A+,An toan
SV1265,Đỗ Văn An,INT1001,Lập trình Python,INT1001_L01,tich_hop,2.0,1.0,3.8740792,8.698196,6.4254627,4.3956585,8.158349,4.179134,6.080957253774007,An toan,5.5777135,6.080957253774007,C+,An toan
SV1265,Đỗ Văn An,INT1002,Cơ sở dữ liệu,INT1002_L01,ly_thuyet,3.0,0.0,7.6521688,9.259747,5.771577,8.011664,3.1871235,5.4998903,0.38609278202056885,Nguy co rot mon,0.0,0.38609278202056885,F,Nguy co rot mon
SV1266,Lê Hoàng Linh,INT1002,Cơ sở dữ liệu,INT1002_L01,ly_thuyet,3.0,0.0,9.638394,9.065208,4.9701138,6.429171,9.187863,7.0861325,8.790470123291016,An toan,0.0,8.790470123291016,A,An toan
SV1266,Lê Hoàng Linh,INT1001,Lập trình Python,INT1001_L01,tich_hop,2.0,1.0,8.460842,6.5672436,1.7377499,9.032169,6.7644224,6.211974,6.17113733291626,Nguy co rot mon,7.336189,6.17113733291626,C+,An toan
SV1267,Phan Thảo Phương,GDTC101,Giáo dục thể chất 1*,GDTC101_L01,thuc_hanh,0.0,1.0,8.136723,8.188357,5.4791994,9.705536,4.0101986,8.507268,7.498251438140869,An toan,7.4076676,7.498251438140869,B,An toan
SV1267,Phan Thảo Phương,INT1002,Cơ sở dữ liệu,INT1002_L01,ly_thuyet,3.0,0.0,4.0249596,9.6062765,8.327462,4.786139,9.932034,8.894109,9.907547950744629,An toan,0.0,9.907547950744629,A+,An toan
SV1267,Phan Thảo Phương,GDQP102,Giáo dục quốc phòng*,GDQP102_L01,ly_thuyet,3.0,0.0,2.4250717,4.721728,1.9931715,3.408051,5.877624,5.8115487,0.8390550017356873,Nguy co rot mon,0.0,0.8390550017356873,F,Nguy co rot mon
SV1268,Hoàng Minh Hùng,GDTC101,Giáo dục thể chất 1*,GDTC101_L01,thuc_hanh,0.0,1.0,6.0135603,6.7507706,8.985445,8.769644,9.120449,8.97573,5.337149620056152,An toan,8.955274,5.337149620056152,D+,An toan
SV1268,Hoàng Minh Hùng,GDQP102,Giáo dục quốc phòng*,GDQP102_L01,ly_thuyet,3.0,0.0,6.47464,5.7719455,3.6020358,4.184665,9.456619,7.986842,9.066069602966309,An toan,0.0,9.066069602966309,A+,An toan
SV1268,Hoàng Minh Hùng,INT1002,Cơ sở dữ liệu,INT1002_L01,ly_thuyet,3.0,0.0,8.907762,3.8247588,1.9138403,7.209533,3.0424125,3.8923473,5.471198081970215,An toan,0.0,5.471198081970215,D+,An toan
SV1269,Hoàng Hoàng Khoa,GDTC101,Giáo dục thể chất 1*,GDTC101_L01,thuc_hanh,0.0,1.0,8.517239,4.1585155,3.8054407,9.8561325,3.310073,8.789796,1.503082036972046,Nguy co rot mon,7.318667,1.503082036972046,F,Nguy co rot mon
SV1269,Hoàng Hoàng Khoa,INT1002,Cơ sở dữ liệu,INT1002_L01,ly_thuyet,3.0,0.0,6.5172815,3.9349794,1.4976021,6.9890904,8.737051,5.802559,7.225949764251709,An toan,0.0,7.225949764251709,B,An toan
SV1270,Trần Văn Nam,INT1003,Phát triển ứng dụng,INT1003_L01,tich_hop,2.0,1.5,3.2363303,2.2806633,4.955064,5.945916,6.4229436,6.7477107,4.725616318838937,Nguy co rot mon,6.3721905,4.725616318838937,D,An toan
SV1270,Trần Văn Nam,GDTC101,Giáo dục thể chất 1*,GDTC101_L01,thuc_hanh,0.0,1.0,4.5570297,2.1236157,3.4926996,4.14994,8.084823,7.9173107,2.4907913208007812,Nguy co rot mon,6.7173576,2.4907913208007812,F,Nguy co rot mon
SV1270,Trần Văn Nam,INT1002,Cơ sở dữ liệu,INT1002_L01,ly_thuyet,3.0,0.0,7.712926,3.4671926,3.876822,9.400042,7.115368,8.278066,9.403100967407227,An toan,0.0,9.403100967407227,A+,An toan
SV1270,Trần Văn Nam,INT1001,Lập trình Python,INT1001_L01,tich_hop,2.0,1.0,4.6063013,2.299989,9.846436,4.5641603,3.5339046,6.339108,5.326958179473877,An toan,4.812391,5.326958179473877,D+,An toan
SV1271,Trần Thảo Anh,GDQP102,Giáo dục quốc phòng*,GDQP102_L01,ly_thuyet,3.0,0.0,8.439609,7.4002833,2.0159566,3.569031,6.922391,7.5885572,9.966381072998047,An toan,0.0,9.966381072998047,A+,An toan
SV1271,Trần Thảo Anh,GDTC101,Giáo dục thể chất 1*,GDTC101_L01,thuc_hanh,0.0,1.0,9.489131,4.8120666,3.5623796,8.640087,3.3977768,5.65125,2.995323657989502,Nguy co rot mon,5.8963714,2.995323657989502,F,Nguy co rot mon
SV1271,Trần Thảo Anh,INT1003,Phát triển ứng dụng,INT1003_L01,tich_hop,2.0,1.5,7.7087617,5.019444,2.6214552,5.042279,7.8614163,3.9569695,5.332411425454276,An toan,5.6202216,5.332411425454276,D+,An toan
SV1271,Trần Thảo Anh,INT1002,Cơ sở dữ liệu,INT1002_L01,ly_thuyet,3.0,0.0,6.034707,6.7588186,4.476638,7.537593,8.776668,9.579484,4.664581298828125,An toan,0.0,4.664581298828125,D,An toan
SV1272,Hoàng Minh Chinh,GDQP102,Giáo dục quốc phòng*,GDQP102_L01,ly_thuyet,3.0,0.0,8.315351,8.016965,7.0281644,5.923902,7.2336965,8.914949,9.387166023254395,An toan,0.0,9.387166023254395,A+,An toan
SV1272,Hoàng Minh Chinh,INT1003,Phát triển ứng dụng,INT1003_L01,tich_hop,2.0,1.5,5.7617283,2.1718705,9.431309,5.360523,5.6917853,5.9719276,5.739634922572544,An toan,5.6747456,5.739634922572544,C,An toan
SV1273,Phạm Thị Chinh,INT1002,Cơ sở dữ liệu,INT1002_L01,ly_thuyet,3.0,0.0,2.2136796,3.2630224,6.6113877,6.162928,5.0074015,3.2987328,8.056111335754395,An toan,0.0,8.056111335754395,B+,An toan
SV1273,Phạm Thị Chinh,INT1001,Lập trình Python,INT1001_L01,tich_hop,2.0,1.0,7.7244043,5.434275,3.8628106,9.150035,6.2272253,9.438137,6.539819717407227,Nguy co rot mon,8.271799,6.539819717407227,C+,An toan
SV1274,Phan Thu Anh,GDTC101,Giáo dục thể chất 1*,GDTC101_L01,thuc_hanh,0.0,1.0,3.2634175,7.8662024,6.7557373,7.272499,5.677966,5.359438,5.344795227050781,An toan,6.1033006,5.344795227050781,D+,An toan
SV1274,Phan Thu Anh,INT1002,Cơ sở dữ liệu,INT1002_L01,ly_thuyet,3.0,0.0,8.673601,9.499149,3.378945,9.017219,3.6514745,7.7946515,9.795980453491211,An toan,0.0,9.795980453491211,A+,An toan
SV1274,Phan Thu Anh,INT1001,Lập trình Python,INT1001_L01,tich_hop,2.0,1.0,9.549399,8.352659,3.1128109,3.4595082,9.544553,4.9416695,6.66394058863322,Nguy co rot mon,5.98191,6.66394058863322,C+,An toan
SV1275,Phạm Tuấn Phương,INT1001,Lập trình Python,INT1001_L01,tich_hop,2.0,1.0,2.649174,8.919406,3.1485622,9.45152,8.557014,3.7266326,5.685494581858317,An toan,7.2450557,5.685494581858317,C,An toan
SV1275,Phạm Tuấn Phương,GDTC101,Giáo dục thể chất 1*,GDTC101_L01,thuc_hanh,0.0,1.0,6.3583484,5.518134,9.538301,5.2329984,4.231237,3.1388168,0.9296749234199524,Nguy co rot mon,4.2010174,0.9296749234199524,F,Nguy co rot mon
SV1275,Phạm Tuấn Phương,INT1003,Phát triển ứng dụng,INT1003_L01,tich_hop,2.0,1.5,8.6893,2.1327517,1.7607939,5.439964,4.4564195,3.4307523,4.300608839307513,An toan,4.4423785,4.300608839307513,D,An toan
SV1276,Nguyễn Tuấn Vy,GDTC101,Giáo dục thể chất 1*,GDTC101_L01,thuc_hanh,0.0,1.0,9.112026,3.6858327,7.789572,4.9285088,9.029212,6.449413,7.129365921020508,An toan,6.8023777,7.129365921020508,B,An toan
SV1276,Nguyễn Tuấn Vy,INT1002,Cơ sở dữ liệu,INT1002_L01,ly_thuyet,3.0,0.0,7.392247,6.1320863,2.8946748,7.1517167,4.9843664,7.372067,2.1577255725860596,Nguy co rot mon,0.0,2.1577255725860596,F,Nguy co rot mon
SV1276,Nguyễn Tuấn Vy,INT1001,Lập trình Python,INT1001_L01,tich_hop,2.0,1.0,2.4027696,6.6129813,8.605139,7.7544622,5.4938917,8.5144825,6.333846251169841,Nguy co rot mon,7.2542787,6.333846251169841,C+,An toan
SV1277,Đặng Thảo Bình,GDQP102,Giáo dục quốc phòng*,GDQP102_L01,ly_thuyet,3.0,0.0,9.258339,6.6804533,3.6399295,4.1933136,4.8358192,5.494438,8.815389633178711,An toan,0.0,8.815389633178711,A,An toan
SV1277,Đặng Thảo Bình,INT1002,Cơ sở dữ liệu,INT1002_L01,ly_thuyet,3.0,0.0,5.6159034,3.3336427,5.8191686,4.572347,6.2534413,9.0679,0.19199182093143463,Nguy co rot mon,0.0,0.19199182093143463,F,Nguy co rot mon
SV1277,Đặng Thảo Bình,INT1001,Lập trình Python,INT1001_L01,tich_hop,2.0,1.0,8.822106,2.8478339,2.311357,8.98251,9.699166,9.051361,6.188403447469075,Nguy co rot mon,9.244346,6.188403447469075,C+,An toan
SV1277,Đặng Thảo Bình,GDTC101,Giáo dục thể chất 1*,GDTC101_L01,thuc_hanh,0.0,1.0,3.2794666,6.822813,5.5512505,7.2468634,7.863861,4.3672867,6.4889116287231445,An toan,6.4926705,6.4889116287231445,C+,An toan
SV1278,Đặng Đức Linh,GDTC101,Giáo dục thể chất 1*,GDTC101_L01,thuc_hanh,0.0,1.0,7.8198247,9.813091,5.775271,3.1972659,7.89299,9.288715,9.828070640563965,An toan,6.79299,9.828070640563965,A+,An toan
SV1278,Đặng Đức Linh,INT1001,Lập trình Python,INT1001_L01,tich_hop,2.0,1.0,7.6271105,9.462647,7.4034915,9.001514,7.7794642,7.514221,8.14241091410319,An toan,8.0984,8.14241091410319,B+,An toan
SV1278,Đặng Đức Linh,INT1002,Cơ sở dữ liệu,INT1002_L01,ly_thuyet,3.0,0.0,5.2160344,9.554852,2.3416784,8.481915,9.62189,7.5786643,1.0844953060150146,Nguy co rot mon,0.0,1.0844953060150146,F,Nguy co rot mon
SV1278,Đặng Đức Linh,GDQP102,Giáo dục quốc phòng*,GDQP102_L01,ly_thuyet,3.0,0.0,6.3037567,4.397348,8.799727,9.129172,8.016633,4.8157487,4.935657978057861,An toan,0.0,4.935657978057861,D,An toan
SV1279,Phạm Thị Bình,GDTC101,Giáo dục thể chất 1*,GDTC101_L01,thuc_hanh,0.0,1.0,3.4443097,3.4867682,5.2804694,3.6395955,5.5957975,6.517431,1.1368895769119263,Nguy co rot mon,5.2509418,1.1368895769119263,F,Nguy co rot mon
SV1279,Phạm Thị Bình,INT1003,Phát triển ứng dụng,INT1003_L01,tich_hop,2.0,1.5,5.086871,5.5422792,1.4287438,9.950979,5.591792,5.888828,5.358398641858782,Nguy co rot mon,7.143866,5.358398641858782,D+,An toan
SV1279,Phạm Thị Bình,INT1001,Lập trình Python,INT1001_L01,tich_hop,2.0,1.0,7.575821,5.202886,3.1775174,7.444502,8.224044,9.589592,6.352287292480469,Nguy co rot mon,8.419379,6.352287292480469,C+,An toan
SV1280,Đỗ Tuấn Phương,INT1001,Lập trình Python,INT1001_L01,tich_hop,2.0,1.0,2.695458,3.310297,1.5928568,9.339285,8.91252,7.7325835,4.575734615325928,Nguy co rot mon,8.661463,4.575734615325928,D,An toan
SV1280,Đỗ Tuấn Phương,INT1002,Cơ sở dữ liệu,INT1002_L01,ly_thuyet,3.0,0.0,7.7688875,9.500456,5.840549,7.9326644,8.4692955,8.348991,5.242371082305908,An toan,0.0,5.242371082305908,D+,An toan
SV1280,Đỗ Tuấn Phương,GDQP102,Giáo dục quốc phòng*,GDQP102_L01,ly_thuyet,3.0,0.0,5.7856903,2.4904845,1.3239924,5.935739,5.7832036,5.653731,6.0218305587768555,An toan,0.0,6.0218305587768555,C+,An toan
SV1281,Đỗ Thị Vy,INT1001,Lập trình Python,INT1001_L01,tich_hop,2.0,1.0,5.7275944,6.445607,7.8564253,9.176419,4.012238,4.292043,6.393328348795573,An toan,5.8269005,6.393328348795573,C+,An toan
SV1281,Đỗ Thị Vy,INT1002,Cơ sở dữ liệu,INT1002_L01,ly_thuyet,3.0,0.0,5.988623,7.77114,7.8625875,4.982453,7.955604,7.881986,1.983730673789978,Nguy co rot mon,0.0,1.983730673789978,F,Nguy co rot mon
SV1281,Đỗ Thị Vy,GDTC101,Giáo dục thể chất 1*,GDTC101_L01,thuc_hanh,0.0,1.0,2.2276537,2.4681332,4.1303735,9.278375,8.931121,7.5659614,6.884523868560791,An toan,8.591819,6.884523868560791,C+,An toan
SV1281,Đỗ Thị Vy,GDQP102,Giáo dục quốc phòng*,GDQP102_L01,ly_thuyet,3.0,0.0,5.4538198,2.2268353,7.3854084,7.1882052,7.499846,8.147442,6.962003707885742,An toan,0.0,6.962003707885742,C+,An toan
SV1282,Trần Văn Bình,INT1003,Phát triển ứng dụng,INT1003_L01,tich_hop,2.0,1.5,7.955104,6.121951,4.014404,8.482397,9.892227,3.9021676,6.628391333988735,Nguy co rot mon,7.4255977,6.628391333988735,C+,An toan
SV1282,Trần Văn Bình,GDTC101,Giáo dục thể chất 1*,GDTC101_L01,thuc_hanh,0.0,1.0,9.247764,6.1670957,2.0709507,7.943628,7.2943625,4.1967244,0.2224459946155548,Nguy co rot mon,6.4782386,0.2224459946155548,F,Nguy co rot mon
SV1282,Trần Văn Bình,INT1001,Lập trình Python,INT1001_L01,tich_hop,2.0,1.0,7.603692,4.7784796,4.5071135,8.747343,7.2440944,8.577932,6.483104705810547,Nguy co rot mon,8.18979,6.483104705810547,C+,An toan
SV1283,Hoàng Hoàng Hùng,INT1001,Lập trình Python,INT1001_L01,tich_hop,2.0,1.0,4.1516585,5.3202505,7.9927025,9.737542,5.8234224,6.296253,6.309604485829671,An toan,7.2857394,6.309604485829671,C+,An toan
SV1283,Hoàng Hoàng Hùng,GDQP102,Giáo dục quốc phòng*,GDQP102_L01,ly_thuyet,3.0,0.0,3.3000782,9.6192045,2.9990687,3.4866602,3.1477804,4.107018,5.324648380279541,An toan,0.0,5.324648380279541,D+,An toan
SV1283,Hoàng Hoàng Hùng,GDTC101,Giáo dục thể chất 1*,GDTC101_L01,thuc_hanh,0.0,1.0,3.7151914,6.0832925,7.3608484,8.561663,6.0077977,8.182732,0.3455163836479187,Nguy co rot mon,7.584064,0.3455163836479187,F,Nguy co rot mon
SV1283,Hoàng Hoàng Hùng,INT1003,Phát triển ứng dụng,INT1003_L01,tich_hop,2.0,1.5,4.828149,2.9248676,3.5711303,5.431163,7.900511,8.76259,5.313303879329136,An toan,7.364755,5.313303879329136,D+,An toan
SV1284,Hoàng Đức Chinh,GDTC101,Giáo dục thể chất 1*,GDTC101_L01,thuc_hanh,0.0,1.0,9.254871,6.9388523,9.657499,4.503254,7.1026664,3.4532166,3.7597100734710693,Nguy co rot mon,5.0197124,3.7597100734710693,F,Nguy co rot mon
SV1284,Hoàng Đức Chinh,INT1001,Lập trình Python,INT1001_L01,tich_hop,2.0,1.0,8.685758,2.8985476,6.4021573,8.951537,5.062281,3.7416284,5.969818909962972,Nguy co rot mon,5.9184823,5.969818909962972,C,An toan
SV1285,Vũ Hoàng Hùng,INT1003,Phát triển ứng dụng,INT1003_L01,tich_hop,2.0,1.5,8.679128,5.4510884,7.9176264,4.7187877,8.734967,9.319759,7.452948434012277,An toan,7.5911713,7.452948434012277,B,An toan
SV1285,Vũ Hoàng Hùng,GDTC101,Giáo dục thể chất 1*,GDTC101_L01,thuc_hanh,0.0,1.0,3.3753018,2.3192866,5.3854113,5.461,9.462957,7.779953,8.6665620803833,An toan,7.5679703,8.6665620803833,A,An toan
SV1285,Vũ Hoàng Hùng,INT1001,Lập trình Python,INT1001_L01,tich_hop,2.0,1.0,2.269928,6.454888,8.227965,4.7288694,3.0828009,6.5777154,5.366105238596599,Nguy co rot mon,4.7964616,5.366105238596599,D+,An toan
SV1285,Vũ Hoàng Hùng,GDQP102,Giáo dục quốc phòng*,GDQP102_L01,ly_thuyet,3.0,0.0,5.5973635,7.2596617,5.5372357,7.5429916,8.1967325,8.494095,0.3276401460170746,Nguy co rot mon,0.0,0.3276401460170746,F,Nguy co rot mon
SV1286,Vũ Hoàng Khoa,GDQP102,Giáo dục quốc phòng*,GDQP102_L01,ly_thuyet,3.0,0.0,4.161046,7.4890404,7.28203,5.256817,7.240166,9.912583,9.504242897033691,An toan,0.0,9.504242897033691,A+,An toan
SV1286,Vũ Hoàng Khoa,INT1003,Phát triển ứng dụng,INT1003_L01,tich_hop,2.0,1.5,5.4916716,4.7266097,3.9493673,6.37819,7.635412,9.5911875,6.070712498256138,Nguy co rot mon,7.8682632,6.070712498256138,C+,An toan
SV1286,Vũ Hoàng Khoa,GDTC101,Giáo dục thể chất 1*,GDTC101_L01,thuc_hanh,0.0,1.0,7.435225,5.8815455,4.339698,3.0464573,7.113629,9.087441,6.012805461883545,An toan,6.4158425,6.012805461883545,C+,An toan
SV1287,Trần Tuấn Bình,GDQP102,Giáo dục quốc phòng*,GDQP102_L01,ly_thuyet,3.0,0.0,8.477849,5.768225,3.641246,6.6421237,6.9186954,6.1040726,8.283989906311035,An toan,0.0,8.283989906311035,B+,An toan
SV1287,Trần Tuấn Bình,INT1002,Cơ sở dữ liệu,INT1002_L01,ly_thuyet,3.0,0.0,8.845248,7.3434153,5.934432,5.4419556,4.450937,4.073479,1.8157544136047363,Nguy co rot mon,0.0,1.8157544136047363,F,Nguy co rot mon
SV1287,Trần Tuấn Bình,INT1003,Phát triển ứng dụng,INT1003_L01,tich_hop,2.0,1.5,2.2290657,6.6262784,3.9374728,3.5973535,3.2446215,7.6824985,4.511651788439069,Nguy co rot mon,4.841491,4.511651788439069,D,An toan
SV1288,Vũ Ngọc Đức,INT1003,Phát triển ứng dụng,INT1003_L01,tich_hop,2.0,1.5,2.3872201,4.0606604,1.0512881,7.7986984,4.4019403,3.105561,3.615013054439,An toan,5.1020665,3.615013054439,F,Nguy co rot mon
SV1288,Vũ Ngọc Đức,GDQP102,Giáo dục quốc phòng*,GDQP102_L01,ly_thuyet,3.0,0.0,6.8032627,3.015153,2.8207085,7.8723073,3.989073,6.8273134,5.0959296226501465,An toan,0.0,5.0959296226501465,D+,An toan
SV1289,Phạm Hoàng Linh,INT1002,Cơ sở dữ liệu,INT1002_L01,ly_thuyet,3.0,0.0,4.199461,4.6269817,2.315198,4.241224,8.974742,7.896823,1.5589452981948853,Nguy co rot mon,0.0,1.5589452981948853,F,Nguy co rot mon
SV1289,Phạm Hoàng Linh,INT1003,Phát triển ứng dụng,INT1003_L01,tich_hop,2.0,1.5,2.6904747,3.3612487,1.0723011,9.565766,5.794305,4.1070075,4.1379684039524625,Nguy co rot mon,6.4890265,4.1379684039524625,D,An toan
SV1289,Phạm Hoàng Linh,INT1001,Lập trình Python,INT1001_L01,tich_hop,2.0,1.0,4.936562,2.8666246,5.305594,8.375578,4.270663,3.7752101,4.737667560577393,An toan,5.4738164,4.737667560577393,D,An toan
SV1289,Phạm Hoàng Linh,GDTC101,Giáo dục thể chất 1*,GDTC101_L01,thuc_hanh,0.0,1.0,6.176602,9.471002,3.934369,8.572842,7.0407505,3.4582767,8.611226081848145,An toan,6.35729,8.611226081848145,A,An toan
SV1290,Hoàng Minh Đức,GDQP102,Giáo dục quốc phòng*,GDQP102_L01,ly_thuyet,3.0,0.0,4.8979216,6.356917,9.155725,9.406336,8.4102955,7.7240105,1.9362139701843262,Nguy co rot mon,0.0,1.9362139701843262,F,Nguy co rot mon
SV1290,Hoàng Minh Đức,INT1003,Phát triển ứng dụng,INT1003_L01,tich_hop,2.0,1.5,3.064703,5.787265,1.8579984,9.715576,5.740329,7.8401637,5.36800343649728,An toan,7.765356,5.36800343649728,D+,An toan
SV1290,Hoàng Minh Đức,INT1002,Cơ sở dữ liệu,INT1002_L01,ly_thuyet,3.0,0.0,4.9883265,3.868734,1.7088827,5.3075356,9.379787,5.3679886,4.473111629486084,An toan,0.0,4.473111629486084,D,An toan
SV1290,Hoàng Minh Đức,GDTC101,Giáo dục thể chất 1*,GDTC101_L01,thuc_hanh,0.0,1.0,3.849702,4.4905286,6.9752364,6.288214,4.2584877,5.5139213,3.6958670616149902,Nguy co rot mon,5.353541,3.6958670616149902,F,Nguy co rot mon
SV1291,Trần Ngọc Khoa,INT1003,Phát triển ứng dụng,INT1003_L01,tich_hop,2.0,1.5,4.1128645,7.8766174,1.2051995,4.081085,3.552218,5.105077,4.333041259220669,Nguy co rot mon,4.2461267,4.333041259220669,D,An toan
SV1291,Trần Ngọc Khoa,GDTC101,Giáo dục thể chất 1*,GDTC101_L01,thuc_hanh,0.0,1.0,8.020597,9.958314,1.6196258,7.15942,7.928098,5.521938,4.741252422332764,An toan,6.869819,4.741252422332764,D,An toan
SV1292,Đỗ Văn Đức,GDTC101,Giáo dục thể chất 1*,GDTC101_L01,thuc_hanh,0.0,1.0,7.249786,9.47826,8.579493,4.7732,5.3991666,5.6931825,2.9274182319641113,Nguy co rot mon,5.2885165,2.9274182319641113,F,Nguy co rot mon
SV1292,Đỗ Văn Đức,INT1003,Phát triển ứng dụng,INT1003_L01,tich_hop,2.0,1.5,4.068327,9.148406,8.491823,9.639504,3.4908724,5.4195633,6.7849546160016745,Nguy co rot mon,6.1833134,6.7849546160016745,C+,An toan
SV1292,Đỗ Văn Đức,INT1001,Lập trình Python,INT1001_L01,tich_hop,2.0,1.0,4.607699,6.726377,3.5019953,5.2005124,5.817559,8.702605,5.488090833028157,An toan,6.573559,5.488090833028157,D+,An toan
SV1293,Đặng Ngọc Đức,INT1002,Cơ sở dữ liệu,INT1002_L01,ly_thuyet,3.0,0.0,5.083101,8.673154,9.198403,6.5495067,3.1498675,3.6972265,3.9665920734405518,Nguy co rot mon,0.0,3.9665920734405518,F,Nguy co rot mon
SV1293,Đặng Ngọc Đức,INT1003,Phát triển ứng dụng,INT1003_L01,tich_hop,2.0,1.5,6.6050887,9.95401,8.414642,6.8161764,4.638188,5.917419,7.238586357661656,Nguy co rot mon,5.7905946,7.238586357661656,B,An toan
SV1293,Đặng Ngọc Đức,GDQP102,Giáo dục quốc phòng*,GDQP102_L01,ly_thuyet,3.0,0.0,3.1548123,9.303052,4.228425,8.985516,3.729899,7.4622803,4.242451190948486,An toan,0.0,4.242451190948486,D,An toan
SV1294,Phạm Thị Phương,INT1001,Lập trình Python,INT1001_L01,tich_hop,2.0,1.0,7.0400677,5.1508884,8.124578,7.80758,5.584925,5.0698843,6.565940062204997,An toan,6.1541305,6.565940062204997,C+,An toan
SV1294,Phạm Thị Phương,GDTC101,Giáo dục thể chất 1*,GDTC101_L01,thuc_hanh,0.0,1.0,7.2993298,4.7801914,5.6942706,4.591852,7.016201,4.189184,8.951410293579102,An toan,5.2657456,8.951410293579102,A,An toan
SV1294,Phạm Thị Phương,GDQP102,Giáo dục quốc phòng*,GDQP102_L01,ly_thuyet,3.0,0.0,8.371128,9.371125,1.978612,8.763603,4.036754,3.3919334,9.343799591064453,An toan,0.0,9.343799591064453,A+,An toan
SV1294,Phạm Thị Phương,INT1003,Phát triển ứng dụng,INT1003_L01,tich_hop,2.0,1.5,7.561409,7.738711,2.686263,6.9721932,7.9946947,8.951082,6.842830317361014,An toan,7.9726567,6.842830317361014,C+,An toan
SV1295,Hoàng Hoàng Đức,INT1003,Phát triển ứng dụng,INT1003_L01,tich_hop,2.0,1.5,3.2424483,7.465879,7.959525,3.768813,4.0041533,4.681013,5.334921496255057,An toan,4.1513267,5.334921496255057,D+,An toan
SV1295,Hoàng Hoàng Đức,GDQP102,Giáo dục quốc phòng*,GDQP102_L01,ly_thuyet,3.0,0.0,8.57403,8.298952,8.2084465,6.0192466,3.0548062,4.507836,6.988892078399658,An toan,0.0,6.988892078399658,C+,An toan
SV1295,Hoàng Hoàng Đức,INT1001,Lập trình Python,INT1001_L01,tich_hop,2.0,1.0,8.928932,3.7355175,8.36631,7.8717947,9.719864,6.959411,7.40139897664388,An toan,8.18369,7.40139897664388,B,An toan
SV1296,Vũ Hoàng Bình,INT1001,Lập trình Python,INT1001_L01,tich_hop,2.0,1.0,4.2126126,8.501656,4.2682986,7.416236,3.5513315,4.6829443,5.512849648793538,Nguy co rot mon,5.2168374,5.512849648793538,C,An toan
SV1296,Vũ Hoàng Bình,GDTC101,Giáo dục thể chất 1*,GDTC101_L01,thuc_hanh,0.0,1.0,4.833401,2.2444773,5.1899996,6.810562,3.0668168,5.4419546,8.256997108459473,An toan,5.1064444,8.256997108459473,B+,An toan
SV1296,Vũ Hoàng Bình,INT1002,Cơ sở dữ liệu,INT1002_L01,ly_thuyet,3.0,0.0,4.1168303,4.581955,8.072102,8.297982,3.7832725,9.26713,3.1026759147644043,Nguy co rot mon,0.0,3.1026759147644043,F,Nguy co rot mon
SV1297,Trần Tuấn Phương,INT1001,Lập trình Python,INT1001_L01,tich_hop,2.0,1.0,7.792651,5.768137,5.967323,5.440421,9.8899555,9.59437,7.108996709187825,An toan,8.308249,7.108996709187825,B,An toan
SV1297,Trần Tuấn Phương,GDQP102,Giáo dục quốc phòng*,GDQP102_L01,ly_thuyet,3.0,0.0,5.4254985,9.000313,9.428612,5.8066034,3.87177,8.740871,1.040019154548645,Nguy co rot mon,0.0,1.040019154548645,F,Nguy co rot mon
SV1297,Trần Tuấn Phương,GDTC101,Giáo dục thể chất 1*,GDTC101_L01,thuc_hanh,0.0,1.0,7.894787,6.188155,7.3742986,7.7171745,6.3289332,5.230797,1.0194851160049438,Nguy co rot mon,6.425635,1.0194851160049438,F,Nguy co rot mon
SV1298,Lê Văn Bình,INT1002,Cơ sở dữ liệu,INT1002_L01,ly_thuyet,3.0,0.0,5.6469374,3.8955321,9.204703,5.9230227,5.7550473,5.8580184,1.6375705003738403,Nguy co rot mon,0.0,1.6375705003738403,F,Nguy co rot mon
SV1298,Lê Văn Bình,INT1001,Lập trình Python,INT1001_L01,tich_hop,2.0,1.0,3.1501043,5.5134087,1.0142491,9.891145,9.017398,8.931827,5.2439883550008135,An toan,9.280124,5.2439883550008135,D+,An toan
SV1299,Đỗ Hải Đức,INT1002,Cơ sở dữ liệu,INT1002_L01,ly_thuyet,3.0,0.0,8.348115,8.160068,9.450174,3.275006,8.761574,9.494194,8.127767562866211,An toan,0.0,8.127767562866211,B+,An toan
SV1299,Đỗ Hải Đức,INT1003,Phát triển ứng dụng,INT1003_L01,tich_hop,2.0,1.5,7.3651114,8.673119,1.0081565,5.1390953,5.2889867,4.024616,5.311601911272321,An toan,4.817566,5.311601911272321,D+,An toan
SV1299,Đỗ Hải Đức,INT1001,Lập trình Python,INT1001_L01,tich_hop,2.0,1.0,9.430353,6.271569,9.192538,4.6280203,8.978603,3.466386,7.429103056589763,Nguy co rot mon,5.6910033,7.429103056589763,B,An toan
SV1300,Vũ Tuấn Phương,GDTC101,Giáo dục thể chất 1*,GDTC101_L01,thuc_hanh,0.0,1.0,7.892038,9.904948,2.5139992,3.8627326,4.040321,7.767174,4.242983818054199,An toan,5.223409,4.242983818054199,D,An toan
SV1300,Vũ Tuấn Phương,INT1002,Cơ sở dữ liệu,INT1002_L01,ly_thuyet,3.0,0.0,4.3774652,9.80374,3.0712287,9.359381,3.452843,6.0991087,9.286038398742676,An toan,0.0,9.286038398742676,A+,An toan
SV1300,Vũ Tuấn Phương,INT1003,Phát triển ứng dụng,INT1003_L01,tich_hop,2.0,1.5,3.8423626,8.180859,9.084783,7.1253824,7.0717816,7.099709,7.062982491084507,Nguy co rot mon,7.0989575,7.062982491084507,B,An toan
SV1300,Vũ Tuấn Phương,GDQP102,Giáo dục quốc phòng*,GDQP102_L01,ly_thuyet,3.0,0.0,4.230382,6.7892585,6.108831,9.215245,7.448009,9.179624,6.75233793258667,An toan,0.0,6.75233793258667,C+,An toan
SV1301,Phạm Hoàng Đức,INT1002,Cơ sở dữ liệu,INT1002_L01,ly_thuyet,3.0,0.0,9.300429,8.136436,6.427037,8.703536,3.94846,4.385298,0.08676101267337799,Nguy co rot mon,0.0,0.08676101267337799,F,Nguy co rot mon
SV1301,Phạm Hoàng Đức,INT1001,Lập trình Python,INT1001_L01,tich_hop,2.0,1.0,6.364833,5.957479,1.4708022,8.409519,5.613145,9.771912,5.708977858225505,An toan,7.9315248,5.708977858225505,C,An toan
SV1301,Phạm Hoàng Đức,INT1003,Phát triển ứng dụng,INT1003_L01,tich_hop,2.0,1.5,5.297267,7.8874946,7.01516,6.9528346,8.798188,8.976211,7.380066054207938,Nguy co rot mon,8.242412,7.380066054207938,B,An toan
SV1301,Phạm Hoàng Đức,GDQP102,Giáo dục quốc phòng*,GDQP102_L01,ly_thuyet,3.0,0.0,5.741361,2.818765,3.6794379,8.094745,9.369486,6.7884026,2.197350263595581,Nguy co rot mon,0.0,2.197350263595581,F,Nguy co rot mon
SV1302,Lê Hải Chinh,INT1001,Lập trình Python,INT1001_L01,tich_hop,2.0,1.0,5.9044824,2.1114657,8.67856,6.8086214,6.518899,8.656475,6.152556896209717,An toan,7.3279986,6.152556896209717,C+,An toan
SV1302,Lê Hải Chinh,GDQP102,Giáo dục quốc phòng*,GDQP102_L01,ly_thuyet,3.0,0.0,6.2530947,3.4605298,1.4797843,6.752736,7.9664803,9.399626,2.2344279289245605,Nguy co rot mon,0.0,2.2344279289245605,F,Nguy co rot mon
SV1302,Lê Hải Chinh,INT1003,Phát triển ứng dụng,INT1003_L01,tich_hop,2.0,1.5,8.520441,4.005014,6.4417224,6.573281,4.6517305,8.106334,6.374416555677142,Nguy co rot mon,6.4437814,6.374416555677142,C+,An toan
SV1303,Bùi Thu Anh,INT1003,Phát triển ứng dụng,INT1003_L01,tich_hop,2.0,1.5,3.3734376,5.2501307,3.7179067,4.2667384,5.4630504,5.6131625,4.54260744367327,An toan,5.114317,4.54260744367327,D,An toan
SV1303,Bùi Thu Anh,GDTC101,Giáo dục thể chất 1*,GDTC101_L01,thuc_hanh,0.0,1.0,6.8541875,9.280004,4.6149316,7.7171683,5.501653,9.263001,9.997259140014648,An toan,7.493941,9.997259140014648,A+,An toan
SV1304,Phan Thị Linh,INT1003,Phát triển ứng dụng,INT1003_L01,tich_hop,2.0,1.5,7.514296,3.5341883,1.3416343,3.929431,7.5294027,6.876823,4.9794022015162875,An toan,6.1118855,4.9794022015162875,D,An toan
SV1304,Phan Thị Linh,GDTC101,Giáo dục thể chất 1*,GDTC101_L01,thuc_hanh,0.0,1.0,7.9681096,3.3953,4.294166,8.26934,6.5249114,4.0445223,1.5494074821472168,Nguy co rot mon,6.2795906,1.5494074821472168,F,Nguy co rot mon
SV1304,Phan Thị Linh,INT1001,Lập trình Python,INT1001_L01,tich_hop,2.0,1.0,6.9953957,8.3816,4.049612,3.79217,7.2663193,4.0731,5.998311837514241,Nguy co rot mon,5.043863,5.998311837514241,C,An toan
SV1304,Phan Thị Linh,INT1002,Cơ sở dữ liệu,INT1002_L01,ly_thuyet,3.0,0.0,2.4200947,3.0886126,2.4369392,7.951344,7.261375,3.515065,7.827270984649658,An toan,0.0,7.827270984649658,B,An toan
SV1305,Trần Tuấn Phương,GDTC101,Giáo dục thể chất 1*,GDTC101_L01,thuc_hanh,0.0,1.0,2.1282198,5.6382985,4.9325705,7.7252164,3.9737904,9.594902,6.484801292419434,An toan,7.0979695,6.484801292419434,C+,An toan
SV1305,Trần Tuấn Phương,INT1001,Lập trình Python,INT1001_L01,tich_hop,2.0,1.0,7.6107078,4.275124,6.515127,6.4664845,9.483102,4.46548,6.357442696889241,An toan,6.805022,6.357442696889241,C+,An toan
SV1305,Trần Tuấn Phương,GDQP102,Giáo dục quốc phòng*,GDQP102_L01,ly_thuyet,3.0,0.0,9.978733,7.4358115,5.58872,8.710819,9.394521,4.3305373,3.727975606918335,Nguy co rot mon,0.0,3.727975606918335,F,Nguy co rot mon
SV1306,Vũ Tuấn Khoa,INT1002,Cơ sở dữ liệu,INT1002_L01,ly_thuyet,3.0,0.0,4.408767,5.4521194,9.328934,7.026972,6.1890144,6.8102765,4.903088092803955,An toan,0.0,4.903088092803955,D,An toan
SV1306,Vũ Tuấn Khoa,INT1001,Lập trình Python,INT1001_L01,tich_hop,2.0,1.0,7.4416428,4.265204,8.878048,6.395731,9.507867,8.139534,7.245880126953125,Nguy co rot mon,8.014378,7.245880126953125,B,An toan
SV1307,Phạm Hải Hùng,GDQP102,Giáo dục quốc phòng*,GDQP102_L01,ly_thuyet,3.0,0.0,9.131004,4.1350274,6.397369,8.982945,6.1433325,5.0981817,1.2522425651550293,Nguy co rot mon,0.0,1.2522425651550293,F,Nguy co rot mon
SV1307,Phạm Hải Hùng,INT1001,Lập trình Python,INT1001_L01,tich_hop,2.0,1.0,4.8058267,3.190829,1.6223809,9.229795,4.3339067,8.300641,4.566935062408447,An toan,7.288114,4.566935062408447,D,An toan
SV1307,Phạm Hải Hùng,INT1003,Phát triển ứng dụng,INT1003_L01,tich_hop,2.0,1.5,8.210869,3.6072292,4.9828734,6.1112547,3.6586869,4.884429,5.293666635240827,An toan,4.88479,5.293666635240827,D+,An toan
SV1308,Phan Đức Vy,GDTC101,Giáo dục thể chất 1*,GDTC101_L01,thuc_hanh,0.0,1.0,6.4156427,3.429322,6.7012553,3.258347,8.6613865,3.579885,0.49706870317459106,Nguy co rot mon,5.1665397,0.49706870317459106,F,Nguy co rot mon
SV1308,Phan Đức Vy,INT1001,Lập trình Python,INT1001_L01,tich_hop,2.0,1.0,2.0835528,8.955732,7.6468997,9.577026,3.1787744,4.7025,6.092296918233235,An toan,5.819433,6.092296918233235,C+,An toan
SV1309,Phan Thị Trang,INT1001,Lập trình Python,INT1001_L01,tich_hop,2.0,1.0,5.553436,5.7681074,4.847665,7.408379,7.303063,5.9981756,5.89422607421875,Nguy co rot mon,6.903206,5.89422607421875,C,An toan
SV1309,Phan Thị Trang,GDTC101,Giáo dục thể chất 1*,GDTC101_L01,thuc_hanh,0.0,1.0,6.0785275,2.4911237,7.0402384,7.855208,9.374942,3.8105347,8.20688247680664,An toan,7.0135617,8.20688247680664,B+,An toan
SV1310,Phạm Văn Vy,INT1001,Lập trình Python,INT1001_L01,tich_hop,2.0,1.0,5.7964845,3.8907695,4.5138307,4.4723687,5.1945896,9.239873,5.256555239359538,Nguy co rot mon,6.3022766,5.256555239359538,D+,An toan
SV1310,Phạm Văn Vy,INT1003,Phát triển ứng dụng,INT1003_L01,tich_hop,2.0,1.5,9.64243,2.7927675,7.213497,5.606354,8.023302,4.053417,6.268761771065848,An toan,5.8943577,6.268761771065848,C+,An toan
SV1311,Đặng Minh Nam,INT1001,Lập trình Python,INT1001_L01,tich_hop,2.0,1.0,3.405581,5.1967573,4.803174,4.8312488,9.845031,7.4936404,5.442327340443929,Nguy co rot mon,7.389973,5.442327340443929,D+,An toan
SV1311,Đặng Minh Nam,INT1002,Cơ sở dữ liệu,INT1002_L01,ly_thuyet,3.0,0.0,3.1269526,4.213887,7.6665845,9.034686,3.766043,3.2923584,9.727580070495605,An toan,0.0,9.727580070495605,A+,An toan
SV1312,Hoàng Ngọc Bình,INT1001,Lập trình Python,INT1001_L01,tich_hop,2.0,1.0,8.987674,9.278597,6.276949,4.712998,4.3020225,8.210954,7.368045965830485,Nguy co rot mon,5.7419915,7.368045965830485,B,An toan
SV1312,Hoàng Ngọc Bình,GDQP102,Giáo dục quốc phòng*,GDQP102_L01,ly_thuyet,3.0,0.0,5.8690596,9.03304,3.4278228,4.4636774,6.452562,9.138735,7.936596393585205,An toan,0.0,7.936596393585205,B,An toan
SV1313,Phan Thị An,INT1003,Phát triển ứng dụng,INT1003_L01,tich_hop,2.0,1.5,4.2607875,3.3816943,6.725617,9.216286,6.3798227,4.5398684,5.613348824637277,An toan,6.7119923,5.613348824637277,C,An toan
SV1313,Phan Thị An,INT1001,Lập trình Python,INT1001_L01,tich_hop,2.0,1.0,2.9037805,9.828169,5.0246415,6.317919,8.251255,7.912273,6.44384749730428,Nguy co rot mon,7.493816,6.44384749730428,C+,An toan
SV1313,Phan Thị An,GDTC101,Giáo dục thể chất 1*,GDTC101_L01,thuc_hanh,0.0,1.0,9.843347,5.5090647,6.524564,7.6454735,6.68827,6.261098,0.3366475999355316,Nguy co rot mon,6.864947,0.3366475999355316,F,Nguy co rot mon
SV1313,Phan Thị An,INT1002,Cơ sở dữ liệu,INT1002_L01,ly_thuyet,3.0,0.0,7.4431424,6.3353677,1.7297238,9.893741,9.334503,6.423252,4.615957260131836,An toan,0.0,4.615957260131836,D,An toan
SV1314,Bùi Đức An,INT1001,Lập trình Python,INT1001_L01,tich_hop,2.0,1.0,2.6927876,6.8901644,9.757414,8.705674,7.6162887,4.753253,6.639549732208252,Nguy co rot mon,7.0250716,6.639549732208252,C+,An toan
SV1314,Bùi Đức An,GDQP102,Giáo dục quốc phòng*,GDQP102_L01,ly_thuyet,3.0,0.0,6.370366,9.364811,1.4361234,3.021739,7.797532,5.9995756,9.499695777893066,An toan,0.0,9.499695777893066,A+,An toan
SV1314,Bùi Đức An,INT1003,Phát triển ứng dụng,INT1003_L01,tich_hop,2.0,1.5,8.42046,3.0000398,7.6084757,5.7652755,4.9446225,6.5582123,6.091439928327288,Nguy co rot mon,5.7560368,6.091439928327288,C+,An toan
SV1315,Hoàng Thị Anh,INT1002,Cơ sở dữ liệu,INT1002_L01,ly_thuyet,3.0,0.0,3.5446084,3.2983913,9.3832245,9.695838,9.86367,5.8077188,5.95557975769043,An toan,0.0,5.95557975769043,C,An toan
SV1315,Hoàng Thị Anh,INT1003,Phát triển ứng dụng,INT1003_L01,tich_hop,2.0,1.5,6.297093,9.083897,7.9194183,9.971816,7.851571,9.095,8.28365693773542,Nguy co rot mon,8.972796,8.28365693773542,B+,An toan
SV1316,Vũ Văn Vy,INT1001,Lập trình Python,INT1001_L01,tich_hop,2.0,1.0,3.9666398,3.8515682,9.729714,9.467239,4.1880956,9.194428,6.438400745391846,Nguy co rot mon,7.616587,6.438400745391846,C+,An toan
SV1316,Vũ Văn Vy,GDTC101,Giáo dục thể chất 1*,GDTC101_L01,thuc_hanh,0.0,1.0,6.1849704,5.483302,5.679895,5.9818435,3.0107503,9.223057,9.62366771697998,An toan,6.0718837,9.62366771697998,A+,An toan
SV1317,Trần Thu Hùng,GDQP102,Giáo dục quốc phòng*,GDQP102_L01,ly_thuyet,3.0,0.0,6.440599,2.2985387,4.755655,5.6163425,7.451425,4.8846593,3.907083749771118,Nguy co rot mon,0.0,3.907083749771118,F,Nguy co rot mon
SV1317,Trần Thu Hùng,INT1001,Lập trình Python,INT1001_L01,tich_hop,2.0,1.0,8.952466,5.308341,3.3683238,3.215846,5.0488734,9.654389,5.908596833546956,An toan,5.9730363,5.908596833546956,C,An toan
SV1317,Trần Thu Hùng,INT1002,Cơ sở dữ liệu,INT1002_L01,ly_thuyet,3.0,0.0,9.216236,7.13963,8.39,3.8081386,4.664846,5.7768517,9.878962516784668,An toan,0.0,9.878962516784668,A+,An toan
SV1317,Trần Thu Hùng,INT1003,Phát triển ứng dụng,INT1003_L01,tich_hop,2.0,1.5,9.196296,7.8962417,3.3163352,7.9132175,8.364748,3.3359146,6.68938718523298,An toan,6.53796,6.68938718523298,C+,An toan
SV1318,Hoàng Tuấn Chinh,INT1003,Phát triển ứng dụng,INT1003_L01,tich_hop,2.0,1.5,5.374996,7.3449497,7.978945,3.0551593,3.2086797,5.3070207,5.59562577520098,An toan,3.8569534,5.59562577520098,C,An toan
SV1318,Hoàng Tuấn Chinh,GDQP102,Giáo dục quốc phòng*,GDQP102_L01,ly_thuyet,3.0,0.0,8.635791,4.002019,7.6784163,8.6725445,4.9502482,4.555499,6.818249225616455,An toan,0.0,6.818249225616455,C+,An toan
SV1318,Hoàng Tuấn Chinh,INT1001,Lập trình Python,INT1001_L01,tich_hop,2.0,1.0,8.910695,7.4361186,8.759482,9.716723,8.927372,7.8995104,8.528466860453287,An toan,8.847869,8.528466860453287,A,An toan
SV1318,Hoàng Tuấn Chinh,INT1002,Cơ sở dữ liệu,INT1002_L01,ly_thuyet,3.0,0.0,8.698943,9.362762,8.838321,4.291685,6.6847544,5.457331,7.388568878173828,An toan,0.0,7.388568878173828,B,An toan
SV1319,Đỗ Ngọc Trang,GDQP102,Giáo dục quốc phòng*,GDQP102_L01,ly_thuyet,3.0,0.0,6.7785096,5.0777044,8.167381,8.953689,9.71928,3.4408035,9.759835243225098,An toan,0.0,9.759835243225098,A+,An toan
SV1319,Đỗ Ngọc Trang,INT1001,Lập trình Python,INT1001_L01,tich_hop,2.0,1.0,5.725069,8.872752,5.9204817,7.5114436,9.226925,6.8907013,7.185074965159099,An toan,7.8763566,7.185074965159099,B,An toan
SV1320,Trần Thị Nam,INT1002,Cơ sở dữ liệu,INT1002_L01,ly_thuyet,3.0,0.0,9.018132,6.1505055,8.866653,8.899309,9.078003,3.4816658,0.09542343765497208,Nguy co rot mon,0.0,0.09542343765497208,F,Nguy co rot mon
SV1320,Trần Thị Nam,INT1003,Phát triển ứng dụng,INT1003_L01,tich_hop,2.0,1.5,9.452821,8.88845,1.9409592,6.1140494,9.190892,7.616609,7.137789249420166,An toan,7.6405168,7.137789249420166,B,An toan
SV1321,Đỗ Thị Anh,INT1003,Phát triển ứng dụng,INT1003_L01,tich_hop,2.0,1.5,9.024363,8.003838,6.4081163,4.110408,6.34694,6.0136585,6.817061288016183,An toan,5.4903355,6.817061288016183,C+,An toan
SV1321,Đỗ Thị Anh,INT1002,Cơ sở dữ liệu,INT1002_L01,ly_thuyet,3.0,0.0,3.1952078,2.4069955,7.392551,8.007951,7.394061,3.457871,0.08689010143280029,Nguy co rot mon,0.0,0.08689010143280029,F,Nguy co rot mon
SV1321,Đỗ Thị Anh,GDTC101,Giáo dục thể chất 1*,GDTC101_L01,thuc_hanh,0.0,1.0,8.656049,9.112762,5.6449375,3.9247966,7.8493958,6.3774157,5.089032173156738,An toan,6.0505357,5.089032173156738,D+,An toan
SV1321,Đỗ Thị Anh,INT1001,Lập trình Python,INT1001_L01,tich_hop,2.0,1.0,2.3033853,9.780307,8.479822,4.77496,5.5808063,4.2158055,6.1887335777282715,An toan,4.8571906,6.1887335777282715,C+,An toan
SV1322,Đỗ Ngọc Phương,INT1001,Lập trình Python,INT1001_L01,tich_hop,2.0,1.0,8.399707,9.23815,8.445623,9.326068,7.1347,3.3724868,8.000023682912191,An toan,6.6110845,8.000023682912191,B+,An toan
SV1322,Đỗ Ngọc Phương,INT1003,Phát triển ứng dụng,INT1003_L01,tich_hop,2.0,1.5,2.007994,4.41242,8.539144,5.911588,9.976184,4.4433174,5.753880841391427,An toan,6.7770295,5.753880841391427,C,An toan
SV1322,Đỗ Ngọc Phương,INT1002,Cơ sở dữ liệu,INT1002_L01,ly_thuyet,3.0,0.0,3.549511,7.950902,6.1935983,7.9774427,6.9822454,4.5657306,3.421154260635376,Nguy co rot mon,0.0,3.421154260635376,F,Nguy co rot mon
SV1323,Đỗ Thu Linh,INT1002,Cơ sở dữ liệu,INT1002_L01,ly_thuyet,3.0,0.0,9.357092,5.266416,9.752309,3.2460852,4.698572,6.949122,1.0343291759490967,Nguy co rot mon,0.0,1.0343291759490967,F,Nguy co rot mon
SV1323,Đỗ Thu Linh,GDQP102,Giáo dục quốc phòng*,GDQP102_L01,ly_thuyet,3.0,0.0,8.502951,8.499288,9.2460165,7.719102,9.598723,9.127491,3.987358331680298,Nguy co rot mon,0.0,3.987358331680298,F,Nguy co rot mon
SV1323,Đỗ Thu Linh,INT1003,Phát triển ứng dụng,INT1003_L01,tich_hop,2.0,1.5,3.987172,6.0777664,5.2068605,3.3524835,7.4344587,3.8615477,5.001555510929653,Nguy co rot mon,4.88283,5.001555510929653,D+,An toan
SV1323,Đỗ Thu Linh,GDTC101,Giáo dục thể chất 1*,GDTC101_L01,thuc_hanh,0.0,1.0,4.042028,4.520195,6.3689017,9.955599,5.046807,3.8049502,7.497635364532471,An toan,6.269119,7.497635364532471,B,An toan
SV1324,Lê Văn Chinh,INT1003,Phát triển ứng dụng,INT1003_L01,tich_hop,2.0,1.5,3.7853954,2.8917558,2.3988225,6.220078,6.38106,3.556998,4.0370621000017435,Nguy co rot mon,5.3860455,4.0370621000017435,D,An toan
SV1324,Lê Văn Chinh,GDQP102,Giáo dục quốc phòng*,GDQP102_L01,ly_thuyet,3.0,0.0,5.100385,7.277161,6.411331,3.7105062,7.3380766,4.5820217,7.058633804321289,An toan,0.0,7.058633804321289,B,An toan
SV1324,Lê Văn Chinh,GDTC101,Giáo dục thể chất 1*,GDTC101_L01,thuc_hanh,0.0,1.0,6.351719,7.4474,3.306143,9.337911,6.458893,6.5108433,1.7205179929733276,Nguy co rot mon,7.4358826,1.7205179929733276,F,Nguy co rot mon
SV1324,Lê Văn Chinh,INT1002,Cơ sở dữ liệu,INT1002_L01,ly_thuyet,3.0,0.0,5.3004417,7.6452465,5.1841316,9.302707,9.679417,3.6039956,7.427436351776123,An toan,0.0,7.427436351776123,B,An toan
SV1325,Bùi Thị Trang,INT1001,Lập trình Python,INT1001_L01,tich_hop,2.0,1.0,6.2005615,6.795698,8.064726,6.6658883,6.219291,9.575539,7.175854365030925,Nguy co rot mon,7.486906,7.175854365030925,B,An toan
SV1325,Bùi Thị Trang,INT1002,Cơ sở dữ liệu,INT1002_L01,ly_thuyet,3.0,0.0,6.865688,2.4452453,4.6286697,4.127291,7.50224,6.599249,7.138509750366211,An toan,0.0,7.138509750366211,B,An toan
SV1325,Bùi Thị Trang,GDQP102,Giáo dục quốc phòng*,GDQP102_L01,ly_thuyet,3.0,0.0,3.1229198,3.2485414,5.44202,7.5929675,5.7968802,4.563848,0.07754639536142349,Nguy co rot mon,0.0,0.07754639536142349,F,Nguy co rot mon
SV1325,Bùi Thị Trang,INT1003,Phát triển ứng dụng,INT1003_L01,tich_hop,2.0,1.5,3.6309836,3.4465306,2.94627,7.298337,5.68098,9.26752,5.087412084851946,An toan,7.4156127,5.087412084851946,D+,An toan
SV1326,Hoàng Hải Hùng,INT1003,Phát triển ứng dụng,INT1003_L01,tich_hop,2.0,1.5,9.405281,8.970486,9.535215,5.7093525,9.666572,8.673062,8.75194685799735,An toan,8.016329,8.75194685799735,A,An toan
SV1326,Hoàng Hải Hùng,INT1002,Cơ sở dữ liệu,INT1002_L01,ly_thuyet,3.0,0.0,9.866154,3.4482799,5.1599007,5.970133,3.406224,8.097821,2.0214457511901855,Nguy co rot mon,0.0,2.0214457511901855,F,Nguy co rot mon
SV1326,Hoàng Hải Hùng,GDTC101,Giáo dục thể chất 1*,GDTC101_L01,thuc_hanh,0.0,1.0,2.7587109,6.7515054,3.9218116,4.7024055,4.6606507,7.3053455,0.6082034111022949,Nguy co rot mon,5.5561337,0.6082034111022949,F,Nguy co rot mon
SV1327,Lê Thảo Bình,GDQP102,Giáo dục quốc phòng*,GDQP102_L01,ly_thuyet,3.0,0.0,4.3388658,3.6999533,2.9425552,6.8513093,6.184073,7.7068353,0.14152780175209045,Nguy co rot mon,0.0,0.14152780175209045,F,Nguy co rot mon
SV1327,Lê Thảo Bình,INT1003,Phát triển ứng dụng,INT1003_L01,tich_hop,2.0,1.5,4.2154064,3.40218,6.9371004,8.702642,6.9921193,6.3995476,5.928650924137661,Nguy co rot mon,7.3647695,5.928650924137661,C,An toan
SV1327,Lê Thảo Bình,INT1002,Cơ sở dữ liệu,INT1002_L01,ly_thuyet,3.0,0.0,7.9211316,5.42995,7.5306106,5.114406,4.9079623,8.317234,8.539192199707031,An toan,0.0,8.539192199707031,A,An toan
SV1328,Vũ Đức Nam,GDQP102,Giáo dục quốc phòng*,GDQP102_L01,ly_thuyet,3.0,0.0,8.039803,4.2574697,9.050436,5.2318516,5.6056404,3.8707016,7.781270980834961,An toan,0.0,7.781270980834961,B,An toan
SV1328,Vũ Đức Nam,INT1001,Lập trình Python,INT1001_L01,tich_hop,2.0,1.0,3.5694973,6.970897,5.638044,9.303711,4.531226,4.898056,5.676652272542317,An toan,6.2443314,5.676652272542317,C,An toan
SV1328,Vũ Đức Nam,INT1003,Phát triển ứng dụng,INT1003_L01,tich_hop,2.0,1.5,5.320288,3.307198,9.537329,4.8415184,8.899521,8.041397,6.571741172245571,Nguy co rot mon,7.2608123,6.571741172245571,C+,An toan
SV1329,Đỗ Thị Linh,INT1002,Cơ sở dữ liệu,INT1002_L01,ly_thuyet,3.0,0.0,8.379262,2.7115784,3.3914995,3.042725,7.825747,3.0047193,7.3382792472839355,An toan,0.0,7.3382792472839355,B,An toan
SV1329,Đỗ Thị Linh,INT1001,Lập trình Python,INT1001_L01,tich_hop,2.0,1.0,5.7315483,7.681861,4.5107107,9.670918,3.6525693,3.0058696,5.7975107828776045,Nguy co rot mon,5.443119,5.7975107828776045,C,An toan
SV1329,Đỗ Thị Linh,GDTC101,Giáo dục thể chất 1*,GDTC101_L01,thuc_hanh,0.0,1.0,5.6832404,2.4568179,7.326958,8.566341,6.6350226,3.3165262,1.0864834785461426,Nguy co rot mon,6.1726303,1.0864834785461426,F,Nguy co rot mon
SV1329,Đỗ Thị Linh,GDQP102,Giáo dục quốc phòng*,GDQP102_L01,ly_thuyet,3.0,0.0,4.0064015,3.0992537,8.337181,5.5921474,8.716265,9.065722,7.511695861816406,An toan,0.0,7.511695861816406,B,An toan
SV1330,Vũ Ngọc Phương,INT1002,Cơ sở dữ liệu,INT1002_L01,ly_thuyet,3.0,0.0,2.1251628,4.803476,6.103661,4.489731,5.99668,4.8513517,4.258038520812988,An toan,0.0,4.258038520812988,D,An toan
SV1330,Vũ Ngọc Phương,INT1003,Phát triển ứng dụng,INT1003_L01,tich_hop,2.0,1.5,2.3553252,6.0049725,5.281122,4.475892,8.790111,4.8616476,5.188030311039516,Nguy co rot mon,6.0425506,5.188030311039516,D+,An toan
SV1330,Vũ Ngọc Phương,INT1001,Lập trình Python,INT1001_L01,tich_hop,2.0,1.0,9.97922,5.692664,8.912222,6.3849735,9.48108,7.0830436,8.013034343719482,An toan,7.6496987,8.013034343719482,B+,An toan
SV1330,Vũ Ngọc Phương,GDTC101,Giáo dục thể chất 1*,GDTC101_L01,thuc_hanh,0.0,1.0,6.2684975,7.151564,8.7072935,3.2340991,3.8194003,4.594671,0.7953821420669556,Nguy co rot mon,3.8827236,0.7953821420669556,F,Nguy co rot mon
SV1331,Lê Thu Anh,GDQP102,Giáo dục quốc phòng*,GDQP102_L01,ly_thuyet,3.0,0.0,9.799061,2.340525,6.923138,7.732788,5.23768,7.2509747,2.492565155029297,Nguy co rot mon,0.0,2.492565155029297,F,Nguy co rot mon
SV1331,Lê Thu Anh,GDTC101,Giáo dục thể chất 1*,GDTC101_L01,thuc_hanh,0.0,1.0,2.8887415,5.38416,9.257991,8.507555,9.960797,5.013324,6.120269775390625,An toan,7.827226,6.120269775390625,C+,An toan
SV1331,Lê Thu Anh,INT1003,Phát triển ứng dụng,INT1003_L01,tich_hop,2.0,1.5,4.3965487,7.2168317,4.2744675,6.7662325,7.77192,6.6493278,6.05303989137922,An toan,7.062494,6.05303989137922,C+,An toan
SV1331,Lê Thu Anh,INT1001,Lập trình Python,INT1001_L01,tich_hop,2.0,1.0,3.9893446,9.006428,1.3096539,9.192432,4.1719995,5.519534,5.277201970418294,An toan,6.294655,5.277201970418294,D+,An toan
SV1332,Nguyễn Văn Trang,INT1003,Phát triển ứng dụng,INT1003_L01,tich_hop,2.0,1.5,6.8182673,4.5975327,7.363925,9.648908,4.4017076,4.7139297,6.257739748273577,An toan,6.2548485,6.257739748273577,C+,An toan
SV1332,Nguyễn Văn Trang,INT1002,Cơ sở dữ liệu,INT1002_L01,ly_thuyet,3.0,0.0,6.3775897,4.9862804,3.86698,9.035116,7.3598313,9.195135,0.5993437170982361,Nguy co rot mon,0.0,0.5993437170982361,F,Nguy co rot mon
SV1332,Nguyễn Văn Trang,INT1001,Lập trình Python,INT1001_L01,tich_hop,2.0,1.0,3.5912123,9.099958,8.46024,7.343851,3.3334684,5.2339797,6.4682356516520185,Nguy co rot mon,5.3037663,6.4682356516520185,C+,An toan
SV1333,Trần Ngọc Nam,INT1003,Phát triển ứng dụng,INT1003_L01,tich_hop,2.0,1.5,5.675298,6.123401,6.8569727,8.151316,5.5910134,4.2822976,6.128407955169678,An toan,6.0082088,6.128407955169678,C+,An toan
SV1333,Trần Ngọc Nam,INT1001,Lập trình Python,INT1001_L01,tich_hop,2.0,1.0,6.134828,4.94676,8.562382,5.099326,4.706393,5.353026,6.049631913503011,An toan,5.052915,6.049631913503011,C+,An toan
SV1334,Đỗ Ngọc Hùng,INT1001,Lập trình Python,INT1001_L01,tich_hop,2.0,1.0,7.02546,5.6948175,3.139431,3.4292815,9.911062,3.1289454,5.354300657908122,An toan,5.489763,5.354300657908122,D+,An toan
SV1334,Đỗ Ngọc Hùng,GDQP102,Giáo dục quốc phòng*,GDQP102_L01,ly_thuyet,3.0,0.0,6.58822,9.503564,5.7438064,5.30808,6.3369837,6.679574,1.8726763725280762,Nguy co rot mon,0.0,1.8726763725280762,F,Nguy co rot mon
SV1335,Trần Ngọc Nam,GDQP102,Giáo dục quốc phòng*,GDQP102_L01,ly_thuyet,3.0,0.0,3.3315358,3.3145435,9.313439,8.400175,5.2388825,7.7048726,6.066580772399902,An toan,0.0,6.066580772399902,C+,An toan
SV1335,Trần Ngọc Nam,INT1002,Cơ sở dữ liệu,INT1002_L01,ly_thuyet,3.0,0.0,6.483241,9.483063,4.439804,5.599531,5.871973,3.358073,4.246127605438232,An toan,0.0,4.246127605438232,D,An toan
SV1335,Trần Ngọc Nam,INT1001,Lập trình Python,INT1001_L01,tich_hop,2.0,1.0,2.7057664,3.8046415,4.7766604,4.8111563,4.4323244,8.90299,4.524511973063151,An toan,6.048824,4.524511973063151,D,An toan
SV1335,Trần Ngọc Nam,GDTC101,Giáo dục thể chất 1*,GDTC101_L01,thuc_hanh,0.0,1.0,7.9381914,2.4143133,9.76267,5.8239503,7.6720934,3.9814866,4.2487616539001465,An toan,5.825844,4.2487616539001465,D,An toan
SV1336,Trần Tuấn Vy,INT1001,Lập trình Python,INT1001_L01,tich_hop,2.0,1.0,2.1702557,4.0025682,9.52355,9.022564,8.088515,9.062528,6.396261850992839,An toan,8.724536,6.396261850992839,C+,An toan
SV1336,Trần Tuấn Vy,GDQP102,Giáo dục quốc phòng*,GDQP102_L01,ly_thuyet,3.0,0.0,6.216503,8.55642,3.732077,8.261097,6.457141,3.8328097,8.031777381896973,An toan,0.0,8.031777381896973,B+,An toan
SV1336,Trần Tuấn Vy,INT1002,Cơ sở dữ liệu,INT1002_L01,ly_thuyet,3.0,0.0,7.5438204,2.9862194,9.509407,5.208364,5.1036277,3.667608,8.79658317565918,An toan,0.0,8.79658317565918,A,An toan
SV1336,Trần Tuấn Vy,GDTC101,Giáo dục thể chất 1*,GDTC101_L01,thuc_hanh,0.0,1.0,7.301689,8.281963,3.8989947,5.7999735,4.537861,7.178455,2.1367502212524414,Nguy co rot mon,5.8387628,2.1367502212524414,F,Nguy co rot mon
SV1337,Hoàng Hải Chinh,INT1002,Cơ sở dữ liệu,INT1002_L01,ly_thuyet,3.0,0.0,6.3126464,7.667112,5.947635,3.0967095,4.629465,3.9204829,2.4241771697998047,Nguy co rot mon,0.0,2.4241771697998047,F,Nguy co rot mon
SV1337,Hoàng Hải Chinh,INT1003,Phát triển ứng dụng,INT1003_L01,tich_hop,2.0,1.5,8.260253,6.4351583,5.1691966,7.3344793,7.322843,6.9195147,6.866140025002616,Nguy co rot mon,7.1922784,6.866140025002616,C+,An toan
SV1338,Phan Minh Linh,INT1003,Phát triển ứng dụng,INT1003_L01,tich_hop,2.0,1.5,7.3708324,2.7156029,3.6699147,9.712184,7.802337,8.4166765,6.324713979448591,An toan,8.643733,6.324713979448591,C+,An toan
SV1338,Phan Minh Linh,INT1001,Lập trình Python,INT1001_L01,tich_hop,2.0,1.0,4.42227,6.9818535,2.4323595,3.9321828,3.5659213,9.314853,4.942880471547444,Nguy co rot mon,5.604319,4.942880471547444,D,An toan
SV1338,Phan Minh Linh,GDTC101,Giáo dục thể chất 1*,GDTC101_L01,thuc_hanh,0.0,1.0,9.149971,8.81906,9.417714,5.0146165,5.3743234,8.62832,4.683818340301514,An toan,6.3390865,4.683818340301514,D,An toan
SV1338,Phan Minh Linh,INT1002,Cơ sở dữ liệu,INT1002_L01,ly_thuyet,3.0,0.0,6.9405913,2.294051,2.2831259,4.3238983,9.9801035,4.834241,2.7815568447113037,Nguy co rot mon,0.0,2.7815568447113037,F,Nguy co rot mon
SV1339,Hoàng Tuấn Chinh,INT1002,Cơ sở dữ liệu,INT1002_L01,ly_thuyet,3.0,0.0,9.360024,7.3189535,1.0974884,9.30238,5.8650203,5.429997,1.8477672338485718,Nguy co rot mon,0.0,1.8477672338485718,F,Nguy co rot mon
SV1339,Hoàng Tuấn Chinh,INT1001,Lập trình Python,INT1001_L01,tich_hop,2.0,1.0,3.385516,8.040506,1.977816,9.116563,7.4424005,5.4579387,5.42495330174764,Nguy co rot mon,7.338968,5.42495330174764,D+,An toan
SV1339,Hoàng Tuấn Chinh,GDTC101,Giáo dục thể chất 1*,GDTC101_L01,thuc_hanh,0.0,1.0,4.610872,4.886055,9.599902,5.3152595,7.280894,5.1865706,9.069623947143555,An toan,5.9275746,9.069623947143555,A+,An toan
SV1340,Bùi Hoàng Trang,GDTC101,Giáo dục thể chất 1*,GDTC101_L01,thuc_hanh,0.0,1.0,4.4637437,9.106457,7.545845,4.6649103,5.8180428,4.3895197,4.611541748046875,An toan,4.957491,4.611541748046875,D,An toan
SV1340,Bùi Hoàng Trang,GDQP102,Giáo dục quốc phòng*,GDQP102_L01,ly_thuyet,3.0,0.0,7.665414,3.1262798,1.966697,5.9496775,3.9030614,8.722628,9.243289947509766,An toan,0.0,9.243289947509766,A+,An toan
SV1341,Trần Thu Chinh,GDTC101,Giáo dục thể chất 1*,GDTC101_L01,thuc_hanh,0.0,1.0,4.5128593,7.6102166,3.0511537,6.0953097,6.610556,9.030582,9.375662803649902,An toan,7.245483,9.375662803649902,A+,An toan
SV1341,Trần Thu Chinh,GDQP102,Giáo dục quốc phòng*,GDQP102_L01,ly_thuyet,3.0,0.0,7.0607147,6.07785,6.942877,3.5402324,3.3073933,3.1437767,8.323872566223145,An toan,0.0,8.323872566223145,B+,An toan
SV1341,Trần Thu Chinh,INT1001,Lập trình Python,INT1001_L01,tich_hop,2.0,1.0,4.4665675,4.8942337,4.2991295,9.300928,5.3458343,3.1091511,5.008419672648112,An toan,5.918638,5.008419672648112,D+,An toan
SV1341,Trần Thu Chinh,INT1003,Phát triển ứng dụng,INT1003_L01,tich_hop,2.0,1.5,9.2721,2.48879,9.926325,3.8274803,9.253342,9.498244,7.356479372297015,An toan,7.5263557,7.356479372297015,B,An toan
SV1342,Phạm Văn Trang,INT1001,Lập trình Python,INT1001_L01,tich_hop,2.0,1.0,4.8918386,2.625132,2.9907467,9.067764,4.1807337,5.7054095,4.441037813822429,Nguy co rot mon,6.317969,4.441037813822429,D,An toan
SV1342,Phạm Văn Trang,GDQP102,Giáo dục quốc phòng*,GDQP102_L01,ly_thuyet,3.0,0.0,3.9273276,5.890716,5.3219085,3.8944118,6.651372,5.981143,4.684901237487793,An toan,0.0,4.684901237487793,D,An toan
SV1342,Phạm Văn Trang,GDTC101,Giáo dục thể chất 1*,GDTC101_L01,thuc_hanh,0.0,1.0,9.686547,8.188577,7.28246,7.5905514,3.4492962,9.008018,6.243474006652832,An toan,6.6826215,6.243474006652832,C+,An toan
SV1342,Phạm Văn Trang,INT1002,Cơ sở dữ liệu,INT1002_L01,ly_thuyet,3.0,0.0,8.664979,6.7184887,7.1303225,7.441891,3.4422832,8.952789,6.564090728759766,An toan,0.0,6.564090728759766,C+,An toan
SV1343,Trần Văn Trang,GDQP102,Giáo dục quốc phòng*,GDQP102_L01,ly_thuyet,3.0,0.0,3.2300055,3.1373763,8.688273,3.512051,5.4411716,8.652313,9.912605285644531,An toan,0.0,9.912605285644531,A+,An toan
SV1343,Trần Văn Trang,GDTC101,Giáo dục thể chất 1*,GDTC101_L01,thuc_hanh,0.0,1.0,9.862505,5.3209414,3.2103848,6.601527,8.661208,5.240969,9.586569786071777,An toan,6.834568,9.586569786071777,A+,An toan
SV1343,Trần Văn Trang,INT1002,Cơ sở dữ liệu,INT1002_L01,ly_thuyet,3.0,0.0,2.2874384,9.734762,1.1815407,8.186014,5.5419536,7.430635,6.509822845458984,An toan,0.0,6.509822845458984,C+,An toan
SV1343,Trần Văn Trang,INT1003,Phát triển ứng dụng,INT1003_L01,tich_hop,2.0,1.5,2.061958,3.4975152,6.6304293,4.741995,8.163385,5.0454206,4.886286326817104,An toan,5.9836006,4.886286326817104,D,An toan
SV1344,Bùi Ngọc Trang,GDQP102,Giáo dục quốc phòng*,GDQP102_L01,ly_thuyet,3.0,0.0,3.7943366,4.9231396,9.712137,9.1099205,5.406241,7.8700004,8.3599214553833,An toan,0.0,8.3599214553833,B+,An toan
SV1344,Bùi Ngọc Trang,INT1003,Phát triển ứng dụng,INT1003_L01,tich_hop,2.0,1.5,9.201438,9.830108,8.755034,3.2446308,5.3743854,4.3817286,7.149930953979492,Nguy co rot mon,4.333582,7.149930953979492,B,An toan
SV1344,Bùi Ngọc Trang,INT1001,Lập trình Python,INT1001_L01,tich_hop,2.0,1.0,7.072361,2.313859,8.797424,9.678294,8.884395,4.6102047,6.615575631459554,An toan,7.724298,6.615575631459554,C+,An toan
SV1345,Lê Tuấn Đức,GDTC101,Giáo dục thể chất 1*,GDTC101_L01,thuc_hanh,0.0,1.0,2.4827209,6.326715,7.2369785,5.7053633,4.2089763,5.4486346,6.989116191864014,An toan,5.120991,6.989116191864014,C+,An toan
SV1345,Lê Tuấn Đức,INT1003,Phát triển ứng dụng,INT1003_L01,tich_hop,2.0,1.5,4.0970507,6.994086,2.9944627,4.145459,5.7152047,6.851788,5.070464611053467,An toan,5.5708175,5.070464611053467,D+,An toan
SV1346,Phan Minh Phương,INT1003,Phát triển ứng dụng,INT1003_L01,tich_hop,2.0,1.5,6.057638,5.831024,9.66912,8.567136,7.9807634,5.8177176,7.301331996917725,An toan,7.4552054,7.301331996917725,B,An toan
SV1346,Phan Minh Phương,GDQP102,Giáo dục quốc phòng*,GDQP102_L01,ly_thuyet,3.0,0.0,5.7585754,6.33522,9.9578905,3.8130412,6.8071194,6.895554,3.1532299518585205,Nguy co rot mon,0.0,3.1532299518585205,F,Nguy co rot mon
SV1346,Phan Minh Phương,INT1001,Lập trình Python,INT1001_L01,tich_hop,2.0,1.0,3.480597,9.864899,1.1342474,7.159736,6.659267,3.5124664,5.143439610799153,An toan,5.777157,5.143439610799153,D+,An toan
SV1346,Phan Minh Phương,INT1002,Cơ sở dữ liệu,INT1002_L01,ly_thuyet,3.0,0.0,4.283595,6.9379687,7.596292,9.026636,4.29169,7.182872,6.134255886077881,An toan,0.0,6.134255886077881,C+,An toan
SV1347,Nguyễn Thu An,INT1001,Lập trình Python,INT1001_L01,tich_hop,2.0,1.0,9.406103,8.767818,8.088732,7.235753,4.1731606,9.257535,8.132417519887289,An toan,6.8888164,8.132417519887289,B+,An toan
SV1347,Nguyễn Thu An,GDQP102,Giáo dục quốc phòng*,GDQP102_L01,ly_thuyet,3.0,0.0,2.1586664,6.235534,3.5774715,4.4520407,5.9377728,5.89308,2.373579502105713,Nguy co rot mon,0.0,2.373579502105713,F,Nguy co rot mon
SV1347,Nguyễn Thu An,INT1002,Cơ sở dữ liệu,INT1002_L01,ly_thuyet,3.0,0.0,6.233658,3.8449128,8.589294,4.2919345,7.0918436,6.081909,6.206641674041748,An toan,0.0,6.206641674041748,C+,An toan
SV1347,Nguyễn Thu An,INT1003,Phát triển ứng dụng,INT1003_L01,tich_hop,2.0,1.5,9.570131,2.424975,5.7103033,3.438605,3.830824,9.794167,5.810115473611014,An toan,5.687865,5.810115473611014,C,An toan
SV1348,Phan Ngọc Trang,INT1002,Cơ sở dữ liệu,INT1002_L01,ly_thuyet,3.0,0.0,9.177872,8.198619,4.0456476,4.559055,7.9027495,5.317532,5.787095069885254,An toan,0.0,5.787095069885254,C,An toan
SV1348,Phan Ngọc Trang,INT1003,Phát triển ứng dụng,INT1003_L01,tich_hop,2.0,1.5,2.5938325,5.857903,5.493033,8.43076,6.3406277,8.195944,5.937193734305246,An toan,7.655777,5.937193734305246,C,An toan
SV1349,Đỗ Thu Vy,GDTC101,Giáo dục thể chất 1*,GDTC101_L01,thuc_hanh,0.0,1.0,5.1377883,8.629018,7.4073114,4.1546807,3.7564385,8.705269,4.885185718536377,An toan,5.538796,4.885185718536377,D,An toan
SV1349,Đỗ Thu Vy,GDQP102,Giáo dục quốc phòng*,GDQP102_L01,ly_thuyet,3.0,0.0,2.5148044,4.0347686,4.7695355,5.9417214,5.6007767,9.273645,4.957469463348389,An toan,0.0,4.957469463348389,D,An toan
SV1350,Vũ Thảo An,INT1003,Phát triển ứng dụng,INT1003_L01,tich_hop,2.0,1.5,2.3107631,8.479816,3.6843588,7.8747435,7.9422708,5.3806815,5.785373415265765,An toan,7.065899,5.785373415265765,C,An toan
SV1350,Vũ Thảo An,INT1002,Cơ sở dữ liệu,INT1002_L01,ly_thuyet,3.0,0.0,9.829798,8.102149,1.6318746,9.712915,4.7782497,5.6868567,2.9193100929260254,Nguy co rot mon,0.0,2.9193100929260254,F,Nguy co rot mon
SV1350,Vũ Thảo An,GDQP102,Giáo dục quốc phòng*,GDQP102_L01,ly_thuyet,3.0,0.0,7.740943,7.619244,1.8469142,4.8624063,3.3021984,6.7146325,8.283674240112305,An toan,0.0,8.283674240112305,B+,An toan
SV1351,Phạm Tuấn An,INT1003,Phát triển ứng dụng,INT1003_L01,tich_hop,2.0,1.5,5.446162,5.1151257,2.7670813,6.5643983,4.833233,9.053659,5.460349764142718,Nguy co rot mon,6.8170967,5.460349764142718,D+,An toan
SV1351,Phạm Tuấn An,GDTC101,Giáo dục thể chất 1*,GDTC101_L01,thuc_hanh,0.0,1.0,3.1418555,3.7519581,6.408333,7.194077,3.7292113,4.988104,1.5402363538742065,Nguy co rot mon,5.3037972,1.5402363538742065,F,Nguy co rot mon
SV1351,Phạm Tuấn An,INT1002,Cơ sở dữ liệu,INT1002_L01,ly_thuyet,3.0,0.0,2.2081242,6.760092,6.3244886,5.065913,4.604292,6.2457423,6.465290069580078,An toan,0.0,6.465290069580078,C+,An toan
SV1351,Phạm Tuấn An,GDQP102,Giáo dục quốc phòng*,GDQP102_L01,ly_thuyet,3.0,0.0,2.8241246,4.0599937,7.794135,3.7389402,6.7236996,9.401303,5.804218769073486,An toan,0.0,5.804218769073486,C,An toan
SV1352,Hoàng Văn Vy,INT1003,Phát triển ứng dụng,INT1003_L01,tich_hop,2.0,1.5,8.506432,5.127861,4.0616746,4.5143614,9.637701,5.9120526,6.236962386540005,An toan,6.6880383,6.236962386540005,C+,An toan
SV1352,Hoàng Văn Vy,INT1001,Lập trình Python,INT1001_L01,tich_hop,2.0,1.0,2.8543766,2.8535142,4.6225605,6.809043,9.63865,7.2895193,4.93312390645345,An toan,7.9124045,4.93312390645345,D,An toan
SV1353,Phan Văn Hùng,GDTC101,Giáo dục thể chất 1*,GDTC101_L01,thuc_hanh,0.0,1.0,9.887624,5.361993,3.0430794,3.459629,3.708956,8.447593,2.506625175476074,Nguy co rot mon,5.2053924,2.506625175476074,F,Nguy co rot mon
SV1353,Phan Văn Hùng,INT1001,Lập trình Python,INT1001_L01,tich_hop,2.0,1.0,5.708954,6.670316,5.653469,8.686373,5.097192,7.3956904,6.360526084899902,An toan,7.0597515,6.360526084899902,C+,An toan
SV1354,Phan Thu Đức,INT1002,Cơ sở dữ liệu,INT1002_L01,ly_thuyet,3.0,0.0,4.993334,9.78562,9.191888,7.7153316,9.062997,3.2831495,8.04792594909668,An toan,0.0,8.04792594909668,B+,An toan
SV1354,Phan Thu Đức,GDQP102,Giáo dục quốc phòng*,GDQP102_L01,ly_thuyet,3.0,0.0,4.4321127,2.8183374,9.717216,5.52761,4.3007226,4.1382694,0.8676366806030273,Nguy co rot mon,0.0,0.8676366806030273,F,Nguy co rot mon
SV1354,Phan Thu Đức,GDTC101,Giáo dục thể chất 1*,GDTC101_L01,thuc_hanh,0.0,1.0,5.216105,9.307143,9.1877,5.1850815,7.8617425,4.114525,5.358190536499023,An toan,5.7204494,5.358190536499023,D+,An toan
SV1354,Phan Thu Đức,INT1001,Lập trình Python,INT1001_L01,tich_hop,2.0,1.0,6.2179127,2.1265116,3.0857418,5.8794436,6.823763,3.3148866,4.319825172424316,An toan,5.3393645,4.319825172424316,D,An toan
SV1355,Vũ Hải Linh,INT1002,Cơ sở dữ liệu,INT1002_L01,ly_thuyet,3.0,0.0,2.0360336,2.2321951,3.666927,5.7616057,5.4478707,9.311582,5.028258800506592,An toan,0.0,5.028258800506592,D+,An toan
SV1355,Vũ Hải Linh,INT1003,Phát triển ứng dụng,INT1003_L01,tich_hop,2.0,1.5,5.478842,3.3788137,4.2967477,5.8634605,4.849865,4.982643,4.747881957462856,An toan,5.2319894,4.747881957462856,D,An toan
SV1355,Vũ Hải Linh,INT1001,Lập trình Python,INT1001_L01,tich_hop,2.0,1.0,8.614389,9.37426,5.7171197,8.841428,4.0159316,4.137497,7.156265735626221,An toan,5.664952,7.156265735626221,B,An toan
SV1356,Đặng Thu Đức,INT1003,Phát triển ứng dụng,INT1003_L01,tich_hop,2.0,1.5,5.395509,6.8493347,7.475839,5.0103173,8.019022,9.784512,7.015441826411656,Nguy co rot mon,7.6046166,7.015441826411656,B,An toan
SV1356,Đặng Thu Đức,INT1002,Cơ sở dữ liệu,INT1002_L01,ly_thuyet,3.0,0.0,5.2607775,2.0253663,8.817914,8.528565,7.121983,9.833146,3.2840511798858643,Nguy co rot mon,0.0,3.2840511798858643,F,Nguy co rot mon
SV1356,Đặng Thu Đức,GDQP102,Giáo dục quốc phòng*,GDQP102_L01,ly_thuyet,3.0,0.0,9.868543,4.908145,7.842528,4.1404014,3.7118456,8.975098,0.7446520924568176,Nguy co rot mon,0.0,0.7446520924568176,F,Nguy co rot mon
SV1356,Đặng Thu Đức,GDTC101,Giáo dục thể chất 1*,GDTC101_L01,thuc_hanh,0.0,1.0,2.1673827,8.379804,2.866754,5.5242357,5.7708554,9.576311,1.301889181137085,Nguy co rot mon,6.9571342,1.301889181137085,F,Nguy co rot mon
SV1357,Đỗ Tuấn Nam,INT1003,Phát triển ứng dụng,INT1003_L01,tich_hop,2.0,1.5,6.4160213,7.294427,7.653659,5.1117477,6.3232307,3.5583441,6.211256844656808,Nguy co rot mon,4.997774,6.211256844656808,C+,An toan
SV1357,Đỗ Tuấn Nam,GDTC101,Giáo dục thể chất 1*,GDTC101_L01,thuc_hanh,0.0,1.0,8.220371,5.6673546,8.227157,8.876197,7.16301,6.233135,0.7316199541091919,Nguy co rot mon,7.424114,0.7316199541091919,F,Nguy co rot mon
SV1358,Hoàng Ngọc Trang,INT1001,Lập trình Python,INT1001_L01,tich_hop,2.0,1.0,7.7549243,8.160456,9.724086,8.59212,7.9114113,6.7885756,8.28567123413086,An toan,7.764036,8.28567123413086,B+,An toan
SV1358,Hoàng Ngọc Trang,INT1002,Cơ sở dữ liệu,INT1002_L01,ly_thuyet,3.0,0.0,3.15491,4.247657,3.2859004,9.193406,8.50852,3.3908827,2.10158109664917,Nguy co rot mon,0.0,2.10158109664917,F,Nguy co rot mon
SV1358,Hoàng Ngọc Trang,GDTC101,Giáo dục thể chất 1*,GDTC101_L01,thuc_hanh,0.0,1.0,8.754167,6.094726,4.926859,8.737258,6.153501,4.8693905,9.405678749084473,An toan,6.586716,9.405678749084473,A+,An toan
SV1359,Đỗ Tuấn Vy,GDTC101,Giáo dục thể chất 1*,GDTC101_L01,thuc_hanh,0.0,1.0,2.603905,9.64735,6.4862704,9.581408,6.942468,5.7346005,5.590895652770996,An toan,7.4194922,5.590895652770996,C,An toan
SV1359,Đỗ Tuấn Vy,GDQP102,Giáo dục quốc phòng*,GDQP102_L01,ly_thuyet,3.0,0.0,8.170827,4.498834,4.2138953,3.5331442,6.554221,5.930826,9.664870262145996,An toan,0.0,9.664870262145996,A+,An toan
SV1359,Đỗ Tuấn Vy,INT1003,Phát triển ứng dụng,INT1003_L01,tich_hop,2.0,1.5,7.2158985,3.931687,9.408638,7.362709,9.529734,7.2519226,7.364666393824986,Nguy co rot mon,8.048121,7.364666393824986,B,An toan
SV1360,Lê Ngọc Trang,GDTC101,Giáo dục thể chất 1*,GDTC101_L01,thuc_hanh,0.0,1.0,3.1250074,3.3336573,4.44506,5.4683347,3.2297244,5.774404,9.097990036010742,An toan,4.8241544,9.097990036010742,A+,An toan
SV1360,Lê Ngọc Trang,INT1001,Lập trình Python,INT1001_L01,tich_hop,2.0,1.0,8.946503,8.574195,8.816261,9.253128,4.7760077,7.567231,8.252254327138266,An toan,7.198789,8.252254327138266,B+,An toan
SV1360,Lê Ngọc Trang,INT1003,Phát triển ứng dụng,INT1003_L01,tich_hop,2.0,1.5,7.674954,7.986556,4.2213597,3.6369796,3.928042,6.933544,5.858436856951032,An toan,4.832855,5.858436856951032,C,An toan
SV1360,Lê Ngọc Trang,GDQP102,Giáo dục quốc phòng*,GDQP102_L01,ly_thuyet,3.0,0.0,4.1112175,8.093852,1.6774156,9.319216,7.0429916,3.9971745,7.5226006507873535,An toan,0.0,7.5226006507873535,B,An toan
SV1361,Trần Đức Phương,GDQP102,Giáo dục quốc phòng*,GDQP102_L01,ly_thuyet,3.0,0.0,7.5460525,7.051623,1.3863661,9.946528,3.9020188,8.401273,6.949692726135254,An toan,0.0,6.949692726135254,C+,An toan
SV1361,Trần Đức Phương,INT1001,Lập trình Python,INT1001_L01,tich_hop,2.0,1.0,5.788386,9.410856,5.80541,9.497392,8.587509,9.52211,7.735145886739095,An toan,9.202336,7.735145886739095,B,An toan
SV1361,Trần Đức Phương,INT1003,Phát triển ứng dụng,INT1003_L01,tich_hop,2.0,1.5,7.9316797,7.573006,3.6194727,5.554048,4.5451875,4.4843745,5.726069927215576,An toan,4.8612037,5.726069927215576,C,An toan
SV1362,Đặng Minh Bình,INT1003,Phát triển ứng dụng,INT1003_L01,tich_hop,2.0,1.5,3.4772506,2.567147,7.0460196,9.699281,6.1489005,6.2054615,5.643933091844831,An toan,7.351214,5.643933091844831,C,An toan
SV1362,Đặng Minh Bình,INT1001,Lập trình Python,INT1001_L01,tich_hop,2.0,1.0,2.1081388,7.1429973,1.6387297,9.181183,6.311383,9.865347,5.237516085306804,An toan,8.452638,5.237516085306804,D+,An toan
SV1362,Đặng Minh Bình,INT1002,Cơ sở dữ liệu,INT1002_L01,ly_thuyet,3.0,0.0,2.53824,3.185223,4.8233156,9.559158,7.538609,9.471828,8.930221557617188,An toan,0.0,8.930221557617188,A,An toan
SV1362,Đặng Minh Bình,GDQP102,Giáo dục quốc phòng*,GDQP102_L01,ly_thuyet,3.0,0.0,3.6707668,3.7803357,6.905006,4.047707,3.4480567,4.9706807,4.262899398803711,An toan,0.0,4.262899398803711,D,An toan
SV1363,Đặng Hoàng Đức,INT1002,Cơ sở dữ liệu,INT1002_L01,ly_thuyet,3.0,0.0,4.5707493,5.8508806,5.4620724,3.0175369,8.772663,6.2067103,3.506807327270508,Nguy co rot mon,0.0,3.506807327270508,F,Nguy co rot mon
SV1363,Đặng Hoàng Đức,INT1003,Phát triển ứng dụng,INT1003_L01,tich_hop,2.0,1.5,7.268533,2.1270704,1.6847289,9.343253,6.381531,3.587607,4.869452476501465,An toan,6.4374638,4.869452476501465,D,An toan
SV1364,Bùi Thu Nam,INT1001,Lập trình Python,INT1001_L01,tich_hop,2.0,1.0,3.2062228,9.530901,8.618448,5.2485027,6.402946,6.999829,6.818046887715657,Nguy co rot mon,6.2170925,6.818046887715657,C+,An toan
SV1364,Bùi Thu Nam,GDQP102,Giáo dục quốc phòng*,GDQP102_L01,ly_thuyet,3.0,0.0,4.503748,9.857887,5.3699374,3.8925803,9.805205,5.563585,9.723691940307617,An toan,0.0,9.723691940307617,A+,An toan
SV1365,Bùi Thảo Phương,INT1001,Lập trình Python,INT1001_L01,tich_hop,2.0,1.0,7.9339194,8.993437,6.741077,7.5210214,6.9471364,7.388948,7.688219388326009,Nguy co rot mon,7.2857018,7.688219388326009,B,An toan
SV1365,Bùi Thảo Phương,GDTC101,Giáo dục thể chất 1*,GDTC101_L01,thuc_hanh,0.0,1.0,8.591494,6.3062277,7.6171002,4.7914615,4.4484773,4.863835,6.465914726257324,An toan,4.7012577,6.465914726257324,C+,An toan
SV1365,Bùi Thảo Phương,INT1003,Phát triển ứng dụng,INT1003_L01,tich_hop,2.0,1.5,2.3106835,9.244836,5.7943873,5.3171825,3.8223636,5.0682454,5.33442885535104,Nguy co rot mon,4.735931,5.33442885535104,D+,An toan
SV1365,Bùi Thảo Phương,GDQP102,Giáo dục quốc phòng*,GDQP102_L01,ly_thuyet,3.0,0.0,4.3927927,4.839188,3.096244,5.7149215,9.01968,9.3933325,1.4213329553604126,Nguy co rot mon,0.0,1.4213329553604126,F,Nguy co rot mon
SV1366,Phạm Hải Phương,GDQP102,Giáo dục quốc phòng*,GDQP102_L01,ly_thuyet,3.0,0.0,3.9696646,7.3202014,9.783436,4.1273565,3.4486935,7.1042485,5.681758403778076,An toan,0.0,5.681758403778076,C,An toan
SV1366,Phạm Hải Phương,INT1002,Cơ sở dữ liệu,INT1002_L01,ly_thuyet,3.0,0.0,7.577522,6.78572,7.4404645,6.1683345,9.101601,3.3913095,5.342249870300293,An toan,0.0,5.342249870300293,D+,An toan
SV1366,Phạm Hải Phương,GDTC101,Giáo dục thể chất 1*,GDTC101_L01,thuc_hanh,0.0,1.0,8.896257,6.745258,2.4207373,5.491153,3.941923,9.067695,3.057453155517578,Nguy co rot mon,6.1669235,3.057453155517578,F,Nguy co rot mon
SV1367,Bùi Đức An,GDQP102,Giáo dục quốc phòng*,GDQP102_L01,ly_thuyet,3.0,0.0,4.50702,7.2159886,6.7304726,6.7469234,6.8268824,6.4358153,0.08603905141353607,Nguy co rot mon,0.0,0.08603905141353607,F,Nguy co rot mon
SV1367,Bùi Đức An,INT1003,Phát triển ứng dụng,INT1003_L01,tich_hop,2.0,1.5,2.344687,8.5627985,4.984328,6.967084,7.1860633,8.796714,6.305563586098807,Nguy co rot mon,7.6499534,6.305563586098807,C+,An toan
SV1367,Bùi Đức An,GDTC101,Giáo dục thể chất 1*,GDTC101_L01,thuc_hanh,0.0,1.0,7.821987,6.497007,1.353943,9.972887,7.1481304,4.520622,8.975647926330566,An toan,7.21388,8.975647926330566,A,An toan
SV1367,Bùi Đức An,INT1002,Cơ sở dữ liệu,INT1002_L01,ly_thuyet,3.0,0.0,8.242079,2.7841132,9.214423,4.675681,4.4488497,8.801039,7.292075157165527,An toan,0.0,7.292075157165527,B,An toan
SV1368,Trần Thị An,INT1003,Phát triển ứng dụng,INT1003_L01,tich_hop,2.0,1.5,3.8637815,6.587063,7.400291,7.802332,9.481239,6.0931664,6.7397501809256415,An toan,7.792246,6.7397501809256415,C+,An toan
SV1368,Trần Thị An,INT1002,Cơ sở dữ liệu,INT1002_L01,ly_thuyet,3.0,0.0,8.078893,9.740266,8.600736,5.677559,4.911478,6.578748,6.0887675285339355,An toan,0.0,6.0887675285339355,C+,An toan
SV1368,Trần Thị An,INT1001,Lập trình Python,INT1001_L01,tich_hop,2.0,1.0,5.9248013,6.9275613,7.7540107,9.304224,4.3900604,6.892909,6.866659959157308,Nguy co rot mon,6.8623977,6.866659959157308,C+,An toan
SV1369,Đỗ Minh Hùng,GDQP102,Giáo dục quốc phòng*,GDQP102_L01,ly_thuyet,3.0,0.0,5.759586,6.961383,4.0461645,9.406881,9.518153,9.23938,0.0720006674528122,Nguy co rot mon,0.0,0.0720006674528122,F,Nguy co rot mon
SV1369,Đỗ Minh Hùng,INT1003,Phát triển ứng dụng,INT1003_L01,tich_hop,2.0,1.5,2.4518027,7.1225405,9.6775675,6.6593466,5.817889,7.4416146,6.512580530984061,An toan,6.6396165,6.512580530984061,C+,An toan
SV1370,Bùi Hải Chinh,INT1002,Cơ sở dữ liệu,INT1002_L01,ly_thuyet,3.0,0.0,9.793113,2.162705,6.1404767,6.417744,9.235206,9.302463,1.6563149690628052,Nguy co rot mon,0.0,1.6563149690628052,F,Nguy co rot mon
SV1370,Bùi Hải Chinh,INT1003,Phát triển ứng dụng,INT1003_L01,tich_hop,2.0,1.5,4.4812055,9.631291,4.183811,3.8199983,8.037395,9.14764,6.485730375562396,An toan,7.001678,6.485730375562396,C+,An toan
SV1370,Bùi Hải Chinh,GDTC101,Giáo dục thể chất 1*,GDTC101_L01,thuc_hanh,0.0,1.0,4.950802,8.250275,5.437116,5.7865844,6.6883616,3.764259,3.4664509296417236,Nguy co rot mon,5.4130683,3.4664509296417236,F,Nguy co rot mon
SV1370,Bùi Hải Chinh,GDQP102,Giáo dục quốc phòng*,GDQP102_L01,ly_thuyet,3.0,0.0,6.9065475,4.211256,6.480054,4.447674,6.7263603,6.0691895,9.630853652954102,An toan,0.0,9.630853652954102,A+,An toan
SV1371,Phạm Đức Anh,GDQP102,Giáo dục quốc phòng*,GDQP102_L01,ly_thuyet,3.0,0.0,6.936173,3.3870478,8.084371,4.0956645,6.681231,4.471683,6.885225772857666,An toan,0.0,6.885225772857666,C+,An toan
SV1371,Phạm Đức Anh,INT1001,Lập trình Python,INT1001_L01,tich_hop,2.0,1.0,3.5833457,9.231467,6.2448044,3.8989098,4.9794025,3.9476168,5.660573323567708,Nguy co rot mon,4.2753096,5.660573323567708,C,An toan
SV1371,Phạm Đức Anh,GDTC101,Giáo dục thể chất 1*,GDTC101_L01,thuc_hanh,0.0,1.0,3.3208578,8.672907,1.3445593,4.6148157,4.380745,5.4150796,1.8587294816970825,Nguy co rot mon,4.803547,1.8587294816970825,F,Nguy co rot mon
SV1372,Nguyễn Đức Khoa,INT1003,Phát triển ứng dụng,INT1003_L01,tich_hop,2.0,1.5,2.741144,8.452408,2.0220654,6.08148,3.4187322,8.9697895,5.155832086290632,An toan,6.156667,5.155832086290632,D+,An toan
SV1372,Nguyễn Đức Khoa,INT1001,Lập trình Python,INT1001_L01,tich_hop,2.0,1.0,9.067373,9.997421,8.771965,6.373152,7.9673796,6.1903863,8.467159907023111,An toan,6.8436394,8.467159907023111,B+,An toan
SV1372,Nguyễn Đức Khoa,INT1002,Cơ sở dữ liệu,INT1002_L01,ly_thuyet,3.0,0.0,2.9347112,9.194531,5.9145727,4.104611,7.3785048,6.0950656,8.587358474731445,An toan,0.0,8.587358474731445,A,An toan
SV1373,Lê Tuấn Vy,GDTC101,Giáo dục thể chất 1*,GDTC101_L01,thuc_hanh,0.0,1.0,3.3410466,4.131326,2.7373624,4.166288,6.6752543,8.721427,7.890006065368652,An toan,6.52099,7.890006065368652,B,An toan
SV1373,Lê Tuấn Vy,INT1002,Cơ sở dữ liệu,INT1002_L01,ly_thuyet,3.0,0.0,4.8440723,6.189021,4.0803065,6.1700206,5.370086,8.502683,1.977142095565796,Nguy co rot mon,0.0,1.977142095565796,F,Nguy co rot mon
SV1373,Lê Tuấn Vy,INT1001,Lập trình Python,INT1001_L01,tich_hop,2.0,1.0,5.4641714,9.570717,5.1924224,3.1508865,8.423807,9.117948,6.794140338897705,Nguy co rot mon,6.8975472,6.794140338897705,C+,An toan
SV1374,Trần Thu Chinh,INT1003,Phát triển ứng dụng,INT1003_L01,tich_hop,2.0,1.5,7.659102,8.262689,5.875778,9.361656,9.999812,4.2312317,7.522303649357387,An toan,7.8642335,7.522303649357387,B,An toan
SV1374,Trần Thu Chinh,INT1001,Lập trình Python,INT1001_L01,tich_hop,2.0,1.0,5.3333797,8.882802,2.2490902,6.060313,6.552663,8.359118,5.989181995391846,Nguy co rot mon,6.9906983,5.989181995391846,C,An toan
SV1374,Trần Thu Chinh,GDTC101,Giáo dục thể chất 1*,GDTC101_L01,thuc_hanh,0.0,1.0,4.8585453,2.816753,3.6600714,7.9039674,4.7120986,9.904602,2.65401291847229,Nguy co rot mon,7.5068893,2.65401291847229,F,Nguy co rot mon
SV1374,Trần Thu Chinh,GDQP102,Giáo dục quốc phòng*,GDQP102_L01,ly_thuyet,3.0,0.0,3.7558415,5.587789,7.2178755,3.5895865,6.3884788,4.3434663,9.291365623474121,An toan,0.0,9.291365623474121,A+,An toan
SV1375,Hoàng Hải An,GDQP102,Giáo dục quốc phòng*,GDQP102_L01,ly_thuyet,3.0,0.0,8.69942,6.785876,9.491189,7.4809675,7.177041,6.762888,0.0072234077379107475,Nguy co rot mon,0.0,0.0072234077379107475,F,Nguy co rot mon
SV1375,Hoàng Hải An,GDTC101,Giáo dục thể chất 1*,GDTC101_L01,thuc_hanh,0.0,1.0,2.7146811,8.36104,9.86213,8.951913,8.859553,5.127944,4.981961250305176,An toan,7.6464705,4.981961250305176,D,An toan
SV1375,Hoàng Hải An,INT1001,Lập trình Python,INT1001_L01,tich_hop,2.0,1.0,4.2818456,3.278424,8.419124,4.824595,9.718946,7.998822,6.055682977040608,Nguy co rot mon,7.5141206,6.055682977040608,C+,An toan
SV1376,Vũ Đức Bình,GDQP102,Giáo dục quốc phòng*,GDQP102_L01,ly_thuyet,3.0,0.0,8.078212,2.8231454,3.9458368,8.225119,7.3208804,3.4527786,3.31925368309021,Nguy co rot mon,0.0,3.31925368309021,F,Nguy co rot mon
SV1376,Vũ Đức Bình,GDTC101,Giáo dục thể chất 1*,GDTC101_L01,thuc_hanh,0.0,1.0,5.3274407,5.780964,8.434512,4.051358,5.27969,6.975485,4.048746109008789,An toan,5.435511,4.048746109008789,D,An toan
SV1377,Hoàng Văn Vy,GDQP102,Giáo dục quốc phòng*,GDQP102_L01,ly_thuyet,3.0,0.0,5.087946,7.2784696,9.677604,6.90599,6.390195,4.9934797,2.007777214050293,Nguy co rot mon,0.0,2.007777214050293,F,Nguy co rot mon
SV1377,Hoàng Văn Vy,INT1003,Phát triển ứng dụng,INT1003_L01,tich_hop,2.0,1.5,6.855758,3.8146708,5.373208,4.16137,6.0481906,9.276488,5.83965219770159,An toan,6.49535,5.83965219770159,C,An toan
SV1377,Hoàng Văn Vy,INT1002,Cơ sở dữ liệu,INT1002_L01,ly_thuyet,3.0,0.0,4.9767165,5.669594,8.454868,9.336427,8.600622,5.0367923,6.818447113037109,An toan,0.0,6.818447113037109,C+,An toan
SV1377,Hoàng Văn Vy,INT1001,Lập trình Python,INT1001_L01,tich_hop,2.0,1.0,7.4034657,3.0782256,5.085484,3.9001505,5.1864405,9.525137,5.527342001597087,An toan,6.2039094,5.527342001597087,C,An toan
SV1378,Phan Thu Hùng,GDTC101,Giáo dục thể chất 1*,GDTC101_L01,thuc_hanh,0.0,1.0,7.274686,9.475588,4.4286213,4.268111,7.8743277,9.440031,0.6239807605743408,Nguy co rot mon,7.1941566,0.6239807605743408,F,Nguy co rot mon
SV1378,Phan Thu Hùng,GDQP102,Giáo dục quốc phòng*,GDQP102_L01,ly_thuyet,3.0,0.0,2.9344296,8.637514,3.8641317,6.9786425,4.51892,7.743217,8.5718412399292,An toan,0.0,8.5718412399292,A,An toan
SV1378,Phan Thu Hùng,INT1002,Cơ sở dữ liệu,INT1002_L01,ly_thuyet,3.0,0.0,8.402833,9.322758,4.330739,5.720688,5.8860006,3.63703,6.419891357421875,An toan,0.0,6.419891357421875,C+,An toan
SV1379,Bùi Thị Anh,INT1002,Cơ sở dữ liệu,INT1002_L01,ly_thuyet,3.0,0.0,5.9979353,2.2199028,3.4866693,8.539978,5.2039413,4.5424843,6.8160319328308105,An toan,0.0,6.8160319328308105,C+,An toan
SV1379,Bùi Thị Anh,GDTC101,Giáo dục thể chất 1*,GDTC101_L01,thuc_hanh,0.0,1.0,5.2843213,9.635984,3.4456804,9.995577,9.540093,8.973726,9.454636573791504,An toan,9.503133,9.454636573791504,A+,An toan
SV1379,Bùi Thị Anh,INT1001,Lập trình Python,INT1001_L01,tich_hop,2.0,1.0,6.966424,6.9843493,5.4020233,6.6362133,9.713424,3.1198273,6.4638950030008955,An toan,6.489821,6.4638950030008955,C+,An toan
SV1380,Trần Hải Vy,GDTC101,Giáo dục thể chất 1*,GDTC101_L01,thuc_hanh,0.0,1.0,9.854685,2.6547973,6.120587,5.1864824,3.9074898,8.510729,2.3597397804260254,Nguy co rot mon,5.868234,2.3597397804260254,F,Nguy co rot mon
SV1380,Trần Hải Vy,INT1001,Lập trình Python,INT1001_L01,tich_hop,2.0,1.0,3.8956316,6.180269,2.8084216,3.432708,8.699037,3.7825453,4.631436824798584,Nguy co rot mon,5.3047633,4.631436824798584,D,An toan
SV1380,Trần Hải Vy,GDQP102,Giáo dục quốc phòng*,GDQP102_L01,ly_thuyet,3.0,0.0,2.3290632,3.348811,1.9183124,8.564932,4.671822,7.6673384,2.878498077392578,Nguy co rot mon,0.0,2.878498077392578,F,Nguy co rot mon
SV1380,Trần Hải Vy,INT1003,Phát triển ứng dụng,INT1003_L01,tich_hop,2.0,1.5,9.003122,5.185778,8.951159,9.789339,6.8961105,6.2546115,7.684781687600272,Nguy co rot mon,7.646687,7.684781687600272,B,An toan
SV1381,Phạm Tuấn Linh,INT1003,Phát triển ứng dụng,INT1003_L01,tich_hop,2.0,1.5,5.8476334,4.8615494,4.0188913,9.345163,7.3994226,4.7555685,5.87679842540196,An toan,7.166719,5.87679842540196,C,An toan
SV1381,Phạm Tuấn Linh,INT1002,Cơ sở dữ liệu,INT1002_L01,ly_thuyet,3.0,0.0,5.0525527,7.440314,8.006803,5.2513695,9.259057,5.1851816,2.8469150066375732,Nguy co rot mon,0.0,2.8469150066375732,F,Nguy co rot mon
SV1381,Phạm Tuấn Linh,INT1001,Lập trình Python,INT1001_L01,tich_hop,2.0,1.0,7.1248116,2.4189413,7.535203,7.8075833,3.403224,8.316989,5.965078989664714,An toan,6.509266,5.965078989664714,C,An toan
SV1382,Nguyễn Hải Phương,GDTC101,Giáo dục thể chất 1*,GDTC101_L01,thuc_hanh,0.0,1.0,3.6945221,6.4288006,8.381783,9.382675,8.21957,8.553091,0.5163498520851135,Nguy co rot mon,8.718446,0.5163498520851135,F,Nguy co rot mon
SV1382,Nguyễn Hải Phương,INT1003,Phát triển ứng dụng,INT1003_L01,tich_hop,2.0,1.5,3.8522317,4.4849253,8.390441,8.673471,6.9943404,3.7586594,5.961419514247349,An toan,6.4754906,5.961419514247349,C,An toan
SV1382,Nguyễn Hải Phương,GDQP102,Giáo dục quốc phòng*,GDQP102_L01,ly_thuyet,3.0,0.0,9.024468,7.0808654,7.2905073,9.023715,4.777997,5.4250426,1.1199803352355957,Nguy co rot mon,0.0,1.1199803352355957,F,Nguy co rot mon
SV1382,Nguyễn Hải Phương,INT1001,Lập trình Python,INT1001_L01,tich_hop,2.0,1.0,4.123948,7.119542,3.1010714,6.841382,9.895909,5.8188715,5.693920612335205,Nguy co rot mon,7.518721,5.693920612335205,C,An toan
SV1383,Đỗ Minh Nam,INT1003,Phát triển ứng dụng,INT1003_L01,tich_hop,2.0,1.5,4.62123,5.835291,3.391868,7.7141147,3.0874853,6.6734557,5.134224687303815,An toan,5.8250184,5.134224687303815,D+,An toan
SV1383,Đỗ Minh Nam,INT1002,Cơ sở dữ liệu,INT1002_L01,ly_thuyet,3.0,0.0,4.480314,3.6842108,4.4503617,5.479651,3.6350858,7.67524,1.6736735105514526,Nguy co rot mon,0.0,1.6736735105514526,F,Nguy co rot mon
SV1383,Đỗ Minh Nam,GDTC101,Giáo dục thể chất 1*,GDTC101_L01,thuc_hanh,0.0,1.0,9.905434,2.0676997,6.848236,4.0015893,4.1642256,9.184596,8.016860961914062,An toan,5.78347,8.016860961914062,B+,An toan
SV1384,Phạm Hoàng Vy,INT1003,Phát triển ứng dụng,INT1003_L01,tich_hop,2.0,1.5,2.6117175,2.3736956,7.693005,5.7056885,6.6032147,9.981846,5.599329607827323,An toan,7.4302497,5.599329607827323,C,An toan
SV1384,Phạm Hoàng Vy,INT1001,Lập trình Python,INT1001_L01,tich_hop,2.0,1.0,4.9060936,2.5146153,3.0725849,4.824374,3.1652217,7.3846045,4.040087540944417,Nguy co rot mon,5.1247334,4.040087540944417,D,An toan
SV1385,Vũ Đức Phương,INT1002,Cơ sở dữ liệu,INT1002_L01,ly_thuyet,3.0,0.0,8.43577,6.8087316,2.5606153,3.8349705,3.0906303,6.324427,7.068711280822754,An toan,0.0,7.068711280822754,B,An toan
SV1385,Vũ Đức Phương,GDQP102,Giáo dục quốc phòng*,GDQP102_L01,ly_thuyet,3.0,0.0,4.50283,2.403728,2.9718308,6.3322377,3.8759427,6.2430763,6.142865180969238,An toan,0.0,6.142865180969238,C+,An toan
SV1385,Vũ Đức Phương,INT1001,Lập trình Python,INT1001_L01,tich_hop,2.0,1.0,4.1683826,3.4053354,4.7523537,9.794365,7.360137,5.1406307,5.21636422475179,An toan,7.431711,5.21636422475179,D+,An toan
SV1385,Vũ Đức Phương,INT1003,Phát triển ứng dụng,INT1003_L01,tich_hop,2.0,1.5,8.1371355,7.9283185,2.7024007,3.361604,6.2476397,8.624011,6.179579871041434,Nguy co rot mon,6.077751,6.179579871041434,C+,An toan
SV1386,Đỗ Hoàng Trang,INT1003,Phát triển ứng dụng,INT1003_L01,tich_hop,2.0,1.5,7.356743,2.5094526,3.0280337,3.1631823,8.78584,5.7530923,4.984917300088065,Nguy co rot mon,5.900705,4.984917300088065,D,An toan
SV1386,Đỗ Hoàng Trang,GDQP102,Giáo dục quốc phòng*,GDQP102_L01,ly_thuyet,3.0,0.0,5.5354276,8.579826,9.753043,9.8038435,6.8024654,6.849542,9.399343490600586,An toan,0.0,9.399343490600586,A+,An toan
SV1386,Đỗ Hoàng Trang,INT1002,Cơ sở dữ liệu,INT1002_L01,ly_thuyet,3.0,0.0,7.606767,8.9615,5.784994,6.3899145,6.2598753,5.262901,9.239405632019043,An toan,0.0,9.239405632019043,A+,An toan
SV1386,Đỗ Hoàng Trang,INT1001,Lập trình Python,INT1001_L01,tich_hop,2.0,1.0,4.472845,9.038475,1.1574565,8.244823,5.405846,5.8231125,5.423481623331706,An toan,6.4912605,5.423481623331706,D+,An toan
SV1387,Nguyễn Đức An,INT1003,Phát triển ứng dụng,INT1003_L01,tich_hop,2.0,1.5,4.994639,6.775268,6.5877466,8.276393,8.596586,6.5780816,6.846847602299282,Nguy co rot mon,7.81702,6.846847602299282,C+,An toan
SV1387,Nguyễn Đức An,INT1002,Cơ sở dữ liệu,INT1002_L01,ly_thuyet,3.0,0.0,8.161472,5.6060376,8.27813,8.129584,7.135856,3.246915,3.1450023651123047,Nguy co rot mon,0.0,3.1450023651123047,F,Nguy co rot mon
SV1387,Nguyễn Đức An,GDQP102,Giáo dục quốc phòng*,GDQP102_L01,ly_thuyet,3.0,0.0,8.682429,6.461116,7.238506,8.630709,3.3374648,6.8169885,7.457180976867676,An toan,0.0,7.457180976867676,B,An toan
SV1388,Vũ Hoàng Vy,GDQP102,Giáo dục quốc phòng*,GDQP102_L01,ly_thuyet,3.0,0.0,5.7235417,8.789813,2.3531678,9.742753,7.2069883,7.3480487,7.293194770812988,An toan,0.0,7.293194770812988,B,An toan
SV1388,Vũ Hoàng Vy,INT1003,Phát triển ứng dụng,INT1003_L01,tich_hop,2.0,1.5,4.8352356,9.327409,5.4014854,7.852572,4.1975894,3.1964512,5.904588222503662,An toan,5.0822043,5.904588222503662,C,An toan
SV1388,Vũ Hoàng Vy,INT1002,Cơ sở dữ liệu,INT1002_L01,ly_thuyet,3.0,0.0,4.391789,4.9604983,6.6309443,5.9334497,7.7253814,6.1803517,0.643190860748291,Nguy co rot mon,0.0,0.643190860748291,F,Nguy co rot mon
SV1389,Phan Tuấn An,INT1002,Cơ sở dữ liệu,INT1002_L01,ly_thuyet,3.0,0.0,3.379207,6.3942914,8.5196705,7.9981837,9.260964,8.355274,4.461199760437012,An toan,0.0,4.461199760437012,D,An toan
SV1389,Phan Tuấn An,INT1003,Phát triển ứng dụng,INT1003_L01,tich_hop,2.0,1.5,7.571946,9.202309,4.3283825,7.7733955,6.011968,6.9000173,6.97460412979126,An toan,6.895127,6.97460412979126,C+,An toan
SV1389,Phan Tuấn An,INT1001,Lập trình Python,INT1001_L01,tich_hop,2.0,1.0,4.683133,4.47156,1.6005116,7.5218105,9.807431,7.2817364,5.124598979949951,Nguy co rot mon,8.20366,5.124598979949951,D+,An toan
SV1389,Phan Tuấn An,GDTC101,Giáo dục thể chất 1*,GDTC101_L01,thuc_hanh,0.0,1.0,5.6283126,6.94141,4.554877,7.3637466,5.85414,4.3439083,8.991265296936035,An toan,5.8539314,8.991265296936035,A,An toan
SV1390,Đỗ Minh Đức,INT1002,Cơ sở dữ liệu,INT1002_L01,ly_thuyet,3.0,0.0,2.3701327,7.5384974,4.1998334,6.4778295,4.5620565,8.718254,2.4094088077545166,Nguy co rot mon,0.0,2.4094088077545166,F,Nguy co rot mon
SV1390,Đỗ Minh Đức,INT1003,Phát triển ứng dụng,INT1003_L01,tich_hop,2.0,1.5,6.02757,8.383504,9.678195,7.501502,3.4535785,8.932598,7.429528713226318,Nguy co rot mon,6.629226,7.429528713226318,B,An toan
SV1390,Đỗ Minh Đức,INT1001,Lập trình Python,INT1001_L01,tich_hop,2.0,1.0,8.535451,2.4364405,3.2069483,4.3516135,7.623222,8.86062,5.4659037590026855,Nguy co rot mon,6.945152,5.4659037590026855,D+,An toan
SV1390,Đỗ Minh Đức,GDTC101,Giáo dục thể chất 1*,GDTC101_L01,thuc_hanh,0.0,1.0,3.7556677,2.3047726,1.2273939,9.78842,4.4312015,7.2703457,0.27134469151496887,Nguy co rot mon,7.1633224,0.27134469151496887,F,Nguy co rot mon
SV1391,Đặng Thị An,INT1002,Cơ sở dữ liệu,INT1002_L01,ly_thuyet,3.0,0.0,8.553819,7.3215413,6.313442,6.1881313,3.3608804,8.370352,9.070079803466797,An toan,0.0,9.070079803466797,A+,An toan
SV1391,Đặng Thị An,INT1001,Lập trình Python,INT1001_L01,tich_hop,2.0,1.0,9.518612,4.411949,7.2847543,4.3389707,8.804318,8.875823,7.16108242670695,Nguy co rot mon,7.339704,7.16108242670695,B,An toan
SV1391,Đặng Thị An,GDTC101,Giáo dục thể chất 1*,GDTC101_L01,thuc_hanh,0.0,1.0,4.743547,9.578464,5.17735,8.691183,5.545378,6.2380834,7.535626411437988,An toan,6.824881,7.535626411437988,B,An toan
SV1392,Đỗ Thị Linh,GDQP102,Giáo dục quốc phòng*,GDQP102_L01,ly_thuyet,3.0,0.0,3.1530972,7.9475226,6.427668,6.386311,3.4614248,3.486211,1.583356261253357,Nguy co rot mon,0.0,1.583356261253357,F,Nguy co rot mon
SV1392,Đỗ Thị Linh,INT1001,Lập trình Python,INT1001_L01,tich_hop,2.0,1.0,8.059558,9.445675,7.633296,7.595318,3.6828341,8.473706,7.780990759531657,An toan,6.5839524,7.780990759531657,B,An toan
SV1392,Đỗ Thị Linh,GDTC101,Giáo dục thể chất 1*,GDTC101_L01,thuc_hanh,0.0,1.0,7.860544,8.605056,8.056739,5.450884,3.5405612,5.5866823,9.152186393737793,An toan,4.859376,9.152186393737793,A+,An toan
SV1393,Hoàng Đức Đức,INT1001,Lập trình Python,INT1001_L01,tich_hop,2.0,1.0,6.1043673,4.41632,5.63705,8.880639,4.18505,9.386519,6.085298220316569,Nguy co rot mon,7.48407,6.085298220316569,C+,An toan
SV1393,Hoàng Đức Đức,INT1003,Phát triển ứng dụng,INT1003_L01,tich_hop,2.0,1.5,5.595944,4.080331,7.572054,4.0412645,7.406424,6.3686237,5.830583504268101,An toan,5.938771,5.830583504268101,C,An toan
SV1393,Hoàng Đức Đức,INT1002,Cơ sở dữ liệu,INT1002_L01,ly_thuyet,3.0,0.0,4.104122,2.866826,5.1130056,7.4490657,7.95732,6.6939473,1.2101222276687622,Nguy co rot mon,0.0,1.2101222276687622,F,Nguy co rot mon
SV1394,Phan Hoàng Khoa,GDQP102,Giáo dục quốc phòng*,GDQP102_L01,ly_thuyet,3.0,0.0,5.4739494,6.2190566,6.3111544,9.382019,9.575389,3.3360512,0.43925830721855164,Nguy co rot mon,0.0,0.43925830721855164,F,Nguy co rot mon
SV1394,Phan Hoàng Khoa,INT1001,Lập trình Python,INT1001_L01,tich_hop,2.0,1.0,6.699045,2.5503497,2.7242138,6.170532,3.2436836,7.3762918,4.526414076487224,Nguy co rot mon,5.596836,4.526414076487224,D,An toan
SV1394,Phan Hoàng Khoa,INT1003,Phát triển ứng dụng,INT1003_L01,tich_hop,2.0,1.5,3.4326837,5.0676856,5.335973,3.0702407,6.894563,3.9280941,4.62019327708653,Nguy co rot mon,4.6309657,4.62019327708653,D,An toan
SV1394,Phan Hoàng Khoa,INT1002,Cơ sở dữ liệu,INT1002_L01,ly_thuyet,3.0,0.0,4.7904215,6.3220334,9.264006,9.162782,4.0230064,5.8194613,7.309892654418945,An toan,0.0,7.309892654418945,B,An toan
SV1395,Nguyễn Hoàng Linh,GDTC101,Giáo dục thể chất 1*,GDTC101_L01,thuc_hanh,0.0,1.0,8.896606,4.183478,2.6923792,7.2918057,5.2311406,3.254143,4.407872676849365,An toan,5.25903,4.407872676849365,D,An toan
SV1395,Nguyễn Hoàng Linh,INT1001,Lập trình Python,INT1001_L01,tich_hop,2.0,1.0,5.2611856,2.7489293,1.7314887,4.775656,3.274908,7.0521846,3.842884063720703,Nguy co rot mon,5.03425,3.842884063720703,F,Nguy co rot mon
SV1396,Bùi Đức Anh,INT1001,Lập trình Python,INT1001_L01,tich_hop,2.0,1.0,6.0263963,3.3136463,5.3657117,5.5342007,7.2085967,7.5805545,5.526095549265544,Nguy co rot mon,6.774451,5.526095549265544,C,An toan
SV1396,Bùi Đức Anh,INT1003,Phát triển ứng dụng,INT1003_L01,tich_hop,2.0,1.5,3.6579604,3.721079,9.7389145,6.988476,6.144,8.8408575,6.399610178811209,An toan,7.3244443,6.399610178811209,C+,An toan
SV1396,Bùi Đức Anh,GDTC101,Giáo dục thể chất 1*,GDTC101_L01,thuc_hanh,0.0,1.0,9.123887,4.0141215,2.0915518,3.6821246,5.9382286,3.7991612,2.4304230213165283,Nguy co rot mon,4.4731717,2.4304230213165283,F,Nguy co rot mon
SV1397,Đỗ Thị Chinh,INT1002,Cơ sở dữ liệu,INT1002_L01,ly_thuyet,3.0,0.0,5.65569,9.371558,5.874694,6.1324415,4.050936,4.6100197,4.6720380783081055,An toan,0.0,4.6720380783081055,D,An toan
SV1397,Đỗ Thị Chinh,GDQP102,Giáo dục quốc phòng*,GDQP102_L01,ly_thuyet,3.0,0.0,6.2433,7.3596473,1.9319675,6.5422397,7.147502,9.1183195,7.703158855438232,An toan,0.0,7.703158855438232,B,An toan
SV1397,Đỗ Thị Chinh,INT1003,Phát triển ứng dụng,INT1003_L01,tich_hop,2.0,1.5,4.145353,2.1774628,9.507942,9.613485,8.46029,6.046657,6.461158888680594,Nguy co rot mon,8.040145,6.461158888680594,C+,An toan
SV1398,Vũ Hải Đức,GDTC101,Giáo dục thể chất 1*,GDTC101_L01,thuc_hanh,0.0,1.0,7.240326,2.977256,8.390339,6.8354373,8.430236,9.781266,0.5448909997940063,Nguy co rot mon,8.34898,0.5448909997940063,F,Nguy co rot mon
SV1398,Vũ Hải Đức,GDQP102,Giáo dục quốc phòng*,GDQP102_L01,ly_thuyet,3.0,0.0,7.1233635,5.553282,9.278618,7.3938994,5.3202076,4.047543,9.405111312866211,An toan,0.0,9.405111312866211,A+,An toan
SV1398,Vũ Hải Đức,INT1003,Phát triển ứng dụng,INT1003_L01,tich_hop,2.0,1.5,7.361248,2.785849,3.8658822,3.585292,6.3459253,6.5262856,5.020210538591657,An toan,5.485834,5.020210538591657,D+,An toan
SV1399,Phạm Hải An,GDQP102,Giáo dục quốc phòng*,GDQP102_L01,ly_thuyet,3.0,0.0,8.544382,5.7718844,8.386247,3.737867,7.0506225,8.909609,7.9403276443481445,An toan,0.0,7.9403276443481445,B,An toan
SV1399,Phạm Hải An,INT1002,Cơ sở dữ liệu,INT1002_L01,ly_thuyet,3.0,0.0,7.9872255,9.112802,5.283544,3.5306304,9.311846,6.875655,7.861319065093994,An toan,0.0,7.861319065093994,B,An toan
SV1399,Phạm Hải An,GDTC101,Giáo dục thể chất 1*,GDTC101_L01,thuc_hanh,0.0,1.0,7.8252697,4.1749086,7.545064,9.0870905,3.6446774,7.360265,9.740970611572266,An toan,6.6973443,9.740970611572266,A+,An toan
SV1400,Đỗ Thảo An,GDTC101,Giáo dục thể chất 1*,GDTC101_L01,thuc_hanh,0.0,1.0,2.5567124,8.939864,2.2258732,5.546965,5.7834306,8.819769,4.931361675262451,An toan,6.716722,4.931361675262451,D,An toan
SV1400,Đỗ Thảo An,INT1003,Phát triển ứng dụng,INT1003_L01,tich_hop,2.0,1.5,6.9482102,3.427206,9.786369,8.886702,4.084507,3.7676551,6.2316060066223145,Nguy co rot mon,5.579621,6.2316060066223145,C+,An toan
SV1400,Đỗ Thảo An,GDQP102,Giáo dục quốc phòng*,GDQP102_L01,ly_thuyet,3.0,0.0,5.6864476,7.3600097,7.373118,3.876367,3.814583,7.1913414,7.35042142868042,An toan,0.0,7.35042142868042,B,An toan
SV1401,Đặng Đức Nam,GDTC101,Giáo dục thể chất 1*,GDTC101_L01,thuc_hanh,0.0,1.0,3.3851871,5.786015,1.478371,7.243524,5.69714,8.208338,4.654141902923584,An toan,7.0496674,4.654141902923584,D,An toan
SV1401,Đặng Đức Nam,GDQP102,Giáo dục quốc phòng*,GDQP102_L01,ly_thuyet,3.0,0.0,5.469256,3.981947,8.333142,5.434442,7.3154683,3.3981497,0.3842775225639343,Nguy co rot mon,0.0,0.3842775225639343,F,Nguy co rot mon
SV1401,Đặng Đức Nam,INT1003,Phát triển ứng dụng,INT1003_L01,tich_hop,2.0,1.5,7.686281,7.5351014,7.4289045,8.638241,6.775337,3.8457687,7.065675803593227,An toan,6.419782,7.065675803593227,B,An toan
SV1402,Bùi Thảo Hùng,INT1002,Cơ sở dữ liệu,INT1002_L01,ly_thuyet,3.0,0.0,3.9683194,4.7971773,6.962298,5.8994975,5.2034264,4.153781,4.474195957183838,An toan,0.0,4.474195957183838,D,An toan
SV1402,Bùi Thảo Hùng,INT1001,Lập trình Python,INT1001_L01,tich_hop,2.0,1.0,3.8378732,4.814555,7.619372,5.9513183,9.3969965,4.5381637,5.825564384460449,Nguy co rot mon,6.628826,5.825564384460449,C,An toan
SV1403,Đặng Văn An,INT1002,Cơ sở dữ liệu,INT1002_L01,ly_thuyet,3.0,0.0,2.0253592,2.898643,5.225151,8.283353,4.3822083,4.9037075,5.342956066131592,An toan,0.0,5.342956066131592,D+,An toan
SV1403,Đặng Văn An,INT1001,Lập trình Python,INT1001_L01,tich_hop,2.0,1.0,3.717224,7.6754923,5.4730244,4.46949,6.987263,6.853543,5.782419840494792,An toan,6.1034317,5.782419840494792,C,An toan
SV1403,Đặng Văn An,INT1003,Phát triển ứng dụng,INT1003_L01,tich_hop,2.0,1.5,5.1072574,3.4748607,5.4352036,7.8281894,8.175411,9.610512,6.3291248594011575,Nguy co rot mon,8.538037,6.3291248594011575,C+,An toan
SV1403,Đặng Văn An,GDQP102,Giáo dục quốc phòng*,GDQP102_L01,ly_thuyet,3.0,0.0,9.967165,7.9932275,3.9443357,7.2041626,7.0086904,4.985023,3.15875244140625,Nguy co rot mon,0.0,3.15875244140625,F,Nguy co rot mon
SV1404,Phạm Thảo Đức,INT1003,Phát triển ứng dụng,INT1003_L01,tich_hop,2.0,1.5,6.7429013,5.3125706,5.7847314,6.0862846,9.5456915,7.8338428,6.750393458775112,An toan,7.8219395,6.750393458775112,C+,An toan
SV1404,Phạm Thảo Đức,GDTC101,Giáo dục thể chất 1*,GDTC101_L01,thuc_hanh,0.0,1.0,8.293187,3.7634213,3.9069679,5.5108204,4.7502556,4.902474,8.314129829406738,An toan,5.0545163,8.314129829406738,B+,An toan
SV1405,Hoàng Minh Anh,INT1001,Lập trình Python,INT1001_L01,tich_hop,2.0,1.0,9.727107,7.9995337,8.6550865,6.550189,6.147106,8.09859,8.17325989405314,An toan,6.9319615,8.17325989405314,B+,An toan
SV1405,Hoàng Minh Anh,GDQP102,Giáo dục quốc phòng*,GDQP102_L01,ly_thuyet,3.0,0.0,2.0801718,4.678068,1.5623065,6.8248596,7.0948234,5.857516,3.258690595626831,Nguy co rot mon,0.0,3.258690595626831,F,Nguy co rot mon
SV1405,Hoàng Minh Anh,GDTC101,Giáo dục thể chất 1*,GDTC101_L01,thuc_hanh,0.0,1.0,6.623625,4.623402,1.3421291,5.1516757,6.111896,5.4670706,1.4536280632019043,Nguy co rot mon,5.576881,1.4536280632019043,F,Nguy co rot mon
SV1405,Hoàng Minh Anh,INT1002,Cơ sở dữ liệu,INT1002_L01,ly_thuyet,3.0,0.0,8.4688225,4.7582493,2.3820732,6.09286,7.7578382,3.0197237,8.957703590393066,An toan,0.0,8.957703590393066,A,An toan
SV1406,Trần Văn Linh,INT1002,Cơ sở dữ liệu,INT1002_L01,ly_thuyet,3.0,0.0,2.2815797,6.5986505,2.9569647,8.659382,6.3320684,7.61045,5.1319684982299805,An toan,0.0,5.1319684982299805,D+,An toan
SV1406,Trần Văn Linh,GDQP102,Giáo dục quốc phòng*,GDQP102_L01,ly_thuyet,3.0,0.0,5.4966087,7.1778154,7.2405424,8.586752,5.9668503,8.769904,6.370896339416504,An toan,0.0,6.370896339416504,C+,An toan
SV1406,Trần Văn Linh,INT1001,Lập trình Python,INT1001_L01,tich_hop,2.0,1.0,9.48413,3.0375059,2.457409,8.246732,7.818135,3.192355,5.468367735544841,An toan,6.4190736,5.468367735544841,D+,An toan
SV1407,Đỗ Đức Linh,INT1002,Cơ sở dữ liệu,INT1002_L01,ly_thuyet,3.0,0.0,5.945187,2.4908218,5.665077,9.368677,8.607491,7.771475,0.7711488604545593,Nguy co rot mon,0.0,0.7711488604545593,F,Nguy co rot mon
SV1407,Đỗ Đức Linh,GDQP102,Giáo dục quốc phòng*,GDQP102_L01,ly_thuyet,3.0,0.0,8.09499,6.1321864,9.778667,9.775099,4.9666653,8.960547,0.21473479270935059,Nguy co rot mon,0.0,0.21473479270935059,F,Nguy co rot mon
SV1408,Đặng Đức Trang,INT1001,Lập trình Python,INT1001_L01,tich_hop,2.0,1.0,3.9491,5.276779,1.4032829,5.364489,4.2440743,9.712383,4.508807977040608,An toan,6.4403152,4.508807977040608,D,An toan
SV1408,Đặng Đức Trang,GDQP102,Giáo dục quốc phòng*,GDQP102_L01,ly_thuyet,3.0,0.0,5.943739,2.8866625,2.244182,5.568365,3.2159805,4.9016533,3.3561460971832275,Nguy co rot mon,0.0,3.3561460971832275,F,Nguy co rot mon
SV1409,Nguyễn Minh Đức,GDQP102,Giáo dục quốc phòng*,GDQP102_L01,ly_thuyet,3.0,0.0,3.1187534,3.7482772,2.4775279,8.2567425,8.074108,4.784234,6.891770839691162,An toan,0.0,6.891770839691162,C+,An toan
SV1409,Nguyễn Minh Đức,INT1002,Cơ sở dữ liệu,INT1002_L01,ly_thuyet,3.0,0.0,7.942613,6.9858007,9.788088,3.9339933,6.9732494,6.8499813,9.068763732910156,An toan,0.0,9.068763732910156,A+,An toan
SV1409,Nguyễn Minh Đức,INT1003,Phát triển ứng dụng,INT1003_L01,tich_hop,2.0,1.5,2.1348703,4.8845983,4.200024,9.779339,3.0307348,6.9703236,4.962817192077637,An toan,6.593466,4.962817192077637,D,An toan
SV1409,Nguyễn Minh Đức,GDTC101,Giáo dục thể chất 1*,GDTC101_L01,thuc_hanh,0.0,1.0,4.213219,7.705666,2.1902745,8.807259,8.116962,6.3598094,3.640411615371704,Nguy co rot mon,7.7613435,3.640411615371704,F,Nguy co rot mon
SV1410,Phạm Thị Đức,GDTC101,Giáo dục thể chất 1*,GDTC101_L01,thuc_hanh,0.0,1.0,4.7428803,2.2811935,8.605814,5.4401636,3.8489735,8.179537,9.820240020751953,An toan,5.822891,9.820240020751953,A+,An toan
SV1410,Phạm Thị Đức,INT1003,Phát triển ứng dụng,INT1003_L01,tich_hop,2.0,1.5,9.215971,3.663423,9.98473,3.4543118,6.8262415,4.390956,6.451001235416958,An toan,4.8905034,6.451001235416958,C+,An toan
SV1410,Phạm Thị Đức,INT1002,Cơ sở dữ liệu,INT1002_L01,ly_thuyet,3.0,0.0,7.107124,8.066832,9.299428,3.3912663,3.7406602,3.0859482,7.980447292327881,An toan,0.0,7.980447292327881,B,An toan
SV1410,Phạm Thị Đức,GDQP102,Giáo dục quốc phòng*,GDQP102_L01,ly_thuyet,3.0,0.0,7.059195,9.7831,7.364491,8.795518,4.823734,3.3840778,6.995245933532715,An toan,0.0,6.995245933532715,C+,An toan
SV1411,Bùi Minh Khoa,INT1001,Lập trình Python,INT1001_L01,tich_hop,2.0,1.0,3.4714365,9.430198,9.536777,9.300258,3.783578,7.93357,7.321581204732259,An toan,7.005802,7.321581204732259,B,An toan
SV1411,Bùi Minh Khoa,GDTC101,Giáo dục thể chất 1*,GDTC101_L01,thuc_hanh,0.0,1.0,6.3080235,6.7175083,5.0477157,9.386174,3.903368,4.623232,5.854456424713135,An toan,5.9709244,5.854456424713135,C,An toan
SV1411,Bùi Minh Khoa,GDQP102,Giáo dục quốc phòng*,GDQP102_L01,ly_thuyet,3.0,0.0,4.324182,9.811013,6.6035795,9.492131,4.69427,6.3333793,8.022849082946777,An toan,0.0,8.022849082946777,B+,An toan
SV1411,Bùi Minh Khoa,INT1003,Phát triển ứng dụng,INT1003_L01,tich_hop,2.0,1.5,4.198322,4.396204,5.378142,4.313588,6.590858,3.2674208,4.68601301738194,An toan,4.7239556,4.68601301738194,D,An toan
SV1412,Trần Thảo Anh,INT1001,Lập trình Python,INT1001_L01,tich_hop,2.0,1.0,7.2694874,3.5956752,9.742479,8.193082,7.2674727,8.738195,7.268226305643718,Nguy co rot mon,8.06625,7.268226305643718,B,An toan
SV1412,Trần Thảo Anh,GDQP102,Giáo dục quốc phòng*,GDQP102_L01,ly_thuyet,3.0,0.0,5.162998,9.287493,5.6297665,4.8739576,9.39357,9.902303,9.570516586303711,An toan,0.0,9.570516586303711,A+,An toan
SV1413,Đặng Ngọc Anh,INT1002,Cơ sở dữ liệu,INT1002_L01,ly_thuyet,3.0,0.0,3.6283212,2.60847,4.6527452,3.4608026,7.6378984,8.357807,6.835426330566406,An toan,0.0,6.835426330566406,C+,An toan
SV1413,Đặng Ngọc Anh,GDQP102,Giáo dục quốc phòng*,GDQP102_L01,ly_thuyet,3.0,0.0,5.331069,2.0046484,2.496299,9.713629,8.573634,9.813706,9.767533302307129,An toan,0.0,9.767533302307129,A+,An toan
SV1413,Đặng Ngọc Anh,INT1001,Lập trình Python,INT1001_L01,tich_hop,2.0,1.0,4.0723095,4.7799106,2.765839,6.0455656,8.442357,3.7577946,4.6090928713480634,Nguy co rot mon,6.081906,4.6090928713480634,D,An toan
SV1413,Đặng Ngọc Anh,INT1003,Phát triển ứng dụng,INT1003_L01,tich_hop,2.0,1.5,8.053501,2.9890647,7.319335,6.9454713,3.1999047,5.044303,5.667459011077881,An toan,5.063226,5.667459011077881,C,An toan
SV1414,Hoàng Thảo Phương,GDTC101,Giáo dục thể chất 1*,GDTC101_L01,thuc_hanh,0.0,1.0,4.1382356,5.5644903,7.740057,8.001592,8.228078,4.45816,7.970091819763184,An toan,6.895943,7.970091819763184,B,An toan
SV1414,Hoàng Thảo Phương,INT1001,Lập trình Python,INT1001_L01,tich_hop,2.0,1.0,8.943364,9.869049,6.3359385,8.976071,7.049937,4.138458,7.829018274943034,An toan,6.721489,7.829018274943034,B,An toan
SV1415,Đặng Hải Nam,INT1003,Phát triển ứng dụng,INT1003_L01,tich_hop,2.0,1.5,2.612996,7.691397,8.656373,7.9564295,7.702372,8.943233,7.126151084899902,Nguy co rot mon,8.200679,7.126151084899902,B,An toan
SV1415,Đặng Hải Nam,INT1001,Lập trình Python,INT1001_L01,tich_hop,2.0,1.0,3.397819,7.763941,3.5863178,6.55262,5.8507705,4.2813015,5.131205399831136,Nguy co rot mon,5.561564,5.131205399831136,D+,An toan
SV1415,Đặng Hải Nam,INT1002,Cơ sở dữ liệu,INT1002_L01,ly_thuyet,3.0,0.0,7.987111,8.014232,9.670715,8.501868,3.4687972,5.660914,8.93114185333252,An toan,0.0,8.93114185333252,A,An toan
SV1415,Đặng Hải Nam,GDQP102,Giáo dục quốc phòng*,GDQP102_L01,ly_thuyet,3.0,0.0,7.885799,5.6424804,4.750395,3.3208694,8.678436,8.909552,0.8212827444076538,Nguy co rot mon,0.0,0.8212827444076538,F,Nguy co rot mon
SV1416,Hoàng Hoàng An,GDQP102,Giáo dục quốc phòng*,GDQP102_L01,ly_thuyet,3.0,0.0,6.178597,9.7173195,4.9652853,5.7766347,6.162047,6.531483,4.507847785949707,An toan,0.0,4.507847785949707,D,An toan
SV1416,Hoàng Hoàng An,GDTC101,Giáo dục thể chất 1*,GDTC101_L01,thuc_hanh,0.0,1.0,7.9085903,3.7792354,6.0959888,8.122075,9.989295,3.3332014,9.212448120117188,An toan,7.148191,9.212448120117188,A+,An toan
SV1416,Hoàng Hoàng An,INT1003,Phát triển ứng dụng,INT1003_L01,tich_hop,2.0,1.5,7.1070533,6.887295,9.214393,8.081773,7.8965373,9.856327,8.111374718802315,An toan,8.611546,8.111374718802315,B+,An toan
SV1417,Phan Hoàng Linh,INT1002,Cơ sở dữ liệu,INT1002_L01,ly_thuyet,3.0,0.0,7.0608654,6.890542,3.6921387,3.721467,8.868692,4.0189385,1.8993189334869385,Nguy co rot mon,0.0,1.8993189334869385,F,Nguy co rot mon
SV1417,Phan Hoàng Linh,INT1001,Lập trình Python,INT1001_L01,tich_hop,2.0,1.0,8.9419985,4.0863137,7.102761,9.605402,7.668379,3.196959,6.748098373413086,An toan,6.82358,6.748098373413086,C+,An toan
SV1417,Phan Hoàng Linh,GDQP102,Giáo dục quốc phòng*,GDQP102_L01,ly_thuyet,3.0,0.0,4.663773,9.451775,8.724238,4.2744627,8.350635,9.030554,9.339466094970703,An toan,0.0,9.339466094970703,A+,An toan
SV1418,Vũ Ngọc Bình,INT1002,Cơ sở dữ liệu,INT1002_L01,ly_thuyet,3.0,0.0,8.282018,8.757122,6.8843894,3.0206728,5.9736547,8.609213,7.620962619781494,An toan,0.0,7.620962619781494,B,An toan
SV1418,Vũ Ngọc Bình,INT1003,Phát triển ứng dụng,INT1003_L01,tich_hop,2.0,1.5,5.7333183,3.7263687,8.766095,4.5057864,5.613384,6.185545,5.8008223261152,An toan,5.4349046,5.8008223261152,C,An toan
SV1419,Đỗ Thảo Hùng,INT1003,Phát triển ứng dụng,INT1003_L01,tich_hop,2.0,1.5,5.283345,4.665393,8.46446,7.162693,9.343544,8.227559,7.040675299508231,An toan,8.244598,7.040675299508231,B,An toan
SV1419,Đỗ Thảo Hùng,GDQP102,Giáo dục quốc phòng*,GDQP102_L01,ly_thuyet,3.0,0.0,2.0683663,2.2413094,9.201949,4.863021,7.317564,5.766573,0.6443145275115967,Nguy co rot mon,0.0,0.6443145275115967,F,Nguy co rot mon
SV1419,Đỗ Thảo Hùng,INT1002,Cơ sở dữ liệu,INT1002_L01,ly_thuyet,3.0,0.0,5.9434624,9.235809,9.134785,6.4640107,5.8738885,6.168184,7.870786190032959,An toan,0.0,7.870786190032959,B,An toan
SV1419,Đỗ Thảo Hùng,INT1001,Lập trình Python,INT1001_L01,tich_hop,2.0,1.0,2.4859264,8.623685,2.6729822,8.085481,4.499639,3.7647376,4.879449367523193,An toan,5.4499526,4.879449367523193,D,An toan
SV1420,Bùi Thảo Vy,INT1002,Cơ sở dữ liệu,INT1002_L01,ly_thuyet,3.0,0.0,8.310554,7.4298215,9.114213,4.642911,5.177003,4.432323,6.895406723022461,An toan,0.0,6.895406723022461,C+,An toan
SV1420,Bùi Thảo Vy,GDQP102,Giáo dục quốc phòng*,GDQP102_L01,ly_thuyet,3.0,0.0,5.8553367,2.9969933,4.0842867,9.539275,8.815517,7.96325,8.07681941986084,An toan,0.0,8.07681941986084,B+,An toan
SV1420,Bùi Thảo Vy,INT1003,Phát triển ứng dụng,INT1003_L01,tich_hop,2.0,1.5,6.1566215,4.1447215,5.6805754,4.1754894,4.613255,9.647395,5.677909101758685,An toan,6.1453795,5.677909101758685,C,An toan
SV1421,Hoàng Minh Trang,INT1001,Lập trình Python,INT1001_L01,tich_hop,2.0,1.0,4.3845086,3.1021786,9.74906,6.9162602,3.9861176,8.444181,5.979783535003662,An toan,6.448853,5.979783535003662,C,An toan
SV1421,Hoàng Minh Trang,GDQP102,Giáo dục quốc phòng*,GDQP102_L01,ly_thuyet,3.0,0.0,4.2503824,5.9897,9.646272,9.822042,9.158695,7.5811257,2.9116809368133545,Nguy co rot mon,0.0,2.9116809368133545,F,Nguy co rot mon
SV1422,Vũ Thảo Vy,GDQP102,Giáo dục quốc phòng*,GDQP102_L01,ly_thuyet,3.0,0.0,4.612744,7.5940185,6.047668,4.3184896,3.437506,6.419075,4.919344425201416,An toan,0.0,4.919344425201416,D,An toan
SV1422,Vũ Thảo Vy,INT1002,Cơ sở dữ liệu,INT1002_L01,ly_thuyet,3.0,0.0,6.723409,6.983695,2.5251956,3.1429162,8.993548,9.690555,8.644601821899414,An toan,0.0,8.644601821899414,A,An toan
SV1422,Vũ Thảo Vy,INT1003,Phát triển ứng dụng,INT1003_L01,tich_hop,2.0,1.5,5.975943,3.3797607,4.389979,5.3730764,9.070246,6.5549374,5.617976597377232,An toan,6.99942,5.617976597377232,C,An toan
SV1423,Đặng Thảo Đức,INT1003,Phát triển ứng dụng,INT1003_L01,tich_hop,2.0,1.5,9.435616,5.3246846,3.2900693,9.864783,5.3357353,3.7168827,6.140651362282889,Nguy co rot mon,6.3058,6.140651362282889,C+,An toan
SV1423,Đặng Thảo Đức,INT1002,Cơ sở dữ liệu,INT1002_L01,ly_thuyet,3.0,0.0,3.210313,8.640999,9.300517,8.524095,4.9770036,6.558345,9.156366348266602,An toan,0.0,9.156366348266602,A+,An toan
SV1423,Đặng Thảo Đức,INT1001,Lập trình Python,INT1001_L01,tich_hop,2.0,1.0,5.9432116,3.5186553,2.8511665,4.2613797,4.406407,3.8817382,4.130621115366618,Nguy co rot mon,4.1831746,4.130621115366618,D,An toan
SV1424,Đỗ Minh Anh,GDTC101,Giáo dục thể chất 1*,GDTC101_L01,thuc_hanh,0.0,1.0,5.120846,3.6918132,6.034555,8.864604,4.044706,9.957997,9.389199256896973,An toan,7.622435,9.389199256896973,A+,An toan
SV1424,Đỗ Minh Anh,INT1003,Phát triển ứng dụng,INT1003_L01,tich_hop,2.0,1.5,9.844397,6.8833485,5.393789,6.7990737,6.50866,7.4309096,7.176288945334298,An toan,6.9128814,7.176288945334298,B,An toan
SV1424,Đỗ Minh Anh,INT1002,Cơ sở dữ liệu,INT1002_L01,ly_thuyet,3.0,0.0,2.9025395,2.8840034,3.088411,9.644048,6.4912615,5.020234,5.8642802238464355,An toan,0.0,5.8642802238464355,C,An toan
SV1425,Trần Ngọc An,GDTC101,Giáo dục thể chất 1*,GDTC101_L01,thuc_hanh,0.0,1.0,3.013418,7.5009212,9.384172,8.388051,6.595744,3.3606365,9.8861083984375,An toan,6.1148105,9.8861083984375,A+,An toan
SV1425,Trần Ngọc An,INT1003,Phát triển ứng dụng,INT1003_L01,tich_hop,2.0,1.5,5.5910606,6.255468,4.151947,8.798021,7.3910155,3.8471751,5.90964480808803,Nguy co rot mon,6.6787376,5.90964480808803,C,An toan
SV1425,Trần Ngọc An,INT1002,Cơ sở dữ liệu,INT1002_L01,ly_thuyet,3.0,0.0,8.086114,4.6468906,2.1565807,7.9668536,5.208672,4.4949403,9.983006477355957,An toan,0.0,9.983006477355957,A+,An toan
SV1425,Trần Ngọc An,GDQP102,Giáo dục quốc phòng*,GDQP102_L01,ly_thuyet,3.0,0.0,7.5157113,9.468637,9.367773,5.783704,7.37832,4.029117,6.304856300354004,An toan,0.0,6.304856300354004,C+,An toan
SV1426,Trần Thảo Bình,INT1003,Phát triển ứng dụng,INT1003_L01,tich_hop,2.0,1.5,3.6115174,5.9024396,9.435404,4.0557795,9.724981,7.9539475,6.714360441480364,An toan,7.244903,6.714360441480364,C+,An toan
SV1426,Trần Thảo Bình,GDTC101,Giáo dục thể chất 1*,GDTC101_L01,thuc_hanh,0.0,1.0,2.4473479,2.5784202,6.408361,5.044441,3.996389,9.64183,7.854759693145752,An toan,6.227554,7.854759693145752,B,An toan
SV1427,Phạm Đức Linh,GDTC101,Giáo dục thể chất 1*,GDTC101_L01,thuc_hanh,0.0,1.0,4.2784452,8.5313425,8.262993,8.798281,4.6654606,6.836087,9.176361083984375,An toan,6.766609,9.176361083984375,A+,An toan
SV1427,Phạm Đức Linh,GDQP102,Giáo dục quốc phòng*,GDQP102_L01,ly_thuyet,3.0,0.0,9.195207,6.3872347,5.6729126,4.5745797,4.30218,4.3225884,8.198407173156738,An toan,0.0,8.198407173156738,B+,An toan
SV1427,Phạm Đức Linh,INT1002,Cơ sở dữ liệu,INT1002_L01,ly_thuyet,3.0,0.0,4.922059,9.15191,2.3068771,4.05002,7.898657,4.76023,8.038932800292969,An toan,0.0,8.038932800292969,B+,An toan
SV1428,Nguyễn Hoàng An,INT1002,Cơ sở dữ liệu,INT1002_L01,ly_thuyet,3.0,0.0,9.595729,4.4910913,9.151904,3.516903,5.332257,5.7609887,3.1466641426086426,Nguy co rot mon,0.0,3.1466641426086426,F,Nguy co rot mon
SV1428,Nguyễn Hoàng An,GDTC101,Giáo dục thể chất 1*,GDTC101_L01,thuc_hanh,0.0,1.0,9.997419,5.8538704,6.561986,7.6391473,8.397051,8.132437,1.0154592990875244,Nguy co rot mon,8.056211,1.0154592990875244,F,Nguy co rot mon
SV1428,Nguyễn Hoàng An,INT1003,Phát triển ứng dụng,INT1003_L01,tich_hop,2.0,1.5,6.823954,2.206539,4.540316,7.650771,5.1572266,4.1365,5.005558626992362,Nguy co rot mon,5.648166,5.005558626992362,D+,An toan
SV1428,Nguyễn Hoàng An,INT1001,Lập trình Python,INT1001_L01,tich_hop,2.0,1.0,7.827841,3.775579,1.7489114,8.918198,5.2752085,4.0342155,4.992475986480713,An toan,6.075874,4.992475986480713,D,An toan
SV1429,Phạm Thị Bình,GDTC101,Giáo dục thể chất 1*,GDTC101_L01,thuc_hanh,0.0,1.0,4.6339927,3.5388777,8.446629,8.40902,6.039363,4.8825736,0.8920221924781799,Nguy co rot mon,6.4436526,0.8920221924781799,F,Nguy co rot mon
SV1429,Phạm Thị Bình,INT1001,Lập trình Python,INT1001_L01,tich_hop,2.0,1.0,8.745467,2.7221332,5.35128,9.026368,4.997123,8.396627,6.228653113047282,An toan,7.473373,6.228653113047282,C+,An toan
SV1429,Phạm Thị Bình,INT1003,Phát triển ứng dụng,INT1003_L01,tich_hop,2.0,1.5,6.7520685,9.361371,6.32451,8.110225,8.393286,5.906612,7.475341320037842,An toan,7.470041,7.475341320037842,B,An toan
SV1429,Phạm Thị Bình,GDQP102,Giáo dục quốc phòng*,GDQP102_L01,ly_thuyet,3.0,0.0,3.1771808,5.3824797,1.480321,3.6826477,7.2873445,6.330163,1.891401767730713,Nguy co rot mon,0.0,1.891401767730713,F,Nguy co rot mon
SV1430,Đặng Minh Chinh,GDQP102,Giáo dục quốc phòng*,GDQP102_L01,ly_thuyet,3.0,0.0,2.6491797,8.328163,8.818411,8.351258,5.668681,3.5873086,3.9051055908203125,Nguy co rot mon,0.0,3.9051055908203125,F,Nguy co rot mon
SV1430,Đặng Minh Chinh,INT1003,Phát triển ứng dụng,INT1003_L01,tich_hop,2.0,1.5,4.1086893,5.947418,6.3657556,8.235207,8.814729,8.8578825,6.8290910720825195,An toan,8.63594,6.8290910720825195,C+,An toan
SV1430,Đặng Minh Chinh,INT1001,Lập trình Python,INT1001_L01,tich_hop,2.0,1.0,3.4938576,5.0665736,8.055813,9.224195,9.870425,5.426704,6.41709041595459,An toan,8.173775,6.41709041595459,C+,An toan
SV1430,Đặng Minh Chinh,GDTC101,Giáo dục thể chất 1*,GDTC101_L01,thuc_hanh,0.0,1.0,7.5800242,2.7940588,5.0717278,5.6380873,5.9073324,7.5968404,4.5886406898498535,An toan,6.380753,4.5886406898498535,D,An toan
SV1431,Lê Tuấn Bình,INT1002,Cơ sở dữ liệu,INT1002_L01,ly_thuyet,3.0,0.0,4.7668233,3.1674685,6.0474167,4.0391645,4.129392,3.1190755,0.6833215355873108,Nguy co rot mon,0.0,0.6833215355873108,F,Nguy co rot mon
SV1431,Lê Tuấn Bình,INT1003,Phát triển ứng dụng,INT1003_L01,tich_hop,2.0,1.5,6.8849635,6.2155795,1.9980758,3.2681203,8.768409,9.161985,5.9042865208217075,An toan,7.0661716,5.9042865208217075,C,An toan
SV1432,Trần Hoàng Linh,INT1003,Phát triển ứng dụng,INT1003_L01,tich_hop,2.0,1.5,8.096887,3.9812553,6.19355,4.4942703,6.6739264,9.163606,6.384865624564035,Nguy co rot mon,6.7772675,6.384865624564035,C+,An toan
SV1432,Trần Hoàng Linh,INT1001,Lập trình Python,INT1001_L01,tich_hop,2.0,1.0,8.210878,2.9642055,9.832791,7.020453,8.121172,6.421612,7.064331849416097,Nguy co rot mon,7.1877456,7.064331849416097,B,An toan
SV1432,Trần Hoàng Linh,INT1002,Cơ sở dữ liệu,INT1002_L01,ly_thuyet,3.0,0.0,6.9848895,6.796387,2.4516208,5.6944437,4.917917,6.8003097,8.215210914611816,An toan,0.0,8.215210914611816,B+,An toan
SV1433,Phan Hoàng Hùng,GDTC101,Giáo dục thể chất 1*,GDTC101_L01,thuc_hanh,0.0,1.0,7.6087775,2.3860693,5.1913967,7.365162,7.2981567,3.6064012,6.579051971435547,An toan,6.0899067,6.579051971435547,C+,An toan
SV1433,Phan Hoàng Hùng,GDQP102,Giáo dục quốc phòng*,GDQP102_L01,ly_thuyet,3.0,0.0,9.992108,5.444571,8.264563,3.600701,7.050865,5.1320834,6.900443077087402,An toan,0.0,6.900443077087402,C+,An toan
SV1434,Bùi Minh Đức,INT1003,Phát triển ứng dụng,INT1003_L01,tich_hop,2.0,1.5,7.511594,2.54158,9.89419,3.640627,9.672595,6.360086,6.609970705849784,An toan,6.5577693,6.609970705849784,C+,An toan
SV1434,Bùi Minh Đức,GDQP102,Giáo dục quốc phòng*,GDQP102_L01,ly_thuyet,3.0,0.0,8.839996,7.915953,1.5469652,3.2318184,6.080162,7.904377,3.5651376247406006,Nguy co rot mon,0.0,3.5651376247406006,F,Nguy co rot mon
SV1434,Bùi Minh Đức,INT1002,Cơ sở dữ liệu,INT1002_L01,ly_thuyet,3.0,0.0,8.914867,6.0172753,1.715228,5.3127174,5.6867247,8.979321,5.13546895980835,An toan,0.0,5.13546895980835,D+,An toan
SV1434,Bùi Minh Đức,GDTC101,Giáo dục thể chất 1*,GDTC101_L01,thuc_hanh,0.0,1.0,3.3851676,4.1127257,3.4357402,7.424748,7.494083,8.766009,9.32556438446045,An toan,7.894947,9.32556438446045,A+,An toan
SV1435,Hoàng Hải An,INT1003,Phát triển ứng dụng,INT1003_L01,tich_hop,2.0,1.5,3.0496032,6.0583615,5.7321796,4.6764226,5.270121,4.5458913,4.897042206355503,Nguy co rot mon,4.830812,4.897042206355503,D,An toan
SV1435,Hoàng Hải An,GDQP102,Giáo dục quốc phòng*,GDQP102_L01,ly_thuyet,3.0,0.0,7.2567396,6.4660115,5.3808403,8.084797,9.812918,6.0515223,5.491358757019043,An toan,0.0,5.491358757019043,D+,An toan
SV1435,Hoàng Hải An,INT1002,Cơ sở dữ liệu,INT1002_L01,ly_thuyet,3.0,0.0,5.5664477,2.9317012,5.800293,4.6926126,9.177574,5.9204803,2.3324387073516846,Nguy co rot mon,0.0,2.3324387073516846,F,Nguy co rot mon
SV1436,Vũ Văn An,GDQP102,Giáo dục quốc phòng*,GDQP102_L01,ly_thuyet,3.0,0.0,7.365519,8.911438,1.2452732,7.886103,6.325854,7.390649,4.149956703186035,An toan,0.0,4.149956703186035,D,An toan
SV1436,Vũ Văn An,INT1001,Lập trình Python,INT1001_L01,tich_hop,2.0,1.0,6.9824376,9.807197,1.3951385,3.9959123,9.427201,7.2219644,6.334958076477051,An toan,6.881693,6.334958076477051,C+,An toan
SV1437,Bùi Thị Nam,INT1001,Lập trình Python,INT1001_L01,tich_hop,2.0,1.0,7.1718073,5.2901587,7.8434267,6.495547,4.6201053,4.4275393,6.239331086476644,An toan,5.181064,6.239331086476644,C+,An toan
SV1437,Bùi Thị Nam,INT1002,Cơ sở dữ liệu,INT1002_L01,ly_thuyet,3.0,0.0,6.507636,3.9070086,5.414361,8.499452,3.1695783,7.601258,9.847920417785645,An toan,0.0,9.847920417785645,A+,An toan
SV1437,Bùi Thị Nam,GDTC101,Giáo dục thể chất 1*,GDTC101_L01,thuc_hanh,0.0,1.0,4.3133698,3.4514656,1.1559321,8.917876,8.191475,7.99554,8.021766662597656,An toan,8.368298,8.021766662597656,B+,An toan
SV1437,Bùi Thị Nam,INT1003,Phát triển ứng dụng,INT1003_L01,tich_hop,2.0,1.5,2.5576596,6.3729086,8.549712,6.3520207,6.28295,7.072647,6.144951684134347,Nguy co rot mon,6.569206,6.144951684134347,C+,An toan
SV1438,Phan Hải Linh,INT1002,Cơ sở dữ liệu,INT1002_L01,ly_thuyet,3.0,0.0,3.0659375,9.635177,4.180444,9.581494,9.826439,9.407973,3.2989115715026855,Nguy co rot mon,0.0,3.2989115715026855,F,Nguy co rot mon
SV1438,Phan Hải Linh,GDQP102,Giáo dục quốc phòng*,GDQP102_L01,ly_thuyet,3.0,0.0,7.1930695,7.8831277,5.716814,3.9767234,9.496289,9.584489,0.23397104442119598,Nguy co rot mon,0.0,0.23397104442119598,F,Nguy co rot mon
SV1439,Phan Ngọc Hùng,INT1001,Lập trình Python,INT1001_L01,tich_hop,2.0,1.0,8.451735,4.9252076,2.9347863,3.944708,3.0114279,8.038856,5.290938536326091,An toan,4.9983306,5.290938536326091,D+,An toan
SV1439,Phan Ngọc Hùng,INT1002,Cơ sở dữ liệu,INT1002_L01,ly_thuyet,3.0,0.0,8.125173,7.7227516,5.1543255,5.8141446,4.796142,5.447779,2.6324565410614014,Nguy co rot mon,0.0,2.6324565410614014,F,Nguy co rot mon
SV1439,Phan Ngọc Hùng,INT1003,Phát triển ứng dụng,INT1003_L01,tich_hop,2.0,1.5,4.2757454,5.468049,5.8661766,3.6299837,7.578032,3.171816,5.0275895936148505,An toan,4.7932773,5.0275895936148505,D+,An toan
SV1440,Vũ Hoàng Linh,INT1001,Lập trình Python,INT1001_L01,tich_hop,2.0,1.0,7.7329063,6.9147186,1.9546838,7.6367087,7.064873,5.7984605,5.967184384663899,Nguy co rot mon,6.8333473,5.967184384663899,C,An toan
SV1440,Vũ Hoàng Linh,GDQP102,Giáo dục quốc phòng*,GDQP102_L01,ly_thuyet,3.0,0.0,5.3814692,7.9603806,7.3147283,8.701857,8.807441,3.6279833,6.096621513366699,An toan,0.0,6.096621513366699,C+,An toan
SV1441,Trần Tuấn Vy,INT1002,Cơ sở dữ liệu,INT1002_L01,ly_thuyet,3.0,0.0,5.4582787,6.2293057,3.6245084,8.3854065,3.350042,5.5475483,9.49878978729248,An toan,0.0,9.49878978729248,A+,An toan
SV1441,Trần Tuấn Vy,INT1001,Lập trình Python,INT1001_L01,tich_hop,2.0,1.0,9.751683,5.1376987,4.489937,8.568265,4.771517,3.471499,6.174435138702393,Nguy co rot mon,5.6037602,6.174435138702393,C+,An toan
SV1442,Đỗ Thu Linh,GDTC101,Giáo dục thể chất 1*,GDTC101_L01,thuc_hanh,0.0,1.0,7.1866436,9.5980015,8.2106285,9.162007,5.4010954,8.421122,3.150709629058838,Nguy co rot mon,7.661408,3.150709629058838,F,Nguy co rot mon
SV1442,Đỗ Thu Linh,INT1003,Phát triển ứng dụng,INT1003_L01,tich_hop,2.0,1.5,6.948791,2.7318141,7.696215,9.971532,8.963644,7.037506,7.020253726414272,Nguy co rot mon,8.657561,7.020253726414272,B,An toan
SV1442,Đỗ Thu Linh,GDQP102,Giáo dục quốc phòng*,GDQP102_L01,ly_thuyet,3.0,0.0,5.2143393,6.9807706,9.285618,4.219184,8.79143,7.7085714,5.864338397979736,An toan,0.0,5.864338397979736,C,An toan
SV1443,Phạm Tuấn Trang,GDQP102,Giáo dục quốc phòng*,GDQP102_L01,ly_thuyet,3.0,0.0,7.050376,6.216155,2.8240247,5.255023,7.7633862,9.520635,6.352432727813721,An toan,0.0,6.352432727813721,C+,An toan
SV1443,Phạm Tuấn Trang,INT1002,Cơ sở dữ liệu,INT1002_L01,ly_thuyet,3.0,0.0,9.225925,7.572252,4.7661858,5.5544286,6.955704,5.927657,1.7264646291732788,Nguy co rot mon,0.0,1.7264646291732788,F,Nguy co rot mon
SV1443,Phạm Tuấn Trang,INT1001,Lập trình Python,INT1001_L01,tich_hop,2.0,1.0,9.916674,8.90374,9.89944,3.6881156,4.6217465,7.1647587,8.10159174601237,Nguy co rot mon,5.158207,8.10159174601237,B+,An toan
SV1443,Phạm Tuấn Trang,INT1003,Phát triển ứng dụng,INT1003_L01,tich_hop,2.0,1.5,9.629741,6.755544,8.601422,5.4346414,6.043343,3.6892426,6.92611939566476,An toan,5.0557423,6.92611939566476,C+,An toan
SV1444,Hoàng Đức Đức,GDQP102,Giáo dục quốc phòng*,GDQP102_L01,ly_thuyet,3.0,0.0,4.655547,4.267287,3.1776876,4.464646,8.12258,6.419225,2.779479742050171,Nguy co rot mon,0.0,2.779479742050171,F,Nguy co rot mon
SV1444,Hoàng Đức Đức,INT1003,Phát triển ứng dụng,INT1003_L01,tich_hop,2.0,1.5,6.8934827,6.6970277,9.4106455,5.4422994,5.9870133,9.004323,7.300263336726597,An toan,6.811212,7.300263336726597,B,An toan
SV1444,Hoàng Đức Đức,INT1002,Cơ sở dữ liệu,INT1002_L01,ly_thuyet,3.0,0.0,5.252712,7.9170375,5.6912756,6.931293,4.6451216,5.5024495,9.028472900390625,An toan,0.0,9.028472900390625,A+,An toan
SV1444,Hoàng Đức Đức,INT1001,Lập trình Python,INT1001_L01,tich_hop,2.0,1.0,3.0952988,4.124976,8.094218,4.468897,6.4050527,9.620021,5.680328528086345,An toan,6.831323,5.680328528086345,C,An toan
SV1445,Đỗ Văn Chinh,INT1002,Cơ sở dữ liệu,INT1002_L01,ly_thuyet,3.0,0.0,2.05374,6.7806983,2.9073586,7.1287193,7.06353,6.3337283,6.510910987854004,An toan,0.0,6.510910987854004,C+,An toan
SV1445,Đỗ Văn Chinh,GDTC101,Giáo dục thể chất 1*,GDTC101_L01,thuc_hanh,0.0,1.0,4.8029265,2.9446409,2.0133789,6.906078,4.1321597,3.5661714,9.340094566345215,An toan,4.8681364,9.340094566345215,A+,An toan
SV1446,Đỗ Ngọc Đức,INT1001,Lập trình Python,INT1001_L01,tich_hop,2.0,1.0,6.807135,5.9404387,6.642677,5.915927,7.9619017,6.1997557,6.539787292480469,Nguy co rot mon,6.692528,6.539787292480469,C+,An toan
SV1446,Đỗ Ngọc Đức,GDQP102,Giáo dục quốc phòng*,GDQP102_L01,ly_thuyet,3.0,0.0,4.1513677,6.7756305,7.7214756,6.895106,6.761235,9.028467,6.121060371398926,An toan,0.0,6.121060371398926,C+,An toan
SV1446,Đỗ Ngọc Đức,INT1002,Cơ sở dữ liệu,INT1002_L01,ly_thuyet,3.0,0.0,3.4822676,3.214852,5.846057,6.189474,6.6479397,5.903512,1.1435223817825317,Nguy co rot mon,0.0,1.1435223817825317,F,Nguy co rot mon
SV1447,Đỗ Thảo Hùng,INT1002,Cơ sở dữ liệu,INT1002_L01,ly_thuyet,3.0,0.0,3.3235898,8.529176,6.9619083,6.6468987,9.22697,7.8066387,0.013254635967314243,Nguy co rot mon,0.0,0.013254635967314243,F,Nguy co rot mon
SV1447,Đỗ Thảo Hùng,GDQP102,Giáo dục quốc phòng*,GDQP102_L01,ly_thuyet,3.0,0.0,3.2750766,7.86232,7.8713164,4.3616853,6.651566,8.607838,9.277010917663574,An toan,0.0,9.277010917663574,A+,An toan
SV1447,Đỗ Thảo Hùng,GDTC101,Giáo dục thể chất 1*,GDTC101_L01,thuc_hanh,0.0,1.0,8.676915,5.1614146,5.77041,7.2281685,6.547299,7.815795,8.255224227905273,An toan,7.197088,8.255224227905273,B+,An toan
SV1448,Đỗ Thảo Nam,GDTC101,Giáo dục thể chất 1*,GDTC101_L01,thuc_hanh,0.0,1.0,8.235091,2.0165648,2.6537902,4.2881355,7.689965,7.830441,1.5051573514938354,Nguy co rot mon,6.6028466,1.5051573514938354,F,Nguy co rot mon
SV1448,Đỗ Thảo Nam,INT1003,Phát triển ứng dụng,INT1003_L01,tich_hop,2.0,1.5,4.1664324,9.458186,9.429703,3.041305,5.0842595,5.6812925,6.363707610539028,Nguy co rot mon,4.602286,6.363707610539028,C+,An toan
SV1449,Đỗ Ngọc Trang,GDTC101,Giáo dục thể chất 1*,GDTC101_L01,thuc_hanh,0.0,1.0,2.1579561,9.659856,3.2182555,5.388414,8.062228,5.745966,4.355421543121338,An toan,6.398869,4.355421543121338,D,An toan
SV1449,Đỗ Ngọc Trang,INT1002,Cơ sở dữ liệu,INT1002_L01,ly_thuyet,3.0,0.0,5.0172753,7.2242665,6.3229394,5.035693,9.985151,4.1569185,5.045796871185303,An toan,0.0,5.045796871185303,D+,An toan
SV1449,Đỗ Ngọc Trang,INT1001,Lập trình Python,INT1001_L01,tich_hop,2.0,1.0,6.664743,5.5746818,4.894382,4.7047753,9.880962,9.882495,6.526205062866211,Nguy co rot mon,8.156077,6.526205062866211,C+,An toan
SV1449,Đỗ Ngọc Trang,GDQP102,Giáo dục quốc phòng*,GDQP102_L01,ly_thuyet,3.0,0.0,2.7563853,2.9791262,8.627216,4.6909027,6.093703,7.769766,8.388411521911621,An toan,0.0,8.388411521911621,B+,An toan
SV1450,Vũ Tuấn Trang,GDQP102,Giáo dục quốc phòng*,GDQP102_L01,ly_thuyet,3.0,0.0,4.4110904,4.817515,7.157753,8.773392,8.270184,6.3568416,8.334858894348145,An toan,0.0,8.334858894348145,B+,An toan
SV1450,Vũ Tuấn Trang,GDTC101,Giáo dục thể chất 1*,GDTC101_L01,thuc_hanh,0.0,1.0,7.845159,5.4075804,2.9865162,8.682079,4.2410455,4.6365266,4.98934268951416,An toan,5.8532166,4.98934268951416,D,An toan
SV1450,Vũ Tuấn Trang,INT1001,Lập trình Python,INT1001_L01,tich_hop,2.0,1.0,4.4524083,2.396143,3.8199704,5.424158,4.2354527,9.940492,4.548571745554606,Nguy co rot mon,6.533367,4.548571745554606,D,An toan
SV1450,Vũ Tuấn Trang,INT1002,Cơ sở dữ liệu,INT1002_L01,ly_thuyet,3.0,0.0,8.630476,5.0348954,5.1888266,9.680232,6.2955947,3.1041112,2.759758472442627,Nguy co rot mon,0.0,2.759758472442627,F,Nguy co rot mon
SV1451,Phan Thu Linh,GDQP102,Giáo dục quốc phòng*,GDQP102_L01,ly_thuyet,3.0,0.0,9.216509,9.749173,6.693718,4.663553,6.683267,5.8837557,0.8517295718193054,Nguy co rot mon,0.0,0.8517295718193054,F,Nguy co rot mon
SV1451,Phan Thu Linh,INT1003,Phát triển ứng dụng,INT1003_L01,tich_hop,2.0,1.5,5.9138236,5.363062,1.2977198,3.11547,6.4999094,5.9158387,4.6139084952218195,Nguy co rot mon,5.1770725,4.6139084952218195,D,An toan
SV1451,Phan Thu Linh,INT1001,Lập trình Python,INT1001_L01,tich_hop,2.0,1.0,3.1859734,3.0529225,6.1679273,7.4499235,5.745779,5.3351507,4.816055456797282,Nguy co rot mon,6.176951,4.816055456797282,D,An toan
SV1452,Hoàng Thu Đức,GDTC101,Giáo dục thể chất 1*,GDTC101_L01,thuc_hanh,0.0,1.0,8.816986,7.4932795,1.9847715,7.9212146,9.096735,9.972491,5.4651055335998535,An toan,8.996814,5.4651055335998535,D+,An toan
SV1452,Hoàng Thu Đức,INT1001,Lập trình Python,INT1001_L01,tich_hop,2.0,1.0,3.1356645,2.7778597,1.284453,4.1229568,3.7044945,8.137442,3.373427391052246,An toan,5.321631,3.373427391052246,F,Nguy co rot mon
SV1452,Hoàng Thu Đức,INT1002,Cơ sở dữ liệu,INT1002_L01,ly_thuyet,3.0,0.0,8.103884,7.8362417,4.944489,9.528982,4.937177,5.9504237,3.7491114139556885,Nguy co rot mon,0.0,3.7491114139556885,F,Nguy co rot mon
SV1452,Hoàng Thu Đức,GDQP102,Giáo dục quốc phòng*,GDQP102_L01,ly_thuyet,3.0,0.0,6.3953605,9.122098,1.7594476,4.9301653,8.20328,3.2289135,0.06109485402703285,Nguy co rot mon,0.0,0.06109485402703285,F,Nguy co rot mon
SV1453,Phan Đức Phương,INT1003,Phát triển ứng dụng,INT1003_L01,tich_hop,2.0,1.5,2.6728098,7.9345927,8.017522,9.820978,4.662656,8.745762,6.866089616503034,An toan,7.743132,6.866089616503034,C+,An toan
SV1453,Phan Đức Phương,INT1001,Lập trình Python,INT1001_L01,tich_hop,2.0,1.0,9.318568,6.4024706,2.4947772,8.824059,3.8148425,9.395321,6.496206124623616,Nguy co rot mon,7.3447404,6.496206124623616,C+,An toan
SV1454,Trần Thị Khoa,INT1001,Lập trình Python,INT1001_L01,tich_hop,2.0,1.0,8.506038,4.6612697,1.2288495,9.745307,5.2886615,7.5539174,5.708910942077637,An toan,7.529295,5.708910942077637,C,An toan
SV1454,Trần Thị Khoa,GDTC101,Giáo dục thể chất 1*,GDTC101_L01,thuc_hanh,0.0,1.0,6.9501486,8.649303,9.303019,4.421735,9.928128,7.4160504,5.101133346557617,An toan,7.2553043,5.101133346557617,D+,An toan
SV1454,Trần Thị Khoa,GDQP102,Giáo dục quốc phòng*,GDQP102_L01,ly_thuyet,3.0,0.0,3.77252,9.381998,3.8646815,4.7894053,5.2563615,5.3654103,0.19118469953536987,Nguy co rot mon,0.0,0.19118469953536987,F,Nguy co rot mon
SV1455,Nguyễn Thảo An,INT1001,Lập trình Python,INT1001_L01,tich_hop,2.0,1.0,6.673039,4.5747585,5.50634,4.1233687,9.844538,8.3741,6.205586910247803,Nguy co rot mon,7.4473357,6.205586910247803,C+,An toan
SV1455,Nguyễn Thảo An,GDTC101,Giáo dục thể chất 1*,GDTC101_L01,thuc_hanh,0.0,1.0,4.4896593,5.8650694,9.860235,9.841255,7.044003,3.4955926,4.973814964294434,An toan,6.793617,4.973814964294434,D,An toan
SV1455,Nguyễn Thảo An,INT1003,Phát triển ứng dụng,INT1003_L01,tich_hop,2.0,1.5,5.10412,4.381695,9.290507,4.472196,8.614194,9.39192,6.787629195622036,Nguy co rot mon,7.4927697,6.787629195622036,C+,An toan
SV1456,Phạm Văn Bình,INT1002,Cơ sở dữ liệu,INT1002_L01,ly_thuyet,3.0,0.0,8.241682,4.943183,1.901735,5.917282,3.765945,6.1464243,1.8392258882522583,Nguy co rot mon,0.0,1.8392258882522583,F,Nguy co rot mon
SV1456,Phạm Văn Bình,GDQP102,Giáo dục quốc phòng*,GDQP102_L01,ly_thuyet,3.0,0.0,2.4384737,5.020905,9.780413,4.3314323,4.3238263,7.721018,3.6765859127044678,Nguy co rot mon,0.0,3.6765859127044678,F,Nguy co rot mon
SV1457,Phạm Tuấn Đức,INT1003,Phát triển ứng dụng,INT1003_L01,tich_hop,2.0,1.5,2.771479,7.757293,9.622693,5.995213,5.7166386,3.8496253,6.061442715781076,An toan,5.187159,6.061442715781076,C+,An toan
SV1457,Phạm Tuấn Đức,GDTC101,Giáo dục thể chất 1*,GDTC101_L01,thuc_hanh,0.0,1.0,4.9648466,4.009155,2.7692988,9.462269,7.706092,6.4139643,4.81451416015625,An toan,7.860775,4.81451416015625,D,An toan
SV1457,Phạm Tuấn Đức,INT1002,Cơ sở dữ liệu,INT1002_L01,ly_thuyet,3.0,0.0,2.0606863,3.7351131,9.258122,5.62569,5.648855,8.369415,9.807184219360352,An toan,0.0,9.807184219360352,A+,An toan
SV1458,Phan Ngọc Anh,INT1001,Lập trình Python,INT1001_L01,tich_hop,2.0,1.0,4.4207163,3.9105654,6.3456717,5.908311,7.837615,4.532943,5.292530695597331,Nguy co rot mon,6.0929565,5.292530695597331,D+,An toan
SV1458,Phan Ngọc Anh,INT1003,Phát triển ứng dụng,INT1003_L01,tich_hop,2.0,1.5,5.9772215,5.8133507,2.6090846,3.9896657,8.661214,3.709701,5.08001743044172,Nguy co rot mon,5.453527,5.08001743044172,D+,An toan
SV1459,Đặng Minh Vy,INT1001,Lập trình Python,INT1001_L01,tich_hop,2.0,1.0,6.376216,3.7966256,9.223971,7.385559,4.714063,3.5206056,6.045983791351318,An toan,5.206743,6.045983791351318,C+,An toan
SV1459,Đặng Minh Vy,INT1003,Phát triển ứng dụng,INT1003_L01,tich_hop,2.0,1.5,3.1219711,5.559347,5.449898,3.6929903,7.7399926,4.9747615,5.035623754773821,An toan,5.4692483,5.035623754773821,D+,An toan
SV1459,Đặng Minh Vy,GDQP102,Giáo dục quốc phòng*,GDQP102_L01,ly_thuyet,3.0,0.0,9.195652,8.273813,8.326278,4.4408264,3.468236,8.642937,0.04510092735290527,Nguy co rot mon,0.0,0.04510092735290527,F,Nguy co rot mon
SV1460,Đỗ Đức Nam,INT1002,Cơ sở dữ liệu,INT1002_L01,ly_thuyet,3.0,0.0,5.1155634,8.760664,7.875313,9.108503,9.616153,8.166511,8.826837539672852,An toan,0.0,8.826837539672852,A,An toan
SV1460,Đỗ Đức Nam,GDTC101,Giáo dục thể chất 1*,GDTC101_L01,thuc_hanh,0.0,1.0,8.288328,4.1080947,5.7875104,7.691455,6.1154666,4.616767,9.96383285522461,An toan,6.141229,9.96383285522461,A+,An toan
SV1460,Đỗ Đức Nam,GDQP102,Giáo dục quốc phòng*,GDQP102_L01,ly_thuyet,3.0,0.0,7.04694,9.859823,1.4573464,9.934409,6.3207846,3.6482208,8.986933708190918,An toan,0.0,8.986933708190918,A,An toan
SV1461,Trần Thị Anh,INT1001,Lập trình Python,INT1001_L01,tich_hop,2.0,1.0,3.5283885,9.512314,5.563841,3.151463,7.389241,5.4058228,5.906179587046306,An toan,5.3155093,5.906179587046306,C,An toan
SV1461,Trần Thị Anh,GDTC101,Giáo dục thể chất 1*,GDTC101_L01,thuc_hanh,0.0,1.0,6.403083,8.169664,8.534544,7.3499193,4.7419415,8.159108,5.615413188934326,An toan,6.750323,5.615413188934326,C,An toan
SV1461,Trần Thị Anh,INT1002,Cơ sở dữ liệu,INT1002_L01,ly_thuyet,3.0,0.0,2.2325737,2.5989056,6.2150745,5.937697,9.0798855,3.7215385,5.822956085205078,An toan,0.0,5.822956085205078,C,An toan
SV1462,Trần Hoàng Khoa,INT1002,Cơ sở dữ liệu,INT1002_L01,ly_thuyet,3.0,0.0,8.170612,2.6727393,2.0591633,6.1650696,8.064717,7.4904723,5.243764877319336,An toan,0.0,5.243764877319336,D+,An toan
SV1462,Trần Hoàng Khoa,INT1001,Lập trình Python,INT1001_L01,tich_hop,2.0,1.0,2.33342,3.0828962,3.3694649,9.025478,4.093499,6.072832,4.084819157918294,An toan,6.39727,4.084819157918294,D,An toan
SV1462,Trần Hoàng Khoa,INT1003,Phát triển ứng dụng,INT1003_L01,tich_hop,2.0,1.5,3.5990763,9.054882,5.366729,6.383566,3.2416441,6.9932256,5.806573867797852,An toan,5.5394783,5.806573867797852,C,An toan
SV1463,Phan Thảo Khoa,GDQP102,Giáo dục quốc phòng*,GDQP102_L01,ly_thuyet,3.0,0.0,8.773833,9.337618,1.3192395,7.6184316,6.876119,7.2885804,5.2891459465026855,An toan,0.0,5.2891459465026855,D+,An toan
SV1463,Phan Thảo Khoa,INT1001,Lập trình Python,INT1001_L01,tich_hop,2.0,1.0,6.8216686,5.0458636,1.995923,4.482426,6.6339693,4.0557656,4.7665635744730634,An toan,5.057387,4.7665635744730634,D,An toan
SV1463,Phan Thảo Khoa,INT1003,Phát triển ứng dụng,INT1003_L01,tich_hop,2.0,1.5,9.151606,6.753556,9.336269,6.3306675,5.4540176,8.760847,7.7429673331124445,Nguy co rot mon,6.8485107,7.7429673331124445,B,An toan
SV1464,Lê Thị Anh,GDQP102,Giáo dục quốc phòng*,GDQP102_L01,ly_thuyet,3.0,0.0,2.8403447,5.60546,8.146651,6.079601,5.193353,3.296157,2.9509024620056152,Nguy co rot mon,0.0,2.9509024620056152,F,Nguy co rot mon
SV1464,Lê Thị Anh,INT1003,Phát triển ứng dụng,INT1003_L01,tich_hop,2.0,1.5,4.308854,5.9285927,1.2164063,7.3578286,8.146936,3.7668052,4.934767859322684,An toan,6.4238567,4.934767859322684,D,An toan
SV1465,Lê Thảo Bình,INT1001,Lập trình Python,INT1001_L01,tich_hop,2.0,1.0,9.40527,7.546211,6.9777427,5.9726996,6.1740217,6.8106704,7.4239821434021,An toan,6.3191304,7.4239821434021,B,An toan
SV1465,Lê Thảo Bình,INT1003,Phát triển ứng dụng,INT1003_L01,tich_hop,2.0,1.5,7.838371,8.617488,3.1694658,4.233603,9.6082945,4.3360424,6.335005555834089,Nguy co rot mon,6.0593133,6.335005555834089,C+,An toan
SV1466,Đỗ Thu Đức,INT1001,Lập trình Python,INT1001_L01,tich_hop,2.0,1.0,6.8789954,7.8993263,2.2247734,6.136117,6.6517663,5.880158,5.852692445119222,An toan,6.2226806,5.852692445119222,C,An toan
SV1466,Đỗ Thu Đức,GDTC101,Giáo dục thể chất 1*,GDTC101_L01,thuc_hanh,0.0,1.0,7.9400067,5.1684904,5.657413,5.4628425,6.3345957,4.7818146,7.408051490783691,An toan,5.5264173,7.408051490783691,B,An toan
SV1466,Đỗ Thu Đức,GDQP102,Giáo dục quốc phòng*,GDQP102_L01,ly_thuyet,3.0,0.0,8.422039,2.7419355,4.4348845,7.034494,6.1459494,8.463367,4.05305290222168,An toan,0.0,4.05305290222168,D,An toan
SV1466,Đỗ Thu Đức,INT1003,Phát triển ứng dụng,INT1003_L01,tich_hop,2.0,1.5,5.3644385,4.0950904,8.182459,4.928071,4.417236,6.7237267,5.65595463344029,Nguy co rot mon,5.356344,5.65595463344029,C,An toan
SV1467,Bùi Văn Vy,INT1002,Cơ sở dữ liệu,INT1002_L01,ly_thuyet,3.0,0.0,6.2125063,2.1342473,2.8515742,6.5354576,3.6243732,4.0436907,3.930180072784424,Nguy co rot mon,0.0,3.930180072784424,F,Nguy co rot mon
SV1467,Bùi Văn Vy,INT1001,Lập trình Python,INT1001_L01,tich_hop,2.0,1.0,4.95596,6.2857575,7.7957473,7.481022,6.5899115,3.8063545,6.216913064320882,Nguy co rot mon,5.9590964,6.216913064320882,C+,An toan
SV1467,Bùi Văn Vy,GDQP102,Giáo dục quốc phòng*,GDQP102_L01,ly_thuyet,3.0,0.0,7.122685,7.8721485,2.7136302,5.034297,4.5714006,3.0123482,2.7183966636657715,Nguy co rot mon,0.0,2.7183966636657715,F,Nguy co rot mon
SV1467,Bùi Văn Vy,GDTC101,Giáo dục thể chất 1*,GDTC101_L01,thuc_hanh,0.0,1.0,7.4620233,4.6503305,8.60115,7.3712006,5.835581,7.7575316,8.823982238769531,An toan,6.9881043,8.823982238769531,A,An toan
SV1468,Lê Đức Bình,GDTC101,Giáo dục thể chất 1*,GDTC101_L01,thuc_hanh,0.0,1.0,9.495246,8.796767,5.04082,8.001689,8.460616,5.029089,3.166888475418091,Nguy co rot mon,7.163798,3.166888475418091,F,Nguy co rot mon
SV1468,Lê Đức Bình,INT1003,Phát triển ứng dụng,INT1003_L01,tich_hop,2.0,1.5,5.559839,7.169462,4.0368,7.604221,5.179966,3.6976907,5.548097337995257,An toan,5.4939594,5.548097337995257,C,An toan
SV1469,Trần Minh Anh,GDTC101,Giáo dục thể chất 1*,GDTC101_L01,thuc_hanh,0.0,1.0,3.71955,8.656171,9.27786,8.318705,8.121573,9.300651,8.547568321228027,An toan,8.58031,8.547568321228027,A,An toan
SV1469,Trần Minh Anh,INT1001,Lập trình Python,INT1001_L01,tich_hop,2.0,1.0,3.6684833,8.8666725,6.061138,7.079879,9.4946575,5.2893605,6.561831633249919,An toan,7.2879653,6.561831633249919,C+,An toan
SV1469,Trần Minh Anh,INT1002,Cơ sở dữ liệu,INT1002_L01,ly_thuyet,3.0,0.0,6.488144,2.5699062,8.987203,5.898427,9.267213,6.7908654,3.8228204250335693,Nguy co rot mon,0.0,3.8228204250335693,F,Nguy co rot mon
SV1469,Trần Minh Anh,GDQP102,Giáo dục quốc phòng*,GDQP102_L01,ly_thuyet,3.0,0.0,8.627768,2.5034902,6.7962465,5.56547,4.3522053,7.893648,0.8834929466247559,Nguy co rot mon,0.0,0.8834929466247559,F,Nguy co rot mon
SV1470,Đặng Thu Đức,INT1001,Lập trình Python,INT1001_L01,tich_hop,2.0,1.0,2.6902764,2.8587482,3.3042686,8.998496,6.713067,3.6891813,4.123036861419678,Nguy co rot mon,6.466915,4.123036861419678,D,An toan
SV1470,Đặng Thu Đức,INT1002,Cơ sở dữ liệu,INT1002_L01,ly_thuyet,3.0,0.0,2.5424542,3.3923182,4.58591,6.0001044,9.514853,3.6290658,0.2168574035167694,Nguy co rot mon,0.0,0.2168574035167694,F,Nguy co rot mon
SV1471,Bùi Ngọc Chinh,INT1002,Cơ sở dữ liệu,INT1002_L01,ly_thuyet,3.0,0.0,8.836435,3.0756817,3.327718,9.23375,3.122542,7.100972,0.07118351757526398,Nguy co rot mon,0.0,0.07118351757526398,F,Nguy co rot mon
SV1471,Bùi Ngọc Chinh,INT1003,Phát triển ứng dụng,INT1003_L01,tich_hop,2.0,1.5,6.0543613,4.2114863,8.094516,4.771395,7.2263618,8.379155,6.40819924218314,Nguy co rot mon,6.7923036,6.40819924218314,C+,An toan
SV1471,Bùi Ngọc Chinh,GDQP102,Giáo dục quốc phòng*,GDQP102_L01,ly_thuyet,3.0,0.0,3.9689038,6.013424,6.598696,5.604433,8.126734,5.5649753,9.273942947387695,An toan,0.0,9.273942947387695,A+,An toan
SV1471,Bùi Ngọc Chinh,GDTC101,Giáo dục thể chất 1*,GDTC101_L01,thuc_hanh,0.0,1.0,7.057215,2.3516123,7.4932566,3.4414697,5.882385,7.9197783,6.6666717529296875,An toan,5.7478776,6.6666717529296875,C+,An toan
SV1472,Vũ Minh Đức,GDQP102,Giáo dục quốc phòng*,GDQP102_L01,ly_thuyet,3.0,0.0,2.8591323,7.8702555,1.7373831,6.6508904,5.316845,8.923533,2.0038375854492188,Nguy co rot mon,0.0,2.0038375854492188,F,Nguy co rot mon
SV1472,Vũ Minh Đức,INT1001,Lập trình Python,INT1001_L01,tich_hop,2.0,1.0,4.8064256,6.3383036,6.7261434,8.969489,5.4478264,9.996067,6.683903058369954,An toan,8.1377945,6.683903058369954,C+,An toan
SV1472,Vũ Minh Đức,GDTC101,Giáo dục thể chất 1*,GDTC101_L01,thuc_hanh,0.0,1.0,3.4840477,6.547738,8.510333,8.760834,3.5151994,6.09046,6.363513946533203,An toan,6.1221642,6.363513946533203,C+,An toan
SV1472,Vũ Minh Đức,INT1002,Cơ sở dữ liệu,INT1002_L01,ly_thuyet,3.0,0.0,9.423425,9.756355,2.6068501,4.665494,4.617502,8.052827,1.987091064453125,Nguy co rot mon,0.0,1.987091064453125,F,Nguy co rot mon
SV1473,Bùi Văn Phương,INT1001,Lập trình Python,INT1001_L01,tich_hop,2.0,1.0,3.71562,5.8609734,2.4994817,4.3318863,4.078843,6.8825755,4.382828235626221,An toan,5.0977683,4.382828235626221,D,An toan
SV1473,Bùi Văn Phương,INT1002,Cơ sở dữ liệu,INT1002_L01,ly_thuyet,3.0,0.0,9.41646,8.076229,3.6321685,7.1084857,5.4122143,8.143387,3.759045362472534,Nguy co rot mon,0.0,3.759045362472534,F,Nguy co rot mon
SV1474,Đặng Thị Trang,INT1001,Lập trình Python,INT1001_L01,tich_hop,2.0,1.0,3.3090286,2.177245,4.948299,5.894688,4.292726,6.4051633,4.162413438161214,Nguy co rot mon,5.530859,4.162413438161214,D,An toan
SV1474,Đặng Thị Trang,INT1003,Phát triển ứng dụng,INT1003_L01,tich_hop,2.0,1.5,7.721073,7.476712,9.643038,5.608679,4.88577,9.739531,7.622153690883091,An toan,6.7446594,7.622153690883091,B,An toan
SV1475,Phan Hoàng Anh,GDTC101,Giáo dục thể chất 1*,GDTC101_L01,thuc_hanh,0.0,1.0,7.6072936,5.7198496,4.0675635,7.7993383,6.606938,9.547473,7.656612873077393,An toan,7.9845834,7.656612873077393,B,An toan
SV1475,Phan Hoàng Anh,INT1001,Lập trình Python,INT1001_L01,tich_hop,2.0,1.0,7.5938034,2.3981686,7.341208,7.6977177,8.176845,8.118423,6.517704963684082,Nguy co rot mon,7.9976616,6.517704963684082,C+,An toan
SV1476,Trần Thị Vy,INT1002,Cơ sở dữ liệu,INT1002_L01,ly_thuyet,3.0,0.0,8.656789,2.9305384,8.026232,6.4159193,5.95588,5.6311107,5.662236213684082,An toan,0.0,5.662236213684082,C,An toan
SV1476,Trần Thị Vy,INT1001,Lập trình Python,INT1001_L01,tich_hop,2.0,1.0,6.2261133,6.1054173,7.198801,6.0153165,9.50307,9.158261,7.081923166910808,Nguy co rot mon,8.225549,7.081923166910808,B,An toan
SV1476,Trần Thị Vy,GDQP102,Giáo dục quốc phòng*,GDQP102_L01,ly_thuyet,3.0,0.0,8.050274,9.067063,1.5758811,3.9292047,8.557426,9.227449,5.116340637207031,An toan,0.0,5.116340637207031,D+,An toan
SV1476,Trần Thị Vy,GDTC101,Giáo dục thể chất 1*,GDTC101_L01,thuc_hanh,0.0,1.0,7.499812,6.479951,2.776916,8.957172,7.87411,7.4083624,9.938973426818848,An toan,8.079883,9.938973426818848,A+,An toan
SV1477,Đặng Thị Khoa,INT1001,Lập trình Python,INT1001_L01,tich_hop,2.0,1.0,7.5412526,5.5519204,6.844198,7.85736,5.8987083,8.251161,6.875774383544922,Nguy co rot mon,7.335743,6.875774383544922,C+,An toan
SV1477,Đặng Thị Khoa,GDQP102,Giáo dục quốc phòng*,GDQP102_L01,ly_thuyet,3.0,0.0,4.607966,3.18027,6.1252866,4.582384,5.3353605,9.164727,0.43717798590660095,Nguy co rot mon,0.0,0.43717798590660095,F,Nguy co rot mon
SV1477,Đặng Thị Khoa,INT1002,Cơ sở dữ liệu,INT1002_L01,ly_thuyet,3.0,0.0,6.5209885,4.9823146,4.517838,5.330004,7.5300326,3.5583231,9.704141616821289,An toan,0.0,9.704141616821289,A+,An toan
SV1478,Đặng Hải Nam,GDTC101,Giáo dục thể chất 1*,GDTC101_L01,thuc_hanh,0.0,1.0,2.5107954,7.3332396,8.822141,5.9632664,3.1867983,8.41508,7.401242256164551,An toan,5.8550477,7.401242256164551,B,An toan
SV1478,Đặng Hải Nam,INT1001,Lập trình Python,INT1001_L01,tich_hop,2.0,1.0,8.773659,2.0662286,1.9782691,7.0013933,9.669813,5.73695,5.3382744789123535,Nguy co rot mon,7.4693856,5.3382744789123535,D+,An toan
SV1478,Đặng Hải Nam,INT1003,Phát triển ứng dụng,INT1003_L01,tich_hop,2.0,1.5,6.2166834,5.9303746,1.7936766,4.814197,7.5212607,5.6795645,5.228952612195696,Nguy co rot mon,6.0050073,5.228952612195696,D+,An toan
SV1478,Đặng Hải Nam,GDQP102,Giáo dục quốc phòng*,GDQP102_L01,ly_thuyet,3.0,0.0,4.083504,7.8929663,1.6694986,9.439016,5.5566015,8.739489,4.488101959228516,An toan,0.0,4.488101959228516,D,An toan
SV1479,Phan Thị Anh,INT1001,Lập trình Python,INT1001_L01,tich_hop,2.0,1.0,2.9834862,5.909039,2.2170177,4.001021,7.9182777,5.9995904,4.459774971008301,An toan,5.972963,4.459774971008301,D,An toan
SV1479,Phan Thị Anh,GDTC101,Giáo dục thể chất 1*,GDTC101_L01,thuc_hanh,0.0,1.0,6.086819,3.1383488,3.5282047,6.386693,3.3868763,5.6316667,2.5179061889648438,Nguy co rot mon,5.1350784,2.5179061889648438,F,Nguy co rot mon
SV1479,Phan Thị Anh,INT1002,Cơ sở dữ liệu,INT1002_L01,ly_thuyet,3.0,0.0,9.89309,5.2386584,8.238302,5.7044153,5.8345942,6.698838,6.468044281005859,An toan,0.0,6.468044281005859,C+,An toan
SV1479,Phan Thị Anh,GDQP102,Giáo dục quốc phòng*,GDQP102_L01,ly_thuyet,3.0,0.0,3.4294667,3.664608,9.2692995,9.335772,7.490108,4.5357094,6.181279182434082,An toan,0.0,6.181279182434082,C+,An toan
SV1480,Trần Hoàng Phương,INT1001,Lập trình Python,INT1001_L01,tich_hop,2.0,1.0,9.267939,8.194525,7.018323,9.18705,6.0644364,4.5540605,7.640790939331055,An toan,6.6018486,7.640790939331055,B,An toan
SV1480,Trần Hoàng Phương,INT1002,Cơ sở dữ liệu,INT1002_L01,ly_thuyet,3.0,0.0,8.253418,7.6380267,1.5850973,4.0878654,5.712426,7.683903,3.415802001953125,Nguy co rot mon,0.0,3.415802001953125,F,Nguy co rot mon
SV1480,Trần Hoàng Phương,INT1003,Phát triển ứng dụng,INT1003_L01,tich_hop,2.0,1.5,6.4226775,4.3119135,8.581863,3.5798924,8.998204,4.1601896,6.070508071354458,An toan,5.579428,6.070508071354458,C+,An toan
SV1480,Trần Hoàng Phương,GDTC101,Giáo dục thể chất 1*,GDTC101_L01,thuc_hanh,0.0,1.0,6.46979,8.427541,3.9703567,7.7167406,8.51155,8.15841,0.6586133241653442,Nguy co rot mon,8.1289,0.6586133241653442,F,Nguy co rot mon
SV1481,Bùi Thu Nam,INT1001,Lập trình Python,INT1001_L01,tich_hop,2.0,1.0,2.54753,3.1845417,7.6890836,9.622887,7.0099025,7.3138285,5.643214384714763,Nguy co rot mon,7.982206,5.643214384714763,C,An toan
SV1481,Bùi Thu Nam,GDTC101,Giáo dục thể chất 1*,GDTC101_L01,thuc_hanh,0.0,1.0,9.999489,7.181042,8.018776,7.5974927,9.276581,9.5072155,0.13412779569625854,Nguy co rot mon,8.793763,0.13412779569625854,F,Nguy co rot mon
SV1482,Hoàng Đức Phương,INT1002,Cơ sở dữ liệu,INT1002_L01,ly_thuyet,3.0,0.0,9.0568075,9.909102,3.5075877,4.1181755,5.4610906,8.856915,2.3357601165771484,Nguy co rot mon,0.0,2.3357601165771484,F,Nguy co rot mon
SV1482,Hoàng Đức Phương,INT1003,Phát triển ứng dụng,INT1003_L01,tich_hop,2.0,1.5,6.2761564,5.8409705,9.836568,7.9061756,3.46178,4.1806703,6.402888093675886,An toan,5.182875,6.402888093675886,C+,An toan
SV1482,Hoàng Đức Phương,INT1001,Lập trình Python,INT1001_L01,tich_hop,2.0,1.0,4.055143,9.873595,1.8605727,5.2269416,7.7846956,9.291652,5.986878712972005,An toan,7.434429,5.986878712972005,C,An toan
SV1482,Hoàng Đức Phương,GDQP102,Giáo dục quốc phòng*,GDQP102_L01,ly_thuyet,3.0,0.0,5.5883846,4.5310407,4.570697,8.512501,8.590835,5.2637067,0.5513224005699158,Nguy co rot mon,0.0,0.5513224005699158,F,Nguy co rot mon
SV1483,Đặng Thị Khoa,INT1002,Cơ sở dữ liệu,INT1002_L01,ly_thuyet,3.0,0.0,2.0948496,7.1952486,1.7397897,6.7780795,9.486165,3.2657037,9.6627836227417,An toan,0.0,9.6627836227417,A+,An toan
SV1483,Đặng Thị Khoa,INT1001,Lập trình Python,INT1001_L01,tich_hop,2.0,1.0,3.1208162,9.886188,5.6756744,8.035024,3.6574335,7.9276443,6.331717650095622,Nguy co rot mon,6.540034,6.331717650095622,C+,An toan
SV1483,Đặng Thị Khoa,INT1003,Phát triển ứng dụng,INT1003_L01,tich_hop,2.0,1.5,8.260288,9.625484,2.5784156,8.018857,3.0912306,7.6250434,6.574387618473598,Nguy co rot mon,6.2450433,6.574387618473598,C+,An toan
SV1484,Nguyễn Thu Vy,INT1002,Cơ sở dữ liệu,INT1002_L01,ly_thuyet,3.0,0.0,5.1102557,2.7136662,3.937853,9.023983,4.2988925,6.8917017,3.4703176021575928,Nguy co rot mon,0.0,3.4703176021575928,F,Nguy co rot mon
SV1484,Nguyễn Thu Vy,INT1001,Lập trình Python,INT1001_L01,tich_hop,2.0,1.0,8.076925,2.8525374,9.004787,9.544928,4.0556645,8.176401,6.849499225616455,Nguy co rot mon,7.2589974,6.849499225616455,C+,An toan
SV1484,Nguyễn Thu Vy,INT1003,Phát triển ứng dụng,INT1003_L01,tich_hop,2.0,1.5,5.7429643,7.5791745,6.5191646,4.1811533,6.45518,8.070345,6.4516784123012,An toan,6.2355595,6.4516784123012,C+,An toan
SV1484,Nguyễn Thu Vy,GDTC101,Giáo dục thể chất 1*,GDTC101_L01,thuc_hanh,0.0,1.0,3.6208947,6.660856,7.109982,8.013224,3.193022,8.597096,1.7980037927627563,Nguy co rot mon,6.601114,1.7980037927627563,F,Nguy co rot mon
SV1485,Đặng Thu An,INT1001,Lập trình Python,INT1001_L01,tich_hop,2.0,1.0,4.079746,7.2878256,1.7210228,9.958403,8.885119,8.820783,5.982387860616048,An toan,9.221435,5.982387860616048,C,An toan
SV1485,Đặng Thu An,INT1002,Cơ sở dữ liệu,INT1002_L01,ly_thuyet,3.0,0.0,5.50221,5.44168,9.807264,7.503018,3.028885,7.832958,2.4745287895202637,Nguy co rot mon,0.0,2.4745287895202637,F,Nguy co rot mon
SV1485,Đặng Thu An,INT1003,Phát triển ứng dụng,INT1003_L01,tich_hop,2.0,1.5,4.2057667,8.740512,8.49349,4.755306,3.5845814,4.4947014,5.917278289794922,Nguy co rot mon,4.2781963,5.917278289794922,C,An toan
SV1486,Đặng Thu Phương,GDQP102,Giáo dục quốc phòng*,GDQP102_L01,ly_thuyet,3.0,0.0,5.5162582,3.1433628,4.1923213,6.935444,9.084971,6.5499063,7.578248023986816,An toan,0.0,7.578248023986816,B,An toan
SV1486,Đặng Thu Phương,INT1001,Lập trình Python,INT1001_L01,tich_hop,2.0,1.0,6.8794127,8.80846,4.610703,3.8972957,3.180588,3.4784641,5.683722178141276,Nguy co rot mon,3.5187826,5.683722178141276,C,An toan
SV1487,Đỗ Văn Anh,INT1002,Cơ sở dữ liệu,INT1002_L01,ly_thuyet,3.0,0.0,8.239723,8.342759,3.0281632,8.018225,9.516094,5.9699388,9.580156326293945,An toan,0.0,9.580156326293945,A+,An toan
SV1487,Đỗ Văn Anh,INT1003,Phát triển ứng dụng,INT1003_L01,tich_hop,2.0,1.5,7.196,2.7996287,2.5270808,6.8065825,7.049649,4.6737337,5.032415662493024,An toan,6.176655,5.032415662493024,D+,An toan
SV1487,Đỗ Văn Anh,INT1001,Lập trình Python,INT1001_L01,tich_hop,2.0,1.0,6.8771086,5.4781947,2.2053683,7.6456194,3.5950286,9.520403,5.542488257090251,An toan,6.9203506,5.542488257090251,C,An toan
SV1487,Đỗ Văn Anh,GDTC101,Giáo dục thể chất 1*,GDTC101_L01,thuc_hanh,0.0,1.0,2.9843447,6.964353,1.4438608,6.5124593,9.9894905,9.556397,8.353062629699707,An toan,8.686115,8.353062629699707,B+,An toan
SV1488,Vũ Ngọc Nam,INT1001,Lập trình Python,INT1001_L01,tich_hop,2.0,1.0,3.442513,3.3288891,8.024256,5.2056546,3.342111,4.264151,4.711470444997151,Nguy co rot mon,4.270639,4.711470444997151,D,An toan
SV1488,Vũ Ngọc Nam,INT1002,Cơ sở dữ liệu,INT1002_L01,ly_thuyet,3.0,0.0,2.8133645,6.1036415,5.7060037,4.9201026,5.849308,6.9337854,9.90354061126709,An toan,0.0,9.90354061126709,A+,An toan
SV1489,Đặng Thị Khoa,GDTC101,Giáo dục thể chất 1*,GDTC101_L01,thuc_hanh,0.0,1.0,8.42456,2.0682871,6.930742,9.95097,7.9766245,8.335621,7.232460021972656,An toan,8.754405,7.232460021972656,B,An toan
SV1489,Đặng Thị Khoa,INT1003,Phát triển ứng dụng,INT1003_L01,tich_hop,2.0,1.5,2.0776236,5.7680964,3.0478015,5.387285,6.2127075,6.3322587,4.6367067609514505,An toan,5.977417,4.6367067609514505,D,An toan
SV1490,Hoàng Văn Nam,INT1001,Lập trình Python,INT1001_L01,tich_hop,2.0,1.0,6.3784046,4.16711,1.676129,5.341014,3.3189247,3.5272162,4.070049444834392,An toan,4.062385,4.070049444834392,D,An toan
SV1490,Hoàng Văn Nam,INT1002,Cơ sở dữ liệu,INT1002_L01,ly_thuyet,3.0,0.0,6.6878633,2.5925775,9.601076,6.484748,4.0019336,4.124686,9.26374340057373,An toan,0.0,9.26374340057373,A+,An toan
SV1490,Hoàng Văn Nam,INT1003,Phát triển ứng dụng,INT1003_L01,tich_hop,2.0,1.5,8.006781,4.4860954,2.4210865,7.10997,9.134168,6.409048,6.076923915318081,An toan,7.5510616,6.076923915318081,C+,An toan
SV1490,Hoàng Văn Nam,GDTC101,Giáo dục thể chất 1*,GDTC101_L01,thuc_hanh,0.0,1.0,9.947893,9.333695,9.131305,4.7863536,4.570776,7.430934,0.21173986792564392,Nguy co rot mon,5.596021,0.21173986792564392,F,Nguy co rot mon
SV1491,Bùi Văn Đức,GDQP102,Giáo dục quốc phòng*,GDQP102_L01,ly_thuyet,3.0,0.0,8.5723095,2.7235029,9.332551,6.967236,3.0181978,8.641599,0.23460885882377625,Nguy co rot mon,0.0,0.23460885882377625,F,Nguy co rot mon
SV1491,Bùi Văn Đức,GDTC101,Giáo dục thể chất 1*,GDTC101_L01,thuc_hanh,0.0,1.0,7.4341326,4.9711437,8.664688,7.5303073,3.6467042,9.866162,9.421794891357422,An toan,7.0143914,9.421794891357422,A+,An toan
SV1491,Bùi Văn Đức,INT1002,Cơ sở dữ liệu,INT1002_L01,ly_thuyet,3.0,0.0,8.950854,2.898333,4.04083,6.2075343,7.195573,8.949802,4.866499423980713,An toan,0.0,4.866499423980713,D,An toan
SV1492,Vũ Đức Khoa,INT1002,Cơ sở dữ liệu,INT1002_L01,ly_thuyet,3.0,0.0,8.754807,6.2926297,9.909359,4.9520445,5.7711043,7.051314,8.240324020385742,An toan,0.0,8.240324020385742,B+,An toan
SV1492,Vũ Đức Khoa,INT1003,Phát triển ứng dụng,INT1003_L01,tich_hop,2.0,1.5,4.1975775,5.299619,5.057229,6.490843,7.818123,9.434436,6.16418593270438,Nguy co rot mon,7.914467,6.16418593270438,C+,An toan
SV1492,Vũ Đức Khoa,GDTC101,Giáo dục thể chất 1*,GDTC101_L01,thuc_hanh,0.0,1.0,6.558041,6.150911,3.637258,3.1277597,5.1664743,3.5737476,8.654387474060059,An toan,3.955994,8.654387474060059,A,An toan
SV1492,Vũ Đức Khoa,GDQP102,Giáo dục quốc phòng*,GDQP102_L01,ly_thuyet,3.0,0.0,4.4772854,8.884527,7.3151536,6.228328,7.632723,6.5740128,3.9335575103759766,Nguy co rot mon,0.0,3.9335575103759766,F,Nguy co rot mon
SV1493,Bùi Thảo Chinh,INT1001,Lập trình Python,INT1001_L01,tich_hop,2.0,1.0,5.158831,9.519849,9.518516,7.6720285,5.3778915,3.8950698,7.259931405385335,An toan,5.64833,7.259931405385335,B,An toan
SV1493,Bùi Thảo Chinh,INT1002,Cơ sở dữ liệu,INT1002_L01,ly_thuyet,3.0,0.0,7.1939516,8.313061,8.591297,5.715566,9.849953,8.275311,5.879275798797607,An toan,0.0,5.879275798797607,C,An toan
SV1493,Bùi Thảo Chinh,GDTC101,Giáo dục thể chất 1*,GDTC101_L01,thuc_hanh,0.0,1.0,6.9786463,3.9940789,8.427903,8.970518,8.544181,6.5334964,5.81056547164917,An toan,8.016065,5.81056547164917,C,An toan
SV1493,Bùi Thảo Chinh,GDQP102,Giáo dục quốc phòng*,GDQP102_L01,ly_thuyet,3.0,0.0,3.1280894,8.889165,2.7902567,8.859162,8.0400505,6.1184464,8.724024772644043,An toan,0.0,8.724024772644043,A,An toan
SV1494,Hoàng Đức Bình,GDQP102,Giáo dục quốc phòng*,GDQP102_L01,ly_thuyet,3.0,0.0,3.4546092,3.6614413,3.7419238,6.8164515,7.8385606,4.939968,1.8274918794631958,Nguy co rot mon,0.0,1.8274918794631958,F,Nguy co rot mon
SV1494,Hoàng Đức Bình,INT1002,Cơ sở dữ liệu,INT1002_L01,ly_thuyet,3.0,0.0,9.968833,2.197936,8.007488,6.7996874,3.9764626,4.6184154,8.44665241241455,An toan,0.0,8.44665241241455,B+,An toan
SV1495,Bùi Văn Vy,GDTC101,Giáo dục thể chất 1*,GDTC101_L01,thuc_hanh,0.0,1.0,5.067603,9.174319,2.1493773,4.974917,8.296528,4.2480826,7.876558303833008,An toan,5.8398423,7.876558303833008,B,An toan
SV1495,Bùi Văn Vy,INT1001,Lập trình Python,INT1001_L01,tich_hop,2.0,1.0,9.37502,4.7207,9.433296,8.952984,9.872652,8.323526,8.245244026184082,An toan,9.049721,8.245244026184082,B+,An toan
SV1496,Nguyễn Thị Anh,INT1001,Lập trình Python,INT1001_L01,tich_hop,2.0,1.0,2.1890614,3.1961868,4.2011275,5.689621,3.162774,4.3372016,3.595816453297933,An toan,4.396532,3.595816453297933,F,Nguy co rot mon
SV1496,Nguyễn Thị Anh,GDQP102,Giáo dục quốc phòng*,GDQP102_L01,ly_thuyet,3.0,0.0,2.8137274,8.646964,4.6563444,9.039114,4.4915075,3.7679589,5.51942777633667,An toan,0.0,5.51942777633667,C,An toan
SV1497,Đỗ Thu Hùng,GDQP102,Giáo dục quốc phòng*,GDQP102_L01,ly_thuyet,3.0,0.0,2.794077,9.358102,4.953258,8.859733,8.0018015,6.4488335,3.9719557762145996,Nguy co rot mon,0.0,3.9719557762145996,F,Nguy co rot mon
SV1497,Đỗ Thu Hùng,INT1003,Phát triển ứng dụng,INT1003_L01,tich_hop,2.0,1.5,6.7123737,7.2173324,7.523562,7.443898,4.646132,3.1531339,6.263931546892438,An toan,5.0810547,6.263931546892438,C+,An toan
SV1497,Đỗ Thu Hùng,INT1001,Lập trình Python,INT1001_L01,tich_hop,2.0,1.0,3.0013123,4.746764,6.3243737,3.1125317,6.480803,3.9825037,4.6356377601623535,Nguy co rot mon,4.5252795,4.6356377601623535,D,An toan
SV1498,Lê Thảo Bình,INT1001,Lập trình Python,INT1001_L01,tich_hop,2.0,1.0,8.717836,7.63913,9.65397,5.387996,6.724286,9.653802,8.1986616452535,An toan,7.255361,8.1986616452535,B+,An toan
SV1498,Lê Thảo Bình,GDQP102,Giáo dục quốc phòng*,GDQP102_L01,ly_thuyet,3.0,0.0,5.9940605,3.5957363,8.196379,6.223738,9.837062,3.701657,5.820567607879639,An toan,0.0,5.820567607879639,C,An toan
SV1498,Lê Thảo Bình,INT1002,Cơ sở dữ liệu,INT1002_L01,ly_thuyet,3.0,0.0,9.36374,3.6230276,9.874314,3.5425782,3.0404263,9.797413,7.107571601867676,An toan,0.0,7.107571601867676,B,An toan
SV1499,Vũ Thu Hùng,INT1002,Cơ sở dữ liệu,INT1002_L01,ly_thuyet,3.0,0.0,2.2607768,4.857914,9.221551,9.302645,4.1066275,4.0875835,1.8221747875213623,Nguy co rot mon,0.0,1.8221747875213623,F,Nguy co rot mon
SV1499,Vũ Thu Hùng,GDQP102,Giáo dục quốc phòng*,GDQP102_L01,ly_thuyet,3.0,0.0,7.2762823,7.974629,6.5641594,8.379417,4.9233522,5.1492133,1.6745367050170898,Nguy co rot mon,0.0,1.6745367050170898,F,Nguy co rot mon
SV1499,Vũ Thu Hùng,INT1001,Lập trình Python,INT1001_L01,tich_hop,2.0,1.0,6.781851,6.809856,6.024434,8.656376,6.5147038,7.282724,6.854009787241618,Nguy co rot mon,7.4846015,6.854009787241618,C+,An toan
SV1499,Vũ Thu Hùng,GDTC101,Giáo dục thể chất 1*,GDTC101_L01,thuc_hanh,0.0,1.0,2.6018445,7.2143893,6.006036,6.9292,4.821762,5.4885154,2.1621921062469482,Nguy co rot mon,5.7464924,2.1621921062469482,F,Nguy co rot mon
SV1500,Hoàng Hải Linh,GDTC101,Giáo dục thể chất 1*,GDTC101_L01,thuc_hanh,0.0,1.0,2.1996925,6.8394184,9.971862,3.96921,5.588664,9.31627,6.917588233947754,An toan,6.2913814,6.917588233947754,C+,An toan
SV1500,Hoàng Hải Linh,INT1002,Cơ sở dữ liệu,INT1002_L01,ly_thuyet,3.0,0.0,9.119542,7.2241163,7.9165998,8.555322,6.4923315,4.181489,9.638224601745605,An toan,0.0,9.638224601745605,A+,An toan
SV1500,Hoàng Hải Linh,INT1003,Phát triển ứng dụng,INT1003_L01,tich_hop,2.0,1.5,2.2914908,5.1460214,8.900611,5.080653,7.215879,6.638529,5.817032200949533,An toan,6.311687,5.817032200949533,C,An toan
SV1501,Đỗ Văn Hùng,INT1003,Phát triển ứng dụng,INT1003_L01,tich_hop,2.0,1.5,9.502395,6.3489184,1.1990068,5.024914,8.0484295,4.991828,5.828418391091483,An toan,6.0217233,5.828418391091483,C,An toan
SV1501,Đỗ Văn Hùng,GDTC101,Giáo dục thể chất 1*,GDTC101_L01,thuc_hanh,0.0,1.0,5.0008893,5.0121074,2.0431616,5.8492303,7.22777,8.490171,8.350519180297852,An toan,7.189057,8.350519180297852,B+,An toan
SV1501,Đỗ Văn Hùng,INT1002,Cơ sở dữ liệu,INT1002_L01,ly_thuyet,3.0,0.0,9.293989,2.6957538,1.3841149,3.0433958,9.516748,5.9977365,4.470424175262451,An toan,0.0,4.470424175262451,D,An toan
SV1501,Đỗ Văn Hùng,GDQP102,Giáo dục quốc phòng*,GDQP102_L01,ly_thuyet,3.0,0.0,2.7109149,6.032464,6.61581,6.994596,5.2615066,7.8854566,3.5092899799346924,Nguy co rot mon,0.0,3.5092899799346924,F,Nguy co rot mon
SV1502,Phan Thảo Vy,INT1002,Cơ sở dữ liệu,INT1002_L01,ly_thuyet,3.0,0.0,4.231902,4.807835,2.7432199,6.9941626,3.3869474,9.070552,9.101696014404297,An toan,0.0,9.101696014404297,A+,An toan
SV1502,Phan Thảo Vy,GDQP102,Giáo dục quốc phòng*,GDQP102_L01,ly_thuyet,3.0,0.0,6.964902,2.1279538,9.0439005,3.6721928,8.575838,8.805695,2.956681728363037,Nguy co rot mon,0.0,2.956681728363037,F,Nguy co rot mon
SV1502,Phan Thảo Vy,GDTC101,Giáo dục thể chất 1*,GDTC101_L01,thuc_hanh,0.0,1.0,3.5738976,6.49662,9.417813,3.1692882,5.25741,6.0210853,3.8255879878997803,Nguy co rot mon,4.815928,3.8255879878997803,F,Nguy co rot mon
SV1502,Phan Thảo Vy,INT1001,Lập trình Python,INT1001_L01,tich_hop,2.0,1.0,9.649259,6.8247886,6.0215073,8.149153,8.642205,3.4425135,7.247219880421956,Nguy co rot mon,6.7446237,7.247219880421956,B,An toan
SV1503,Trần Văn Khoa,GDQP102,Giáo dục quốc phòng*,GDQP102_L01,ly_thuyet,3.0,0.0,6.6106386,5.888449,1.7863339,3.5551286,6.697746,5.171504,1.793776273727417,Nguy co rot mon,0.0,1.793776273727417,F,Nguy co rot mon
SV1503,Trần Văn Khoa,GDTC101,Giáo dục thể chất 1*,GDTC101_L01,thuc_hanh,0.0,1.0,6.7576904,3.5976343,3.2124486,7.043696,5.9606233,3.9014175,8.581917762756348,An toan,5.635246,8.581917762756348,A,An toan
SV1503,Trần Văn Khoa,INT1002,Cơ sở dữ liệu,INT1002_L01,ly_thuyet,3.0,0.0,3.621773,7.3057323,5.6381507,8.153563,8.441397,3.4625351,0.8069734573364258,Nguy co rot mon,0.0,0.8069734573364258,F,Nguy co rot mon
SV1503,Trần Văn Khoa,INT1001,Lập trình Python,INT1001_L01,tich_hop,2.0,1.0,3.231248,8.2926445,8.5579815,6.218024,5.3449116,7.2097826,6.548496246337891,An toan,6.257572,6.548496246337891,C+,An toan
SV1504,Đặng Ngọc Anh,GDQP102,Giáo dục quốc phòng*,GDQP102_L01,ly_thuyet,3.0,0.0,4.1120596,3.3733976,4.2368855,8.014314,8.548161,4.427331,5.290439128875732,An toan,0.0,5.290439128875732,D+,An toan
SV1504,Đặng Ngọc Anh,INT1001,Lập trình Python,INT1001_L01,tich_hop,2.0,1.0,5.0522637,5.1044846,6.2900357,3.7808335,4.2264132,6.372836,5.252627849578857,Nguy co rot mon,4.793361,5.252627849578857,D+,An toan
SV1504,Đặng Ngọc Anh,INT1003,Phát triển ứng dụng,INT1003_L01,tich_hop,2.0,1.5,7.3458586,9.985896,5.9795074,5.151685,5.3035536,6.960191,6.928158691951206,Nguy co rot mon,5.805143,6.928158691951206,C+,An toan
SV1505,Vũ Thảo Vy,GDTC101,Giáo dục thể chất 1*,GDTC101_L01,thuc_hanh,0.0,1.0,9.5275545,3.7505908,4.325609,4.5996594,4.766598,3.3056076,6.936300277709961,An toan,4.223955,6.936300277709961,C+,An toan
SV1505,Vũ Thảo Vy,INT1001,Lập trình Python,INT1001_L01,tich_hop,2.0,1.0,4.0949388,9.308464,6.0370274,5.2847843,9.047885,5.3686795,6.509134133656819,An toan,6.5671163,6.509134133656819,C+,An toan
SV1505,Vũ Thảo Vy,GDQP102,Giáo dục quốc phòng*,GDQP102_L01,ly_thuyet,3.0,0.0,5.226417,7.7711496,6.078801,4.8008265,8.034381,9.30953,3.478890895843506,Nguy co rot mon,0.0,3.478890895843506,F,Nguy co rot mon
SV1506,Đỗ Hoàng An,INT1001,Lập trình Python,INT1001_L01,tich_hop,2.0,1.0,2.0223973,9.631943,6.969774,8.47384,8.311422,6.848111,6.764622211456299,Nguy co rot mon,7.877791,6.764622211456299,C+,An toan
SV1506,Đỗ Hoàng An,GDQP102,Giáo dục quốc phòng*,GDQP102_L01,ly_thuyet,3.0,0.0,9.193842,9.008162,7.5967393,7.713496,9.188796,8.05994,7.591006278991699,An toan,0.0,7.591006278991699,B,An toan
SV1507,Đỗ Thị Trang,INT1001,Lập trình Python,INT1001_L01,tich_hop,2.0,1.0,5.691279,6.30066,4.8832946,9.65985,8.79625,4.3504424,6.284112453460693,An toan,7.602181,6.284112453460693,C+,An toan
SV1507,Đỗ Thị Trang,INT1003,Phát triển ứng dụng,INT1003_L01,tich_hop,2.0,1.5,4.4172206,9.261444,9.673928,4.0202603,9.137175,4.35009,6.949187755584717,An toan,5.8358417,6.949187755584717,C+,An toan
SV1508,Phan Thảo Khoa,INT1003,Phát triển ứng dụng,INT1003_L01,tich_hop,2.0,1.5,2.376851,7.4860573,6.4885507,6.556355,8.361178,7.110221,6.261385985783169,An toan,7.342585,6.261385985783169,C+,An toan
SV1508,Phan Thảo Khoa,INT1001,Lập trình Python,INT1001_L01,tich_hop,2.0,1.0,8.8317585,3.9337156,6.2734103,7.336356,3.895823,4.9696617,6.031067848205566,An toan,5.400614,6.031067848205566,C+,An toan
SV1509,Nguyễn Ngọc Linh,INT1001,Lập trình Python,INT1001_L01,tich_hop,2.0,1.0,2.5296047,6.7272625,1.9142826,7.8284507,6.844232,8.936434,5.105712890625,An toan,7.869705,5.105712890625,D+,An toan
SV1509,Nguyễn Ngọc Linh,INT1002,Cơ sở dữ liệu,INT1002_L01,ly_thuyet,3.0,0.0,3.5708745,3.4132912,8.486634,3.4303837,8.514,5.5785356,6.670478820800781,An toan,0.0,6.670478820800781,C+,An toan
SV1510,Phan Thu Chinh,INT1001,Lập trình Python,INT1001_L01,tich_hop,2.0,1.0,8.886825,9.982933,7.537484,6.8768086,7.56631,7.8372636,8.343873977661133,Nguy co rot mon,7.426794,8.343873977661133,B+,An toan
SV1510,Phan Thu Chinh,GDTC101,Giáo dục thể chất 1*,GDTC101_L01,thuc_hanh,0.0,1.0,7.564379,7.311257,5.80997,8.7314825,3.5355177,9.181598,6.474908828735352,An toan,7.1495323,6.474908828735352,C+,An toan
SV1511,Đặng Đức An,GDTC101,Giáo dục thể chất 1*,GDTC101_L01,thuc_hanh,0.0,1.0,6.4383326,5.43862,3.9580698,9.864711,9.987445,9.612599,3.533055305480957,Nguy co rot mon,9.821586,3.533055305480957,F,Nguy co rot mon
SV1511,Đặng Đức An,INT1003,Phát triển ứng dụng,INT1003_L01,tich_hop,2.0,1.5,5.5755153,8.472871,6.0549803,6.9225845,3.847674,3.0925303,5.809610979897635,An toan,4.6209292,5.809610979897635,C,An toan
SV1511,Đặng Đức An,INT1002,Cơ sở dữ liệu,INT1002_L01,ly_thuyet,3.0,0.0,4.43613,5.1492333,6.1141067,4.9492784,8.944028,3.937099,1.4599480628967285,Nguy co rot mon,0.0,1.4599480628967285,F,Nguy co rot mon
SV1512,Vũ Thu Chinh,GDTC101,Giáo dục thể chất 1*,GDTC101_L01,thuc_hanh,0.0,1.0,4.6332536,8.72833,7.7888,8.880522,9.623556,9.854593,9.122474670410156,An toan,9.45289,9.122474670410156,A+,An toan
SV1512,Vũ Thu Chinh,INT1003,Phát triển ứng dụng,INT1003_L01,tich_hop,2.0,1.5,7.651602,9.868729,7.690362,3.515071,7.0835924,3.5126693,6.81794159752982,An toan,4.703778,6.81794159752982,C+,An toan
SV1513,Phạm Thảo Trang,INT1001,Lập trình Python,INT1001_L01,tich_hop,2.0,1.0,9.886346,6.0519967,9.249188,5.945984,4.359087,4.051727,7.192428747812907,An toan,4.785599,7.192428747812907,B,An toan
SV1513,Phạm Thảo Trang,INT1003,Phát triển ứng dụng,INT1003_L01,tich_hop,2.0,1.5,2.520811,6.1731095,5.908177,6.609629,8.203063,3.8355486,5.445386001041958,Nguy co rot mon,6.21608,5.445386001041958,D+,An toan
SV1513,Phạm Thảo Trang,GDTC101,Giáo dục thể chất 1*,GDTC101_L01,thuc_hanh,0.0,1.0,3.875502,6.8786755,3.2135603,6.9260764,5.8185863,6.695917,1.4684481620788574,Nguy co rot mon,6.4801936,1.4684481620788574,F,Nguy co rot mon
SV1514,Đặng Văn An,INT1001,Lập trình Python,INT1001_L01,tich_hop,2.0,1.0,4.6032634,6.9563828,1.9083719,5.828501,5.0185566,4.3916645,4.686084270477295,An toan,5.079574,4.686084270477295,D,An toan
SV1514,Đặng Văn An,INT1003,Phát triển ứng dụng,INT1003_L01,tich_hop,2.0,1.5,6.2638025,9.327548,3.923145,8.258625,7.097621,9.579522,7.279299463544573,An toan,8.311923,7.279299463544573,B,An toan
SV1514,Đặng Văn An,GDQP102,Giáo dục quốc phòng*,GDQP102_L01,ly_thuyet,3.0,0.0,4.0176086,7.868996,3.9050672,9.5384035,8.127688,7.953391,0.3504153788089752,Nguy co rot mon,0.0,0.3504153788089752,F,Nguy co rot mon
SV1514,Đặng Văn An,INT1002,Cơ sở dữ liệu,INT1002_L01,ly_thuyet,3.0,0.0,5.601146,4.4449325,3.0781863,9.244861,7.5748153,3.7620137,7.261374473571777,An toan,0.0,7.261374473571777,B,An toan
SV1515,Hoàng Ngọc Linh,INT1003,Phát triển ứng dụng,INT1003_L01,tich_hop,2.0,1.5,5.612107,9.490401,5.5970902,4.6984777,7.1704116,5.7052155,6.453366892678397,Nguy co rot mon,5.8580346,6.453366892678397,C+,An toan
SV1515,Hoàng Ngọc Linh,INT1001,Lập trình Python,INT1001_L01,tich_hop,2.0,1.0,6.2321286,6.1182485,4.822325,4.346018,3.4986248,7.5321045,5.524683475494385,An toan,5.125582,5.524683475494385,C,An toan
SV1515,Hoàng Ngọc Linh,GDQP102,Giáo dục quốc phòng*,GDQP102_L01,ly_thuyet,3.0,0.0,7.2546406,7.4811015,7.8681493,6.970569,9.243488,4.39697,8.66375732421875,An toan,0.0,8.66375732421875,A,An toan
SV1516,Đặng Tuấn Bình,INT1003,Phát triển ứng dụng,INT1003_L01,tich_hop,2.0,1.5,9.59912,7.379292,3.4096596,6.099678,7.5798345,7.8777623,6.963053090231759,An toan,7.185758,6.963053090231759,C+,An toan
SV1516,Đặng Tuấn Bình,GDTC101,Giáo dục thể chất 1*,GDTC101_L01,thuc_hanh,0.0,1.0,4.848073,8.097926,5.218099,3.043535,3.5794685,7.7942624,1.6992363929748535,Nguy co rot mon,4.805755,1.6992363929748535,F,Nguy co rot mon
SV1516,Đặng Tuấn Bình,INT1001,Lập trình Python,INT1001_L01,tich_hop,2.0,1.0,4.383707,2.7989957,5.6589003,7.276497,3.9724782,4.125034,4.5619126955668134,An toan,5.1246696,4.5619126955668134,D,An toan
SV1516,Đặng Tuấn Bình,GDQP102,Giáo dục quốc phòng*,GDQP102_L01,ly_thuyet,3.0,0.0,8.761582,9.294885,5.42482,6.435116,3.4325807,7.0442996,5.184164524078369,An toan,0.0,5.184164524078369,D+,An toan
SV1517,Trần Thu Phương,GDQP102,Giáo dục quốc phòng*,GDQP102_L01,ly_thuyet,3.0,0.0,9.808744,9.442555,9.152289,6.28697,8.849648,4.400709,3.0967981815338135,Nguy co rot mon,0.0,3.0967981815338135,F,Nguy co rot mon
SV1517,Trần Thu Phương,GDTC101,Giáo dục thể chất 1*,GDTC101_L01,thuc_hanh,0.0,1.0,8.219817,3.9943075,2.0671926,3.3125353,9.968247,7.802065,0.499705970287323,Nguy co rot mon,7.027616,0.499705970287323,F,Nguy co rot mon
SV1518,Phạm Hoàng Linh,INT1003,Phát triển ứng dụng,INT1003_L01,tich_hop,2.0,1.5,7.804327,4.3733854,4.187459,8.171339,7.4548445,6.657927,6.300620010920933,An toan,7.428037,6.300620010920933,C+,An toan
SV1518,Phạm Hoàng Linh,GDTC101,Giáo dục thể chất 1*,GDTC101_L01,thuc_hanh,0.0,1.0,4.679265,4.713459,4.450209,3.9401264,7.126795,3.2780814,2.6254522800445557,Nguy co rot mon,4.7816677,2.6254522800445557,F,Nguy co rot mon
SV1518,Phạm Hoàng Linh,INT1001,Lập trình Python,INT1001_L01,tich_hop,2.0,1.0,4.3601155,3.231247,4.732402,9.315442,6.651114,7.449607,5.340410391489665,An toan,7.805388,5.340410391489665,D+,An toan
SV1518,Phạm Hoàng Linh,GDQP102,Giáo dục quốc phòng*,GDQP102_L01,ly_thuyet,3.0,0.0,9.51861,7.3739343,5.450282,3.4467168,3.2455065,5.269201,9.384729385375977,An toan,0.0,9.384729385375977,A+,An toan
SV1519,Phan Thu Nam,INT1002,Cơ sở dữ liệu,INT1002_L01,ly_thuyet,3.0,0.0,2.5835736,5.759381,7.0900106,9.77322,3.6532211,7.17318,0.5194878578186035,Nguy co rot mon,0.0,0.5194878578186035,F,Nguy co rot mon
SV1519,Phan Thu Nam,GDQP102,Giáo dục quốc phòng*,GDQP102_L01,ly_thuyet,3.0,0.0,6.021446,8.375855,4.0885143,7.4748673,3.691923,8.968041,8.469033241271973,An toan,0.0,8.469033241271973,B+,An toan
SV1520,Vũ Thị Khoa,GDTC101,Giáo dục thể chất 1*,GDTC101_L01,thuc_hanh,0.0,1.0,8.507652,5.222309,9.577229,3.4471407,9.657254,4.7129426,2.1700563430786133,Nguy co rot mon,5.939112,2.1700563430786133,F,Nguy co rot mon
SV1520,Vũ Thị Khoa,INT1002,Cơ sở dữ liệu,INT1002_L01,ly_thuyet,3.0,0.0,5.676184,7.9409237,4.837507,3.0429082,8.847635,7.7660546,2.511932611465454,Nguy co rot mon,0.0,2.511932611465454,F,Nguy co rot mon
SV1520,Vũ Thị Khoa,INT1003,Phát triển ứng dụng,INT1003_L01,tich_hop,2.0,1.5,4.581692,4.138235,3.8286762,5.176188,6.984276,6.1056,4.999647685459682,An toan,6.088688,4.999647685459682,D,An toan
SV1520,Vũ Thị Khoa,GDQP102,Giáo dục quốc phòng*,GDQP102_L01,ly_thuyet,3.0,0.0,7.1876383,6.519045,9.8655,7.874911,5.186147,3.740836,3.7151687145233154,Nguy co rot mon,0.0,3.7151687145233154,F,Nguy co rot mon
SV1521,Trần Thu Anh,INT1003,Phát triển ứng dụng,INT1003_L01,tich_hop,2.0,1.5,7.5338197,2.124387,8.251389,3.463644,3.7789369,8.768305,5.698620932442801,An toan,5.3369617,5.698620932442801,C,An toan
SV1521,Trần Thu Anh,INT1001,Lập trình Python,INT1001_L01,tich_hop,2.0,1.0,9.58142,3.160266,1.1268287,6.428297,3.4104223,9.121387,5.1885708173116045,Nguy co rot mon,6.3200355,5.1885708173116045,D+,An toan
SV1521,Trần Thu Anh,INT1002,Cơ sở dữ liệu,INT1002_L01,ly_thuyet,3.0,0.0,9.905989,8.264233,7.5456834,9.83736,4.5402446,3.1626103,0.24190448224544525,Nguy co rot mon,0.0,0.24190448224544525,F,Nguy co rot mon
SV1522,Phạm Ngọc Anh,GDTC101,Giáo dục thể chất 1*,GDTC101_L01,thuc_hanh,0.0,1.0,5.2687507,7.193628,2.4519453,7.3239703,9.424307,8.652887,2.5964603424072266,Nguy co rot mon,8.467055,2.5964603424072266,F,Nguy co rot mon
SV1522,Phạm Ngọc Anh,GDQP102,Giáo dục quốc phòng*,GDQP102_L01,ly_thuyet,3.0,0.0,9.358829,9.9391165,3.8681111,9.240444,3.4978669,9.184777,5.644447326660156,An toan,0.0,5.644447326660156,C,An toan
SV1522,Phạm Ngọc Anh,INT1002,Cơ sở dữ liệu,INT1002_L01,ly_thuyet,3.0,0.0,7.815598,8.706532,3.3649712,4.942377,5.7540855,7.8351607,7.864340782165527,An toan,0.0,7.864340782165527,B,An toan
SV1522,Phạm Ngọc Anh,INT1001,Lập trình Python,INT1001_L01,tich_hop,2.0,1.0,9.362211,3.4621077,2.8737884,4.9273467,8.238937,6.221333,5.642647902170817,An toan,6.462539,5.642647902170817,C,An toan
SV1523,Đặng Tuấn Vy,INT1001,Lập trình Python,INT1001_L01,tich_hop,2.0,1.0,3.3412519,4.078206,3.9390073,5.5903115,8.643323,4.591101,4.615740617116292,Nguy co rot mon,6.274912,4.615740617116292,D,An toan
SV1523,Đặng Tuấn Vy,INT1003,Phát triển ứng dụng,INT1003_L01,tich_hop,2.0,1.5,7.8634777,2.0296483,9.842955,9.1238785,6.4340005,7.2840905,7.022391659872873,Nguy co rot mon,7.6139894,7.022391659872873,B,An toan
SV1523,Đặng Tuấn Vy,GDTC101,Giáo dục thể chất 1*,GDTC101_L01,thuc_hanh,0.0,1.0,2.3031285,3.8405163,2.867643,3.5915096,5.887024,6.9290233,5.375033855438232,An toan,5.4691854,5.375033855438232,D+,An toan
SV1524,Trần Tuấn Linh,GDTC101,Giáo dục thể chất 1*,GDTC101_L01,thuc_hanh,0.0,1.0,9.0616455,2.336937,6.2712927,7.398664,9.363998,6.3953996,2.2978479862213135,Nguy co rot mon,7.719354,2.2978479862213135,F,Nguy co rot mon
SV1524,Trần Tuấn Linh,GDQP102,Giáo dục quốc phòng*,GDQP102_L01,ly_thuyet,3.0,0.0,8.903101,8.746888,5.0733905,4.7750306,4.527173,5.4780755,2.3878912925720215,Nguy co rot mon,0.0,2.3878912925720215,F,Nguy co rot mon
SV1524,Trần Tuấn Linh,INT1003,Phát triển ứng dụng,INT1003_L01,tich_hop,2.0,1.5,3.4472759,5.262445,1.5405275,8.920862,6.0446973,5.065217,4.813967704772949,Nguy co rot mon,6.6769257,4.813967704772949,D,An toan
SV1524,Trần Tuấn Linh,INT1001,Lập trình Python,INT1001_L01,tich_hop,2.0,1.0,2.5219574,4.6198387,4.5902023,6.9514427,6.9942822,7.5658393,4.997284571329753,An toan,7.1705213,4.997284571329753,D,An toan
SV1525,Nguyễn Thu Hùng,GDTC101,Giáo dục thể chất 1*,GDTC101_L01,thuc_hanh,0.0,1.0,6.4489403,7.0173388,8.526505,5.170107,5.366929,5.991429,6.625485420227051,An toan,5.5094886,6.625485420227051,C+,An toan
SV1525,Nguyễn Thu Hùng,GDQP102,Giáo dục quốc phòng*,GDQP102_L01,ly_thuyet,3.0,0.0,5.6801414,8.187761,2.5447295,4.949935,5.2815847,5.406916,3.848172664642334,Nguy co rot mon,0.0,3.848172664642334,F,Nguy co rot mon
SV1525,Nguyễn Thu Hùng,INT1002,Cơ sở dữ liệu,INT1002_L01,ly_thuyet,3.0,0.0,7.6262736,7.3225527,8.667095,4.204865,5.8405094,6.133137,9.233651161193848,An toan,0.0,9.233651161193848,A+,An toan
SV1525,Nguyễn Thu Hùng,INT1001,Lập trình Python,INT1001_L01,tich_hop,2.0,1.0,5.0683966,2.202625,6.8752823,4.796352,4.752177,5.43525,4.808487256368001,Nguy co rot mon,4.9945927,4.808487256368001,D,An toan
SV1526,Nguyễn Thu Phương,INT1002,Cơ sở dữ liệu,INT1002_L01,ly_thuyet,3.0,0.0,3.8999927,6.9732857,2.3063731,4.8007216,4.903123,8.841526,4.42557430267334,An toan,0.0,4.42557430267334,D,An toan
SV1526,Nguyễn Thu Phương,GDQP102,Giáo dục quốc phòng*,GDQP102_L01,ly_thuyet,3.0,0.0,8.641128,6.66601,1.8003277,8.956787,3.8821855,7.090576,9.211231231689453,An toan,0.0,9.211231231689453,A+,An toan
SV1526,Nguyễn Thu Phương,INT1001,Lập trình Python,INT1001_L01,tich_hop,2.0,1.0,3.311373,3.063964,1.1323786,4.2199593,5.3379273,3.7354853,3.1454224586486816,An toan,4.4311237,3.1454224586486816,F,Nguy co rot mon
SV1527,Nguyễn Hoàng Hùng,GDQP102,Giáo dục quốc phòng*,GDQP102_L01,ly_thuyet,3.0,0.0,7.7968493,8.241061,4.1896353,6.6961017,9.852525,3.905013,8.793624877929688,An toan,0.0,8.793624877929688,A,An toan
SV1527,Nguyễn Hoàng Hùng,GDTC101,Giáo dục thể chất 1*,GDTC101_L01,thuc_hanh,0.0,1.0,2.8923662,2.5481873,1.2441645,3.360418,6.0289545,7.8599563,1.6309475898742676,Nguy co rot mon,5.7497764,1.6309475898742676,F,Nguy co rot mon
SV1528,Hoàng Thị Phương,INT1001,Lập trình Python,INT1001_L01,tich_hop,2.0,1.0,7.6564236,6.7925444,3.709575,9.237037,8.590862,7.4891253,6.848234176635742,An toan,8.439008,6.848234176635742,C+,An toan
SV1528,Hoàng Thị Phương,INT1003,Phát triển ứng dụng,INT1003_L01,tich_hop,2.0,1.5,3.137586,4.193949,1.5754879,8.731524,3.7530992,6.5819225,4.4203683989388605,Nguy co rot mon,6.355516,4.4203683989388605,D,An toan
SV1529,Đỗ Đức Phương,GDTC101,Giáo dục thể chất 1*,GDTC101_L01,thuc_hanh,0.0,1.0,4.1804123,9.556007,7.1107135,6.9014473,9.759843,5.215774,9.586339950561523,An toan,7.2923546,9.586339950561523,A+,An toan
SV1529,Đỗ Đức Phương,INT1003,Phát triển ứng dụng,INT1003_L01,tich_hop,2.0,1.5,3.7425256,2.3999841,5.7363787,4.6166396,4.5666313,8.334895,4.765240328652518,An toan,5.8393884,4.765240328652518,D,An toan
SV1530,Phạm Hải Vy,GDQP102,Giáo dục quốc phòng*,GDQP102_L01,ly_thuyet,3.0,0.0,3.2309983,3.4461904,5.3403296,7.7069073,4.632397,3.9211395,4.127191543579102,An toan,0.0,4.127191543579102,D,An toan
SV1530,Phạm Hải Vy,INT1003,Phát triển ứng dụng,INT1003_L01,tich_hop,2.0,1.5,5.9971023,2.8314385,9.423929,9.419074,3.380121,6.5928206,6.246948719024658,Nguy co rot mon,6.464005,6.246948719024658,C+,An toan
SV1530,Phạm Hải Vy,GDTC101,Giáo dục thể chất 1*,GDTC101_L01,thuc_hanh,0.0,1.0,8.301998,7.6164155,2.0216265,8.000636,9.971104,4.815291,4.062598705291748,An toan,7.595677,4.062598705291748,D,An toan
SV1531,Trần Văn Hùng,GDQP102,Giáo dục quốc phòng*,GDQP102_L01,ly_thuyet,3.0,0.0,2.3346846,3.9644532,6.996187,6.242304,9.161264,5.4422135,2.9683871269226074,Nguy co rot mon,0.0,2.9683871269226074,F,Nguy co rot mon
SV1531,Trần Văn Hùng,GDTC101,Giáo dục thể chất 1*,GDTC101_L01,thuc_hanh,0.0,1.0,3.8579464,4.317351,2.192366,5.6134453,7.644279,9.366215,9.700617790222168,An toan,7.541313,9.700617790222168,A+,An toan
SV1531,Trần Văn Hùng,INT1002,Cơ sở dữ liệu,INT1002_L01,ly_thuyet,3.0,0.0,4.5349455,9.367249,1.7706352,4.2971244,5.4089427,7.3655562,2.5058846473693848,Nguy co rot mon,0.0,2.5058846473693848,F,Nguy co rot mon
SV1532,Đặng Thu Anh,INT1003,Phát triển ứng dụng,INT1003_L01,tich_hop,2.0,1.5,5.1291122,4.2430906,3.9823751,6.5674562,6.759998,4.696958,5.118645191192627,An toan,6.008137,5.118645191192627,D+,An toan
SV1532,Đặng Thu Anh,GDTC101,Giáo dục thể chất 1*,GDTC101_L01,thuc_hanh,0.0,1.0,4.522115,3.5907547,6.6777015,6.2640176,8.703118,9.935535,9.314323425292969,An toan,8.300891,9.314323425292969,A+,An toan
SV1532,Đặng Thu Anh,INT1001,Lập trình Python,INT1001_L01,tich_hop,2.0,1.0,9.32709,6.4808,5.949297,9.967145,3.478476,5.9939017,6.9948774973551435,An toan,6.479841,6.9948774973551435,C+,An toan
SV1532,Đặng Thu Anh,GDQP102,Giáo dục quốc phòng*,GDQP102_L01,ly_thuyet,3.0,0.0,9.402714,3.0317342,7.779301,5.0362964,8.769825,5.0949116,9.3584566116333,An toan,0.0,9.3584566116333,A+,An toan
SV1533,Vũ Thị Trang,INT1002,Cơ sở dữ liệu,INT1002_L01,ly_thuyet,3.0,0.0,6.6487255,6.754826,9.255009,3.6872923,8.512602,4.830207,7.557260990142822,An toan,0.0,7.557260990142822,B,An toan
SV1533,Vũ Thị Trang,GDTC101,Giáo dục thể chất 1*,GDTC101_L01,thuc_hanh,0.0,1.0,3.1132865,7.931315,4.320425,3.3925588,3.1476636,9.055176,3.4268555641174316,Nguy co rot mon,5.198466,3.4268555641174316,F,Nguy co rot mon
SV1533,Vũ Thị Trang,GDQP102,Giáo dục quốc phòng*,GDQP102_L01,ly_thuyet,3.0,0.0,3.7946458,7.860053,1.9683018,6.228312,6.973526,3.1922197,4.36079740524292,An toan,0.0,4.36079740524292,D,An toan
SV1533,Vũ Thị Trang,INT1001,Lập trình Python,INT1001_L01,tich_hop,2.0,1.0,7.30466,7.659597,8.145841,4.367902,5.0074325,8.861457,7.161886850992839,Nguy co rot mon,6.07893,7.161886850992839,B,An toan
SV1534,Vũ Đức Nam,INT1003,Phát triển ứng dụng,INT1003_L01,tich_hop,2.0,1.5,2.3018181,6.321368,5.7344046,5.9498897,3.7291598,6.041862,4.98062344959804,An toan,5.2403035,4.98062344959804,D,An toan
SV1534,Vũ Đức Nam,INT1002,Cơ sở dữ liệu,INT1002_L01,ly_thuyet,3.0,0.0,5.4716887,8.282923,3.6958675,8.463243,5.9033313,7.202646,0.8098502159118652,Nguy co rot mon,0.0,0.8098502159118652,F,Nguy co rot mon
SV1534,Vũ Đức Nam,GDQP102,Giáo dục quốc phòng*,GDQP102_L01,ly_thuyet,3.0,0.0,3.528932,2.27005,5.7317047,6.853118,6.1998477,9.479841,2.7409861087799072,Nguy co rot mon,0.0,2.7409861087799072,F,Nguy co rot mon
SV1535,Vũ Minh Linh,INT1001,Lập trình Python,INT1001_L01,tich_hop,2.0,1.0,4.5853066,4.433461,6.258746,7.270808,3.7959363,8.169005,5.532308896382649,An toan,6.4119167,5.532308896382649,C,An toan
SV1535,Vũ Minh Linh,GDQP102,Giáo dục quốc phòng*,GDQP102_L01,ly_thuyet,3.0,0.0,7.7769294,2.024313,7.8844705,9.142846,8.218496,5.4760466,3.1321167945861816,Nguy co rot mon,0.0,3.1321167945861816,F,Nguy co rot mon
SV1535,Vũ Minh Linh,INT1002,Cơ sở dữ liệu,INT1002_L01,ly_thuyet,3.0,0.0,8.780585,3.5924878,6.5290966,3.965953,3.2449782,7.763337,0.43274974822998047,Nguy co rot mon,0.0,0.43274974822998047,F,Nguy co rot mon
SV1536,Đặng Văn An,INT1001,Lập trình Python,INT1001_L01,tich_hop,2.0,1.0,8.007041,5.669624,5.7363772,4.0990562,9.755711,9.122789,6.867071151733398,An toan,7.6591854,6.867071151733398,C+,An toan
SV1536,Đặng Văn An,INT1002,Cơ sở dữ liệu,INT1002_L01,ly_thuyet,3.0,0.0,5.8901243,4.1358237,4.3819494,5.1133733,4.677453,6.777666,6.531795978546143,An toan,0.0,6.531795978546143,C+,An toan
SV1536,Đặng Văn An,GDTC101,Giáo dục thể chất 1*,GDTC101_L01,thuc_hanh,0.0,1.0,8.230706,5.895174,1.7442167,4.5108643,3.4721124,5.031842,8.758166313171387,An toan,4.338273,8.758166313171387,A,An toan
SV1537,Lê Ngọc Đức,INT1001,Lập trình Python,INT1001_L01,tich_hop,2.0,1.0,3.7257912,8.01964,6.10393,9.812662,3.9463038,9.246903,6.522732575734456,An toan,7.6686234,6.522732575734456,C+,An toan
SV1537,Lê Ngọc Đức,INT1002,Cơ sở dữ liệu,INT1002_L01,ly_thuyet,3.0,0.0,4.677627,9.539225,7.9704895,8.520702,7.1996565,7.562261,8.179783821105957,An toan,0.0,8.179783821105957,B+,An toan
SV1538,Vũ Minh Khoa,GDTC101,Giáo dục thể chất 1*,GDTC101_L01,thuc_hanh,0.0,1.0,3.0333261,4.162631,3.617591,6.5554414,6.286593,5.0788364,4.007466793060303,An toan,5.9736238,4.007466793060303,D,An toan
SV1538,Vũ Minh Khoa,GDQP102,Giáo dục quốc phòng*,GDQP102_L01,ly_thuyet,3.0,0.0,5.7834206,5.1273336,9.544156,8.931123,3.2473214,8.339246,3.2020273208618164,Nguy co rot mon,0.0,3.2020273208618164,F,Nguy co rot mon
SV1538,Vũ Minh Khoa,INT1001,Lập trình Python,INT1001_L01,tich_hop,2.0,1.0,7.405689,5.7907066,2.0703404,6.409824,7.272313,8.193648,5.823250929514567,An toan,7.291929,5.823250929514567,C,An toan
SV1539,Phạm Minh Hùng,GDQP102,Giáo dục quốc phòng*,GDQP102_L01,ly_thuyet,3.0,0.0,3.7464726,2.3864865,8.182799,7.0641704,4.456159,9.55548,9.78872013092041,An toan,0.0,9.78872013092041,A+,An toan
SV1539,Phạm Minh Hùng,GDTC101,Giáo dục thể chất 1*,GDTC101_L01,thuc_hanh,0.0,1.0,7.751374,2.002404,3.5999677,3.1986969,8.919967,8.168456,7.188161373138428,An toan,6.7623734,7.188161373138428,B,An toan
SV1540,Đỗ Ngọc Trang,GDTC101,Giáo dục thể chất 1*,GDTC101_L01,thuc_hanh,0.0,1.0,2.809844,5.763306,7.5118546,7.745226,3.7735837,7.055433,7.282262802124023,An toan,6.191414,7.282262802124023,B,An toan
SV1540,Đỗ Ngọc Trang,GDQP102,Giáo dục quốc phòng*,GDQP102_L01,ly_thuyet,3.0,0.0,5.9662967,9.382398,4.8235426,5.7370057,4.163646,8.033835,0.6041426062583923,Nguy co rot mon,0.0,0.6041426062583923,F,Nguy co rot mon
SV1540,Đỗ Ngọc Trang,INT1001,Lập trình Python,INT1001_L01,tich_hop,2.0,1.0,4.027297,9.711901,1.1328549,6.6521564,4.5914264,9.03352,5.557912349700928,Nguy co rot mon,6.7590346,5.557912349700928,C,An toan
SV1540,Đỗ Ngọc Trang,INT1002,Cơ sở dữ liệu,INT1002_L01,ly_thuyet,3.0,0.0,8.5824175,9.626016,7.9621954,5.686189,8.262351,5.2151575,8.283222198486328,An toan,0.0,8.283222198486328,B+,An toan
SV1541,Bùi Tuấn Khoa,INT1003,Phát triển ứng dụng,INT1003_L01,tich_hop,2.0,1.5,9.254808,6.909665,9.924557,6.076582,7.737991,4.6423864,7.606047425951276,An toan,6.1523194,7.606047425951276,B,An toan
SV1541,Bùi Tuấn Khoa,INT1002,Cơ sở dữ liệu,INT1002_L01,ly_thuyet,3.0,0.0,8.830813,4.4747057,1.0746831,4.0029936,6.0331917,8.372549,8.882174491882324,An toan,0.0,8.882174491882324,A,An toan
SV1541,Bùi Tuấn Khoa,GDQP102,Giáo dục quốc phòng*,GDQP102_L01,ly_thuyet,3.0,0.0,9.163096,4.4720793,3.652841,4.234746,4.612491,6.900875,4.646925449371338,An toan,0.0,4.646925449371338,D,An toan
SV1542,Phạm Hải An,INT1002,Cơ sở dữ liệu,INT1002_L01,ly_thuyet,3.0,0.0,2.8183734,7.395243,4.5785027,7.663919,7.031513,4.1276984,2.552359104156494,Nguy co rot mon,0.0,2.552359104156494,F,Nguy co rot mon
SV1542,Phạm Hải An,INT1003,Phát triển ứng dụng,INT1003_L01,tich_hop,2.0,1.5,6.953248,8.880791,4.9527197,9.161789,9.837295,7.2442083,7.708424431937082,An toan,8.747765,7.708424431937082,B,An toan
SV1542,Phạm Hải An,INT1001,Lập trình Python,INT1001_L01,tich_hop,2.0,1.0,3.1987648,6.8747363,2.270985,5.5750833,8.14074,3.9447474,4.705504894256592,An toan,5.8868575,4.705504894256592,D,An toan
SV1542,Phạm Hải An,GDTC101,Giáo dục thể chất 1*,GDTC101_L01,thuc_hanh,0.0,1.0,5.3880463,8.513978,5.96947,8.647623,4.930196,8.691212,4.754546642303467,An toan,7.4230103,4.754546642303467,D,An toan
SV1543,Vũ Thảo Linh,INT1003,Phát triển ứng dụng,INT1003_L01,tich_hop,2.0,1.5,3.7656417,5.565662,1.7379186,4.728423,3.8454065,8.385334,4.531161103929792,Nguy co rot mon,5.6530547,4.531161103929792,D,An toan
SV1543,Vũ Thảo Linh,GDTC101,Giáo dục thể chất 1*,GDTC101_L01,thuc_hanh,0.0,1.0,8.152064,8.349792,2.9576552,5.747912,7.482289,8.06756,1.132128357887268,Nguy co rot mon,7.099253,1.132128357887268,F,Nguy co rot mon
SV1544,Phạm Văn Vy,INT1001,Lập trình Python,INT1001_L01,tich_hop,2.0,1.0,7.8012195,7.359782,9.369192,4.0413017,7.4942827,8.534529,7.681166807810466,Nguy co rot mon,6.690038,7.681166807810466,B,An toan
SV1544,Phạm Văn Vy,INT1003,Phát triển ứng dụng,INT1003_L01,tich_hop,2.0,1.5,6.9497914,2.3957722,9.381534,3.3995042,6.8007708,4.3355117,5.643607003348214,An toan,4.8452625,5.643607003348214,C,An toan
SV1544,Phạm Văn Vy,GDTC101,Giáo dục thể chất 1*,GDTC101_L01,thuc_hanh,0.0,1.0,5.3231215,4.556133,9.159219,6.7686195,3.830147,9.340122,9.836246490478516,An toan,6.646296,9.836246490478516,A+,An toan
SV1545,Trần Minh An,INT1002,Cơ sở dữ liệu,INT1002_L01,ly_thuyet,3.0,0.0,4.249485,5.1162086,5.195694,4.194844,7.447237,3.6688626,4.417998790740967,An toan,0.0,4.417998790740967,D,An toan
SV1545,Trần Minh An,GDQP102,Giáo dục quốc phòng*,GDQP102_L01,ly_thuyet,3.0,0.0,2.583597,2.2634838,6.790219,3.571457,9.266323,7.127576,6.200779914855957,An toan,0.0,6.200779914855957,C+,An toan
SV1545,Trần Minh An,INT1003,Phát triển ứng dụng,INT1003_L01,tich_hop,2.0,1.5,7.7867,9.971856,1.4640555,6.0610747,9.5834465,3.1822093,6.350983006613595,Nguy co rot mon,6.275577,6.350983006613595,C+,An toan
SV1546,Đặng Minh Chinh,INT1002,Cơ sở dữ liệu,INT1002_L01,ly_thuyet,3.0,0.0,6.3417425,4.070735,2.379245,8.480886,6.4351974,6.948962,4.001091957092285,An toan,0.0,4.001091957092285,D,An toan
SV1546,Đặng Minh Chinh,INT1001,Lập trình Python,INT1001_L01,tich_hop,2.0,1.0,8.971176,8.587167,4.468913,5.6426797,8.292447,8.8913,7.4312154452006025,Nguy co rot mon,7.608809,7.4312154452006025,B,An toan
SV1547,Hoàng Thảo Chinh,INT1003,Phát triển ứng dụng,INT1003_L01,tich_hop,2.0,1.5,6.8480873,5.629456,1.5907878,3.9043162,9.358925,8.866058,5.841010434286935,Nguy co rot mon,7.376433,5.841010434286935,C,An toan
SV1547,Hoàng Thảo Chinh,GDTC101,Giáo dục thể chất 1*,GDTC101_L01,thuc_hanh,0.0,1.0,5.7830796,7.4922743,5.1833234,3.695873,5.332284,8.406303,3.439908027648926,Nguy co rot mon,5.8114867,3.439908027648926,F,Nguy co rot mon
SV1547,Hoàng Thảo Chinh,INT1001,Lập trình Python,INT1001_L01,tich_hop,2.0,1.0,3.4132674,5.853203,2.8892791,5.2417903,3.512943,5.4506874,4.27965784072876,An toan,4.7351403,4.27965784072876,D,An toan
SV1547,Hoàng Thảo Chinh,GDQP102,Giáo dục quốc phòng*,GDQP102_L01,ly_thuyet,3.0,0.0,8.706415,2.2542665,3.4731348,7.34668,3.661151,4.2479877,6.905388355255127,An toan,0.0,6.905388355255127,C+,An toan
SV1548,Bùi Hải Trang,INT1003,Phát triển ứng dụng,INT1003_L01,tich_hop,2.0,1.5,4.919094,6.7032065,1.2383211,4.640943,5.7883296,6.067747,4.80635963167463,Nguy co rot mon,5.4990067,4.80635963167463,D,An toan
SV1548,Bùi Hải Trang,INT1001,Lập trình Python,INT1001_L01,tich_hop,2.0,1.0,9.3550205,2.418348,7.236541,4.497871,4.6046214,5.1646123,5.809658527374268,Nguy co rot mon,4.7557015,5.809658527374268,C,An toan
SV1549,Hoàng Thu Đức,INT1003,Phát triển ứng dụng,INT1003_L01,tich_hop,2.0,1.5,3.7242181,9.186133,9.914491,8.365289,8.122871,7.496368,7.773950031825474,Nguy co rot mon,7.9948425,7.773950031825474,B,An toan
SV1549,Hoàng Thu Đức,INT1002,Cơ sở dữ liệu,INT1002_L01,ly_thuyet,3.0,0.0,8.134447,4.15246,4.716841,3.021327,9.987107,7.735874,1.546199917793274,Nguy co rot mon,0.0,1.546199917793274,F,Nguy co rot mon
SV1549,Hoàng Thu Đức,GDQP102,Giáo dục quốc phòng*,GDQP102_L01,ly_thuyet,3.0,0.0,7.3035727,5.0392427,4.0359,7.32535,7.5469503,7.776086,2.563321113586426,Nguy co rot mon,0.0,2.563321113586426,F,Nguy co rot mon
SV1549,Hoàng Thu Đức,GDTC101,Giáo dục thể chất 1*,GDTC101_L01,thuc_hanh,0.0,1.0,5.3832545,8.659613,1.1626076,8.338363,5.9030633,5.7459497,5.045066833496094,An toan,6.662459,5.045066833496094,D+,An toan
SV1550,Hoàng Tuấn Trang,GDQP102,Giáo dục quốc phòng*,GDQP102_L01,ly_thuyet,3.0,0.0,9.213664,7.983758,1.6476693,3.1945033,7.3479357,6.6528754,0.4963703751564026,Nguy co rot mon,0.0,0.4963703751564026,F,Nguy co rot mon
SV1550,Hoàng Tuấn Trang,INT1001,Lập trình Python,INT1001_L01,tich_hop,2.0,1.0,4.4914007,3.569638,8.458353,9.128433,4.823012,8.647788,6.1820017496744795,Nguy co rot mon,7.5330772,6.1820017496744795,C+,An toan
SV1550,Hoàng Tuấn Trang,GDTC101,Giáo dục thể chất 1*,GDTC101_L01,thuc_hanh,0.0,1.0,7.2002454,8.454467,2.253067,9.723096,6.828703,4.96363,1.4657881259918213,Nguy co rot mon,7.17181,1.4657881259918213,F,Nguy co rot mon
SV1550,Hoàng Tuấn Trang,INT1002,Cơ sở dữ liệu,INT1002_L01,ly_thuyet,3.0,0.0,6.846867,7.077933,7.138133,6.966783,4.0251136,8.954782,6.310120105743408,An toan,0.0,6.310120105743408,C+,An toan
SV1551,Nguyễn Tuấn Chinh,GDQP102,Giáo dục quốc phòng*,GDQP102_L01,ly_thuyet,3.0,0.0,7.540881,3.755068,2.6174474,7.6233993,5.3078027,6.6288447,6.697021484375,An toan,0.0,6.697021484375,C+,An toan
SV1551,Nguyễn Tuấn Chinh,INT1003,Phát triển ứng dụng,INT1003_L01,tich_hop,2.0,1.5,5.8337116,5.8304567,8.621832,8.42253,5.7791057,9.434633,7.240609509604318,An toan,7.878756,7.240609509604318,B,An toan
SV1552,Trần Thị Bình,INT1001,Lập trình Python,INT1001_L01,tich_hop,2.0,1.0,6.8774614,5.743358,6.7801557,4.7149816,8.083185,6.8219266,6.491337935129802,An toan,6.540031,6.491337935129802,C+,An toan
SV1552,Trần Thị Bình,INT1002,Cơ sở dữ liệu,INT1002_L01,ly_thuyet,3.0,0.0,7.2824616,3.3194556,9.629744,6.5541945,5.500712,7.0530224,4.594695568084717,An toan,0.0,4.594695568084717,D,An toan
SV1553,Bùi Đức Vy,INT1002,Cơ sở dữ liệu,INT1002_L01,ly_thuyet,3.0,0.0,7.2200484,8.877054,6.71754,7.6912518,4.6873536,7.3917294,1.1928662061691284,Nguy co rot mon,0.0,1.1928662061691284,F,Nguy co rot mon
SV1553,Bùi Đức Vy,GDQP102,Giáo dục quốc phòng*,GDQP102_L01,ly_thuyet,3.0,0.0,7.085211,4.3291864,6.0409174,3.9986365,7.438879,7.731208,0.7389593124389648,Nguy co rot mon,0.0,0.7389593124389648,F,Nguy co rot mon
SV1554,Trần Thu Hùng,GDQP102,Giáo dục quốc phòng*,GDQP102_L01,ly_thuyet,3.0,0.0,3.116483,6.1605787,6.0286007,8.98183,7.148955,9.543033,3.3522510528564453,Nguy co rot mon,0.0,3.3522510528564453,F,Nguy co rot mon
SV1554,Trần Thu Hùng,INT1003,Phát triển ứng dụng,INT1003_L01,tich_hop,2.0,1.5,8.710026,6.3061633,3.1920338,8.96769,7.0977273,7.418009,6.823008332933698,Nguy co rot mon,7.827809,6.823008332933698,C+,An toan
SV1554,Trần Thu Hùng,GDTC101,Giáo dục thể chất 1*,GDTC101_L01,thuc_hanh,0.0,1.0,9.607403,3.7161224,3.6665308,9.598276,5.778779,7.0404363,7.952836513519287,An toan,7.4724975,7.952836513519287,B,An toan
SV1555,Vũ Văn Đức,INT1001,Lập trình Python,INT1001_L01,tich_hop,2.0,1.0,5.360546,9.949366,7.103006,7.527758,9.233303,5.7546415,7.482392946879069,Nguy co rot mon,7.505234,7.482392946879069,B,An toan
SV1555,Vũ Văn Đức,GDQP102,Giáo dục quốc phòng*,GDQP102_L01,ly_thuyet,3.0,0.0,6.523702,6.759297,8.322361,9.773726,8.034568,4.293217,0.948178231716156,Nguy co rot mon,0.0,0.948178231716156,F,Nguy co rot mon
SV1555,Vũ Văn Đức,INT1003,Phát triển ứng dụng,INT1003_L01,tich_hop,2.0,1.5,5.436444,8.518426,6.3638825,4.876058,6.886955,6.424421,6.4684431212288995,Nguy co rot mon,6.0624776,6.4684431212288995,C+,An toan
SV1555,Vũ Văn Đức,INT1002,Cơ sở dữ liệu,INT1002_L01,ly_thuyet,3.0,0.0,3.1880374,5.1603894,7.860428,3.484299,9.254772,5.4701447,4.602370738983154,An toan,0.0,4.602370738983154,D,An toan
SV1556,Bùi Thảo Vy,INT1003,Phát triển ứng dụng,INT1003_L01,tich_hop,2.0,1.5,7.747075,4.422883,9.238444,7.823466,3.8955848,5.127228,6.48440204347883,An toan,5.6154265,6.48440204347883,C+,An toan
SV1556,Bùi Thảo Vy,INT1001,Lập trình Python,INT1001_L01,tich_hop,2.0,1.0,2.1347616,7.5491652,9.598543,8.642129,9.896421,4.619315,6.858089923858643,An toan,7.7192893,6.858089923858643,C+,An toan
SV1556,Bùi Thảo Vy,GDTC101,Giáo dục thể chất 1*,GDTC101_L01,thuc_hanh,0.0,1.0,9.076103,3.3788643,6.1892614,4.2243476,4.2581806,3.39605,4.493896484375,An toan,3.959526,4.493896484375,D,An toan
SV1557,Trần Tuấn Hùng,INT1001,Lập trình Python,INT1001_L01,tich_hop,2.0,1.0,4.523413,9.086421,5.998068,6.938012,9.766309,3.3590004,6.586569627126058,Nguy co rot mon,6.687774,6.586569627126058,C+,An toan
SV1557,Trần Tuấn Hùng,INT1002,Cơ sở dữ liệu,INT1002_L01,ly_thuyet,3.0,0.0,5.234531,6.6595025,9.922618,3.2143707,5.668675,3.334384,3.2985260486602783,Nguy co rot mon,0.0,3.2985260486602783,F,Nguy co rot mon
SV1558,Bùi Minh Bình,INT1002,Cơ sở dữ liệu,INT1002_L01,ly_thuyet,3.0,0.0,4.9055567,6.501991,5.505723,3.465743,3.3509755,4.855336,6.224625587463379,An toan,0.0,6.224625587463379,C+,An toan
SV1558,Bùi Minh Bình,GDQP102,Giáo dục quốc phòng*,GDQP102_L01,ly_thuyet,3.0,0.0,6.766087,2.3349073,2.4663718,4.3656516,3.8752432,6.5956807,2.1135332584381104,Nguy co rot mon,0.0,2.1135332584381104,F,Nguy co rot mon
SV1558,Bùi Minh Bình,INT1001,Lập trình Python,INT1001_L01,tich_hop,2.0,1.0,4.3959436,9.24422,7.5427527,6.994585,3.383897,5.217413,6.440192063649495,An toan,5.198632,6.440192063649495,C+,An toan
SV1559,Hoàng Hải An,GDTC101,Giáo dục thể chất 1*,GDTC101_L01,thuc_hanh,0.0,1.0,5.0381546,3.8595212,7.6192646,7.523589,4.1491613,7.116688,9.53973388671875,An toan,6.263146,9.53973388671875,A+,An toan
SV1559,Hoàng Hải An,GDQP102,Giáo dục quốc phòng*,GDQP102_L01,ly_thuyet,3.0,0.0,9.110871,5.4403634,1.8897682,4.0299735,7.993149,5.392891,0.4157196879386902,Nguy co rot mon,0.0,0.4157196879386902,F,Nguy co rot mon
SV1559,Hoàng Hải An,INT1001,Lập trình Python,INT1001_L01,tich_hop,2.0,1.0,7.132204,7.282952,3.3474956,5.416147,4.74434,4.2748723,5.55118465423584,Nguy co rot mon,4.8117867,5.55118465423584,C,An toan
SV1559,Hoàng Hải An,INT1003,Phát triển ứng dụng,INT1003_L01,tich_hop,2.0,1.5,3.8772466,7.6849566,8.926218,3.6781213,7.9554753,7.743185,6.670668193272182,Nguy co rot mon,6.458927,6.670668193272182,C+,An toan
SV1560,Đặng Thu Trang,INT1001,Lập trình Python,INT1001_L01,tich_hop,2.0,1.0,4.6042833,2.8762512,3.4188974,6.04484,3.4625485,6.591453,4.210856119791667,An toan,5.36628,4.210856119791667,D,An toan
SV1560,Đặng Thu Trang,GDTC101,Giáo dục thể chất 1*,GDTC101_L01,thuc_hanh,0.0,1.0,3.3802948,4.020393,9.258712,7.3638763,5.6872177,5.9532547,6.8635783195495605,An toan,6.334783,6.8635783195495605,C+,An toan
SV1561,Phạm Thảo Khoa,INT1002,Cơ sở dữ liệu,INT1002_L01,ly_thuyet,3.0,0.0,8.004,4.614398,4.0320725,6.3507724,4.2957177,9.016939,5.106207370758057,An toan,0.0,5.106207370758057,D+,An toan
SV1561,Phạm Thảo Khoa,GDQP102,Giáo dục quốc phòng*,GDQP102_L01,ly_thuyet,3.0,0.0,4.3649764,2.3326738,3.3672283,9.955219,7.684544,3.8548543,6.115055561065674,An toan,0.0,6.115055561065674,C+,An toan
SV1561,Phạm Thảo Khoa,INT1003,Phát triển ứng dụng,INT1003_L01,tich_hop,2.0,1.5,7.0576334,9.161941,4.563958,5.4323654,5.916175,5.8540254,6.416277136121478,An toan,5.7341886,6.416277136121478,C+,An toan
SV1562,Vũ Ngọc Hùng,INT1002,Cơ sở dữ liệu,INT1002_L01,ly_thuyet,3.0,0.0,9.126198,2.7127523,4.5423093,8.491,8.589173,3.701239,9.856438636779785,An toan,0.0,9.856438636779785,A+,An toan
SV1562,Vũ Ngọc Hùng,GDTC101,Giáo dục thể chất 1*,GDTC101_L01,thuc_hanh,0.0,1.0,7.439961,3.8766162,6.6465435,6.6895447,7.7896914,7.000616,5.066617965698242,An toan,7.1599507,5.066617965698242,D+,An toan
SV1563,Trần Hoàng Đức,INT1002,Cơ sở dữ liệu,INT1002_L01,ly_thuyet,3.0,0.0,5.704573,9.407306,4.9974413,5.9019566,4.4592094,5.6585155,6.312061786651611,An toan,0.0,6.312061786651611,C+,An toan
SV1563,Trần Hoàng Đức,GDTC101,Giáo dục thể chất 1*,GDTC101_L01,thuc_hanh,0.0,1.0,4.6186857,7.7745957,6.476056,7.7734942,3.3077617,6.351373,0.5559943318367004,Nguy co rot mon,5.8108764,0.5559943318367004,F,Nguy co rot mon
SV1563,Trần Hoàng Đức,INT1003,Phát triển ứng dụng,INT1003_L01,tich_hop,2.0,1.5,9.213834,2.8729005,2.1079125,5.1223774,4.730627,4.914562,4.813394478389195,Nguy co rot mon,4.922522,4.813394478389195,D,An toan
SV1564,Phan Hải An,INT1001,Lập trình Python,INT1001_L01,tich_hop,2.0,1.0,7.798849,6.4225874,8.995027,9.467927,8.40555,6.197799,7.833800315856934,Nguy co rot mon,8.023759,7.833800315856934,B,An toan
SV1564,Phan Hải An,INT1002,Cơ sở dữ liệu,INT1002_L01,ly_thuyet,3.0,0.0,9.101351,3.7358093,4.7699966,8.842573,3.8167171,3.362249,3.123633861541748,Nguy co rot mon,0.0,3.123633861541748,F,Nguy co rot mon
SV1564,Phan Hải An,GDQP102,Giáo dục quốc phòng*,GDQP102_L01,ly_thuyet,3.0,0.0,3.579975,8.423607,4.2400455,3.5184755,9.987059,3.3711379,7.5648698806762695,An toan,0.0,7.5648698806762695,B,An toan
SV1565,Vũ Tuấn Linh,GDQP102,Giáo dục quốc phòng*,GDQP102_L01,ly_thuyet,3.0,0.0,4.3759656,3.9869683,9.267883,3.6335404,5.638195,9.783713,1.6622049808502197,Nguy co rot mon,0.0,1.6622049808502197,F,Nguy co rot mon
SV1565,Vũ Tuấn Linh,INT1001,Lập trình Python,INT1001_L01,tich_hop,2.0,1.0,7.6189036,5.174291,8.649315,4.8123465,7.889329,4.381134,6.663091818491618,Nguy co rot mon,5.6942697,6.663091818491618,C+,An toan
SV1565,Vũ Tuấn Linh,INT1002,Cơ sở dữ liệu,INT1002_L01,ly_thuyet,3.0,0.0,9.167589,3.2339697,7.5467043,9.615468,3.180088,8.944976,6.108545303344727,An toan,0.0,6.108545303344727,C+,An toan
SV1565,Vũ Tuấn Linh,GDTC101,Giáo dục thể chất 1*,GDTC101_L01,thuc_hanh,0.0,1.0,4.49409,8.918192,1.7129371,9.296569,9.503877,8.986049,4.908583641052246,An toan,9.262165,4.908583641052246,D,An toan
SV1566,Lê Minh An,INT1002,Cơ sở dữ liệu,INT1002_L01,ly_thuyet,3.0,0.0,9.514214,6.5265417,9.730406,8.645934,8.366655,5.719545,3.7616214752197266,Nguy co rot mon,0.0,3.7616214752197266,F,Nguy co rot mon
SV1566,Lê Minh An,GDTC101,Giáo dục thể chất 1*,GDTC101_L01,thuc_hanh,0.0,1.0,4.592394,3.4207287,2.155733,6.927176,6.4797745,9.474599,6.113541126251221,An toan,7.6271834,6.113541126251221,C+,An toan
SV1566,Lê Minh An,GDQP102,Giáo dục quốc phòng*,GDQP102_L01,ly_thuyet,3.0,0.0,2.209329,3.7451622,3.3458996,7.845774,8.77152,7.2415805,2.22879695892334,Nguy co rot mon,0.0,2.22879695892334,F,Nguy co rot mon
SV1567,Trần Minh Phương,INT1001,Lập trình Python,INT1001_L01,tich_hop,2.0,1.0,2.506049,8.796119,4.5025606,4.5547223,9.93017,5.4424515,5.726311206817627,An toan,6.642448,5.726311206817627,C,An toan
SV1567,Trần Minh Phương,GDQP102,Giáo dục quốc phòng*,GDQP102_L01,ly_thuyet,3.0,0.0,4.0687194,9.73672,9.680455,7.7706766,4.9131007,5.359713,1.309322476387024,Nguy co rot mon,0.0,1.309322476387024,F,Nguy co rot mon
SV1567,Trần Minh Phương,INT1002,Cơ sở dữ liệu,INT1002_L01,ly_thuyet,3.0,0.0,8.492564,2.0445774,4.982279,3.4957433,4.9375916,8.583154,0.36004436016082764,Nguy co rot mon,0.0,0.36004436016082764,F,Nguy co rot mon
SV1567,Trần Minh Phương,INT1003,Phát triển ứng dụng,INT1003_L01,tich_hop,2.0,1.5,3.8090606,7.5605087,1.1948869,5.0358157,3.3838055,6.3730636,4.5064705439976285,Nguy co rot mon,4.930895,4.5064705439976285,D,An toan
SV1568,Phan Đức Phương,GDTC101,Giáo dục thể chất 1*,GDTC101_L01,thuc_hanh,0.0,1.0,5.0737987,4.2423544,7.559502,8.12938,4.2677364,7.839236,1.3423027992248535,Nguy co rot mon,6.745451,1.3423027992248535,F,Nguy co rot mon
SV1568,Phan Đức Phương,GDQP102,Giáo dục quốc phòng*,GDQP102_L01,ly_thuyet,3.0,0.0,6.4796834,3.123764,4.65153,4.4432344,6.61165,3.4584625,2.2454898357391357,Nguy co rot mon,0.0,2.2454898357391357,F,Nguy co rot mon
SV1569,Đặng Hải Anh,INT1003,Phát triển ứng dụng,INT1003_L01,tich_hop,2.0,1.5,7.8963456,8.828559,2.7690198,7.4295115,9.953647,3.0773728,6.636061532156808,An toan,6.820177,6.636061532156808,C+,An toan
SV1569,Đặng Hải Anh,INT1001,Lập trình Python,INT1001_L01,tich_hop,2.0,1.0,9.155804,8.734305,2.4966009,8.801905,5.230393,6.116638,6.769150892893474,Nguy co rot mon,6.716312,6.769150892893474,C+,An toan
SV1569,Đặng Hải Anh,GDQP102,Giáo dục quốc phòng*,GDQP102_L01,ly_thuyet,3.0,0.0,2.1604815,5.313329,5.67245,3.929261,6.3408,7.6370883,8.496463775634766,An toan,0.0,8.496463775634766,B+,An toan
SV1569,Đặng Hải Anh,GDTC101,Giáo dục thể chất 1*,GDTC101_L01,thuc_hanh,0.0,1.0,8.088486,4.3314967,2.9522889,9.042071,8.725406,6.038647,5.391567230224609,An toan,7.9353747,5.391567230224609,D+,An toan
SV1570,Đỗ Hải Khoa,GDQP102,Giáo dục quốc phòng*,GDQP102_L01,ly_thuyet,3.0,0.0,6.7210293,5.670605,7.386974,4.64672,4.6761823,6.204957,8.826033592224121,An toan,0.0,8.826033592224121,A,An toan
SV1570,Đỗ Hải Khoa,INT1001,Lập trình Python,INT1001_L01,tich_hop,2.0,1.0,4.347959,7.0412846,7.658427,6.404327,3.685157,8.878475,6.340366840362549,An toan,6.3226533,6.340366840362549,C+,An toan
SV1571,Nguyễn Hải Khoa,GDTC101,Giáo dục thể chất 1*,GDTC101_L01,thuc_hanh,0.0,1.0,2.7454472,7.5066023,5.0919394,8.329747,9.994065,4.433486,4.169547080993652,An toan,7.585766,4.169547080993652,D,An toan
SV1571,Nguyễn Hải Khoa,INT1002,Cơ sở dữ liệu,INT1002_L01,ly_thuyet,3.0,0.0,3.3227694,3.717213,6.0562797,8.844753,9.9473095,6.1876106,1.795491099357605,Nguy co rot mon,0.0,1.795491099357605,F,Nguy co rot mon
SV1572,Đặng Văn Linh,GDQP102,Giáo dục quốc phòng*,GDQP102_L01,ly_thuyet,3.0,0.0,3.4547536,2.836701,9.484729,9.180616,5.157601,7.62587,9.328716278076172,An toan,0.0,9.328716278076172,A+,An toan
SV1572,Đặng Văn Linh,INT1001,Lập trình Python,INT1001_L01,tich_hop,2.0,1.0,2.6373467,7.0716033,7.5510426,4.7242103,9.104292,5.47865,5.980792840321858,An toan,6.435717,5.980792840321858,C,An toan
SV1573,Đỗ Minh An,INT1002,Cơ sở dữ liệu,INT1002_L01,ly_thuyet,3.0,0.0,3.94522,3.1959636,9.224943,4.013214,5.5400457,5.396337,9.71326732635498,An toan,0.0,9.71326732635498,A+,An toan
SV1573,Đỗ Minh An,INT1001,Lập trình Python,INT1001_L01,tich_hop,2.0,1.0,5.447912,7.0918136,8.875325,8.781638,5.1161876,9.172528,7.322272777557373,Nguy co rot mon,7.6901183,7.322272777557373,B,An toan
SV1574,Trần Ngọc Nam,INT1001,Lập trình Python,INT1001_L01,tich_hop,2.0,1.0,6.1191325,8.630204,7.856821,7.3852706,8.170883,4.230047,7.222057183583577,An toan,6.5954003,7.222057183583577,B,An toan
SV1574,Trần Ngọc Nam,INT1002,Cơ sở dữ liệu,INT1002_L01,ly_thuyet,3.0,0.0,3.1804626,8.260652,9.166177,8.502965,9.079338,7.510931,4.7882585525512695,An toan,0.0,4.7882585525512695,D,An toan
SV1574,Trần Ngọc Nam,GDTC101,Giáo dục thể chất 1*,GDTC101_L01,thuc_hanh,0.0,1.0,9.12379,6.177571,1.191295,7.7648473,6.4709115,3.272706,5.802528381347656,An toan,5.836155,5.802528381347656,C,An toan
SV1574,Trần Ngọc Nam,GDQP102,Giáo dục quốc phòng*,GDQP102_L01,ly_thuyet,3.0,0.0,3.3345356,9.997845,5.177489,5.3988256,5.0141726,7.2874956,8.865914344787598,An toan,0.0,8.865914344787598,A,An toan
SV1575,Phan Hoàng Linh,INT1001,Lập trình Python,INT1001_L01,tich_hop,2.0,1.0,6.022916,4.5315595,7.4307594,7.4904943,6.3603168,8.263108,6.453821023305257,Nguy co rot mon,7.371306,6.453821023305257,C+,An toan
SV1575,Phan Hoàng Linh,INT1002,Cơ sở dữ liệu,INT1002_L01,ly_thuyet,3.0,0.0,9.770656,3.784222,7.1042056,3.8657465,7.2074547,4.560624,1.085044026374817,Nguy co rot mon,0.0,1.085044026374817,F,Nguy co rot mon
SV1575,Phan Hoàng Linh,GDTC101,Giáo dục thể chất 1*,GDTC101_L01,thuc_hanh,0.0,1.0,4.4092975,5.6052866,1.1136247,3.820897,7.6162367,3.7145388,4.950838088989258,An toan,5.0505576,4.950838088989258,D,An toan
SV1576,Đặng Thị Vy,INT1003,Phát triển ứng dụng,INT1003_L01,tich_hop,2.0,1.5,6.529574,5.08016,7.9820695,8.336394,8.314274,7.7777658,7.2215484891619,An toan,8.142812,7.2215484891619,B,An toan
SV1576,Đặng Thị Vy,GDTC101,Giáo dục thể chất 1*,GDTC101_L01,thuc_hanh,0.0,1.0,8.734875,7.882434,6.3316655,9.850295,3.4538653,7.151471,8.1563081741333,An toan,6.818544,8.1563081741333,B+,An toan
SV1576,Đặng Thị Vy,GDQP102,Giáo dục quốc phòng*,GDQP102_L01,ly_thuyet,3.0,0.0,6.311727,2.8032587,6.2074122,8.566144,8.726699,8.969323,2.14218807220459,Nguy co rot mon,0.0,2.14218807220459,F,Nguy co rot mon
SV1577,Phạm Hải An,INT1002,Cơ sở dữ liệu,INT1002_L01,ly_thuyet,3.0,0.0,2.6248238,4.3940773,5.9270477,8.15403,5.0781446,8.047306,6.238758087158203,An toan,0.0,6.238758087158203,C+,An toan
SV1577,Phạm Hải An,INT1003,Phát triển ứng dụng,INT1003_L01,tich_hop,2.0,1.5,3.6508443,8.060702,3.0361607,3.4792051,3.0361397,8.323032,4.928855282919748,Nguy co rot mon,4.9461255,4.928855282919748,D,An toan
SV1578,Bùi Văn Vy,INT1001,Lập trình Python,INT1001_L01,tich_hop,2.0,1.0,6.392668,7.355651,1.9533553,5.277522,4.2433896,5.304164,5.136491298675537,Nguy co rot mon,4.941692,5.136491298675537,D+,An toan
SV1578,Bùi Văn Vy,INT1003,Phát triển ứng dụng,INT1003_L01,tich_hop,2.0,1.5,8.4591875,2.523559,5.444538,3.9076314,8.84986,4.3905106,5.578721250806536,An toan,5.716001,5.578721250806536,C,An toan
SV1578,Bùi Văn Vy,GDQP102,Giáo dục quốc phòng*,GDQP102_L01,ly_thuyet,3.0,0.0,2.9801452,8.566613,7.508479,6.652078,9.477159,7.8920527,2.6055471897125244,Nguy co rot mon,0.0,2.6055471897125244,F,Nguy co rot mon
SV1579,Trần Thị Phương,INT1002,Cơ sở dữ liệu,INT1002_L01,ly_thuyet,3.0,0.0,6.2883034,9.231392,6.4116025,5.159775,3.6311507,8.223685,9.347517013549805,An toan,0.0,9.347517013549805,A+,An toan
SV1579,Trần Thị Phương,INT1003,Phát triển ứng dụng,INT1003_L01,tich_hop,2.0,1.5,4.772466,6.200581,6.924084,3.8635492,3.0147707,5.240888,5.140292576381138,Nguy co rot mon,4.039736,5.140292576381138,D+,An toan
SV1580,Phan Minh Chinh,INT1001,Lập trình Python,INT1001_L01,tich_hop,2.0,1.0,9.372986,2.8558693,1.9107915,8.990024,9.513594,3.428734,5.5790713628133135,Nguy co rot mon,7.3107834,5.5790713628133135,C,An toan
SV1580,Phan Minh Chinh,INT1002,Cơ sở dữ liệu,INT1002_L01,ly_thuyet,3.0,0.0,7.667146,9.090653,1.4770985,4.9239774,5.3717947,4.604915,7.006279945373535,An toan,0.0,7.006279945373535,B,An toan
SV1580,Phan Minh Chinh,INT1003,Phát triển ứng dụng,INT1003_L01,tich_hop,2.0,1.5,2.7367928,9.296019,2.5368907,6.802948,6.8756843,3.989971,5.299267564501081,Nguy co rot mon,5.8895345,5.299267564501081,D+,An toan
SV1580,Phan Minh Chinh,GDQP102,Giáo dục quốc phòng*,GDQP102_L01,ly_thuyet,3.0,0.0,9.891731,3.0713387,2.193445,7.84574,7.686401,6.7780256,3.1338539123535156,Nguy co rot mon,0.0,3.1338539123535156,F,Nguy co rot mon
SV1581,Đặng Thu Bình,GDTC101,Giáo dục thể chất 1*,GDTC101_L01,thuc_hanh,0.0,1.0,6.3301764,7.510746,4.9565487,5.871415,9.787168,7.542035,2.0373499393463135,Nguy co rot mon,7.7335396,2.0373499393463135,F,Nguy co rot mon
SV1581,Đặng Thu Bình,GDQP102,Giáo dục quốc phòng*,GDQP102_L01,ly_thuyet,3.0,0.0,8.373165,2.0610516,4.500508,6.5295277,3.299277,9.384372,0.44805800914764404,Nguy co rot mon,0.0,0.44805800914764404,F,Nguy co rot mon
SV1581,Đặng Thu Bình,INT1001,Lập trình Python,INT1001_L01,tich_hop,2.0,1.0,6.1929617,9.3913555,4.759975,3.2002034,9.826251,3.8917313,6.400752226511638,Nguy co rot mon,5.639395,6.400752226511638,C+,An toan
SV1581,Đặng Thu Bình,INT1002,Cơ sở dữ liệu,INT1002_L01,ly_thuyet,3.0,0.0,5.515551,8.773797,8.7638,4.42665,4.783861,5.610393,1.8824824094772339,Nguy co rot mon,0.0,1.8824824094772339,F,Nguy co rot mon
SV1582,Đặng Thu Hùng,GDTC101,Giáo dục thể chất 1*,GDTC101_L01,thuc_hanh,0.0,1.0,2.4058607,7.628577,1.4284378,5.4909267,3.370727,9.009574,7.75220251083374,An toan,5.9570756,7.75220251083374,B,An toan
SV1582,Đặng Thu Hùng,INT1003,Phát triển ứng dụng,INT1003_L01,tich_hop,2.0,1.5,6.1731076,3.209783,4.2405934,3.585467,8.89617,9.04707,5.670478548322405,Nguy co rot mon,7.176235,5.670478548322405,C,An toan
SV1582,Đặng Thu Hùng,INT1002,Cơ sở dữ liệu,INT1002_L01,ly_thuyet,3.0,0.0,9.844345,5.078925,3.8334727,7.193379,8.685538,7.3238006,0.2649526298046112,Nguy co rot mon,0.0,0.2649526298046112,F,Nguy co rot mon
SV1583,Đặng Thị Vy,INT1002,Cơ sở dữ liệu,INT1002_L01,ly_thuyet,3.0,0.0,9.103811,6.475388,8.710906,5.8160257,3.139675,5.734322,4.515800952911377,An toan,0.0,4.515800952911377,D,An toan
SV1583,Đặng Thị Vy,INT1003,Phát triển ứng dụng,INT1003_L01,tich_hop,2.0,1.5,7.1684346,7.848648,1.6437097,6.865596,5.9641676,4.442353,5.640929085867746,An toan,5.757372,5.640929085867746,C,An toan
SV1584,Phạm Hoàng Chinh,INT1003,Phát triển ứng dụng,INT1003_L01,tich_hop,2.0,1.5,2.822506,4.0344577,8.0622015,3.1706533,8.03193,7.6959786,5.541540145874023,An toan,6.2995205,5.541540145874023,C,An toan
SV1584,Phạm Hoàng Chinh,INT1001,Lập trình Python,INT1001_L01,tich_hop,2.0,1.0,3.0723264,7.728008,2.8712358,9.513956,7.1244535,4.60442,5.398440837860107,Nguy co rot mon,7.0809426,5.398440837860107,D+,An toan
SV1585,Vũ Hải Vy,GDTC101,Giáo dục thể chất 1*,GDTC101_L01,thuc_hanh,0.0,1.0,2.487652,5.1512446,8.52544,3.3365214,5.299941,9.951266,3.1222307682037354,Nguy co rot mon,6.1959095,3.1222307682037354,F,Nguy co rot mon
SV1585,Vũ Hải Vy,GDQP102,Giáo dục quốc phòng*,GDQP102_L01,ly_thuyet,3.0,0.0,7.13514,7.0913897,6.013506,6.495435,9.819591,7.123649,0.03566466271877289,Nguy co rot mon,0.0,0.03566466271877289,F,Nguy co rot mon
SV1586,Lê Hoàng Đức,GDTC101,Giáo dục thể chất 1*,GDTC101_L01,thuc_hanh,0.0,1.0,7.9595795,4.9525914,8.257165,6.6046414,3.4642158,7.0974975,5.489959239959717,An toan,5.7221184,5.489959239959717,D+,An toan
SV1586,Lê Hoàng Đức,INT1002,Cơ sở dữ liệu,INT1002_L01,ly_thuyet,3.0,0.0,4.5479093,2.4207547,4.863814,4.7271643,5.174716,4.6451178,9.73774242401123,An toan,0.0,9.73774242401123,A+,An toan
SV1587,Đặng Thị Trang,GDTC101,Giáo dục thể chất 1*,GDTC101_L01,thuc_hanh,0.0,1.0,8.075263,8.268858,1.6518978,6.6635933,9.049252,4.5862465,8.538392066955566,An toan,6.7663636,8.538392066955566,A,An toan
SV1587,Đặng Thị Trang,INT1002,Cơ sở dữ liệu,INT1002_L01,ly_thuyet,3.0,0.0,9.624441,6.477542,4.965498,3.8023825,7.588719,7.3191304,8.60545539855957,An toan,0.0,8.60545539855957,A,An toan
SV1587,Đặng Thị Trang,GDQP102,Giáo dục quốc phòng*,GDQP102_L01,ly_thuyet,3.0,0.0,6.3321824,9.172797,8.642914,4.599552,3.3020234,7.4692235,9.595558166503906,An toan,0.0,9.595558166503906,A+,An toan
SV1588,Nguyễn Hải Bình,INT1001,Lập trình Python,INT1001_L01,tich_hop,2.0,1.0,6.875792,8.120473,4.224489,5.279292,5.8146706,6.9794655,6.27943754196167,Nguy co rot mon,6.0244765,6.27943754196167,C+,An toan
SV1588,Nguyễn Hải Bình,INT1002,Cơ sở dữ liệu,INT1002_L01,ly_thuyet,3.0,0.0,2.8317847,6.857669,1.1476089,6.3320613,5.444982,6.70556,0.5345630645751953,Nguy co rot mon,0.0,0.5345630645751953,F,Nguy co rot mon
SV1589,Phạm Hoàng Khoa,GDQP102,Giáo dục quốc phòng*,GDQP102_L01,ly_thuyet,3.0,0.0,5.269134,3.9551241,4.797435,3.247675,6.7402864,7.165527,7.966907024383545,An toan,0.0,7.966907024383545,B,An toan
SV1589,Phạm Hoàng Khoa,INT1002,Cơ sở dữ liệu,INT1002_L01,ly_thuyet,3.0,0.0,9.579122,4.6997986,9.693298,6.1314516,9.880846,5.665057,7.353981018066406,An toan,0.0,7.353981018066406,B,An toan
SV1589,Phạm Hoàng Khoa,GDTC101,Giáo dục thể chất 1*,GDTC101_L01,thuc_hanh,0.0,1.0,3.3771675,7.07755,1.88949,6.1862693,9.274039,6.0886335,6.486715316772461,An toan,7.182981,6.486715316772461,C+,An toan
SV1589,Phạm Hoàng Khoa,INT1001,Lập trình Python,INT1001_L01,tich_hop,2.0,1.0,8.275025,4.740806,7.9181967,3.6639862,7.0528226,3.365091,6.2166619300842285,Nguy co rot mon,4.6939664,6.2166619300842285,C+,An toan
SV1590,Phan Tuấn Bình,GDQP102,Giáo dục quốc phòng*,GDQP102_L01,ly_thuyet,3.0,0.0,7.9706674,5.7098246,3.2118387,5.604314,3.209802,3.7916982,0.20767156779766083,Nguy co rot mon,0.0,0.20767156779766083,F,Nguy co rot mon
SV1590,Phan Tuấn Bình,INT1003,Phát triển ứng dụng,INT1003_L01,tich_hop,2.0,1.5,4.820554,9.057356,9.717738,8.958269,8.635343,6.8827205,7.991028240748814,An toan,8.158778,7.991028240748814,B,An toan
SV1591,Vũ Hải Khoa,INT1001,Lập trình Python,INT1001_L01,tich_hop,2.0,1.0,9.646995,5.8250227,8.143736,8.50332,3.4796937,6.976925,7.354604880015056,Nguy co rot mon,6.319979,7.354604880015056,B,An toan
SV1591,Vũ Hải Khoa,GDTC101,Giáo dục thể chất 1*,GDTC101_L01,thuc_hanh,0.0,1.0,7.7749047,3.9182363,9.919302,3.9550166,3.401017,8.60869,5.361912727355957,An toan,5.3215747,5.361912727355957,D+,An toan
SV1592,Lê Minh Linh,INT1002,Cơ sở dữ liệu,INT1002_L01,ly_thuyet,3.0,0.0,9.596325,2.2471664,6.292701,4.2541804,4.251791,7.1760573,5.594013690948486,An toan,0.0,5.594013690948486,C,An toan
SV1592,Lê Minh Linh,GDTC101,Giáo dục thể chất 1*,GDTC101_L01,thuc_hanh,0.0,1.0,9.075804,3.4507275,1.1520649,3.8955107,3.529455,9.456237,6.1894402503967285,An toan,5.6270676,6.1894402503967285,C+,An toan
SV1592,Lê Minh Linh,INT1003,Phát triển ứng dụng,INT1003_L01,tich_hop,2.0,1.5,8.098662,9.386048,9.481342,7.650902,6.294027,5.2094426,7.872729982648577,An toan,6.3847904,7.872729982648577,B,An toan
SV1592,Lê Minh Linh,GDQP102,Giáo dục quốc phòng*,GDQP102_L01,ly_thuyet,3.0,0.0,7.619281,7.303984,5.891121,9.738155,7.4890823,4.2876453,7.748184680938721,An toan,0.0,7.748184680938721,B,An toan
SV1593,Vũ Hải Đức,INT1001,Lập trình Python,INT1001_L01,tich_hop,2.0,1.0,9.838112,2.4939158,8.517574,3.542697,6.6003346,4.477378,6.257734775543213,Nguy co rot mon,4.87347,6.257734775543213,C+,An toan
SV1593,Vũ Hải Đức,INT1003,Phát triển ứng dụng,INT1003_L01,tich_hop,2.0,1.5,5.595721,6.463981,8.086914,8.276965,9.514186,6.6675024,7.331543922424316,Nguy co rot mon,8.1528845,7.331543922424316,B,An toan
SV1593,Vũ Hải Đức,GDQP102,Giáo dục quốc phòng*,GDQP102_L01,ly_thuyet,3.0,0.0,8.217342,7.803747,5.476862,4.870789,5.3640666,5.0829663,0.21888014674186707,Nguy co rot mon,0.0,0.21888014674186707,F,Nguy co rot mon
SV1594,Bùi Ngọc Đức,GDQP102,Giáo dục quốc phòng*,GDQP102_L01,ly_thuyet,3.0,0.0,6.0022116,6.086526,1.3957461,7.645726,6.6980023,7.6881313,7.483717441558838,An toan,0.0,7.483717441558838,B,An toan
SV1594,Bùi Ngọc Đức,INT1002,Cơ sở dữ liệu,INT1002_L01,ly_thuyet,3.0,0.0,2.0502439,3.2565682,6.543644,9.165076,8.66031,6.2522516,1.296412467956543,Nguy co rot mon,0.0,1.296412467956543,F,Nguy co rot mon
SV1594,Bùi Ngọc Đức,GDTC101,Giáo dục thể chất 1*,GDTC101_L01,thuc_hanh,0.0,1.0,5.885442,3.190863,4.922487,7.669626,3.390068,4.5001984,1.1150368452072144,Nguy co rot mon,5.1866307,1.1150368452072144,F,Nguy co rot mon
SV1594,Bùi Ngọc Đức,INT1001,Lập trình Python,INT1001_L01,tich_hop,2.0,1.0,8.452524,3.025792,1.503139,8.348165,8.687569,7.0285444,5.558576583862305,An toan,8.021426,5.558576583862305,C,An toan
SV1595,Bùi Ngọc Chinh,GDTC101,Giáo dục thể chất 1*,GDTC101_L01,thuc_hanh,0.0,1.0,5.17153,2.4370487,5.4963927,5.025011,3.923924,5.503996,5.038048267364502,An toan,4.8176436,5.038048267364502,D+,An toan
SV1595,Bùi Ngọc Chinh,INT1001,Lập trình Python,INT1001_L01,tich_hop,2.0,1.0,6.157806,8.182439,6.880613,3.15085,8.473121,6.231527,6.699690341949463,Nguy co rot mon,5.9518323,6.699690341949463,C+,An toan
SV1595,Bùi Ngọc Chinh,GDQP102,Giáo dục quốc phòng*,GDQP102_L01,ly_thuyet,3.0,0.0,2.078518,8.63816,5.144647,3.8041658,8.979691,4.8858666,6.508646488189697,An toan,0.0,6.508646488189697,C+,An toan
SV1596,Hoàng Hải Nam,GDQP102,Giáo dục quốc phòng*,GDQP102_L01,ly_thuyet,3.0,0.0,7.404778,8.509285,9.1835165,8.529838,9.866333,5.068291,6.990540027618408,An toan,0.0,6.990540027618408,C+,An toan
SV1596,Hoàng Hải Nam,INT1001,Lập trình Python,INT1001_L01,tich_hop,2.0,1.0,7.175785,7.47426,8.580292,9.118149,9.360397,3.6806264,7.624427477518718,An toan,7.3863907,7.624427477518718,B,An toan
SV1597,Đặng Minh An,INT1002,Cơ sở dữ liệu,INT1002_L01,ly_thuyet,3.0,0.0,6.8464856,2.033689,1.4650967,8.225897,8.383388,9.676223,2.1144163608551025,Nguy co rot mon,0.0,2.1144163608551025,F,Nguy co rot mon
SV1597,Đặng Minh An,INT1001,Lập trình Python,INT1001_L01,tich_hop,2.0,1.0,3.5530434,4.7782736,8.874673,9.670093,6.4734006,6.9327984,6.387585798899333,An toan,7.692097,6.387585798899333,C+,An toan
SV1597,Đặng Minh An,GDQP102,Giáo dục quốc phòng*,GDQP102_L01,ly_thuyet,3.0,0.0,4.714587,3.83522,9.155012,9.286712,7.5243998,7.409526,8.632893562316895,An toan,0.0,8.632893562316895,A,An toan
SV1597,Đặng Minh An,INT1003,Phát triển ứng dụng,INT1003_L01,tich_hop,2.0,1.5,3.8860507,9.7651825,8.845537,7.898641,5.3776445,7.883489,7.307924338749477,An toan,7.0532584,7.307924338749477,B,An toan
SV1598,Phạm Minh An,GDQP102,Giáo dục quốc phòng*,GDQP102_L01,ly_thuyet,3.0,0.0,2.684604,9.543063,1.6400701,7.1786046,6.7769995,7.3501325,4.311437606811523,An toan,0.0,4.311437606811523,D,An toan
SV1598,Phạm Minh An,INT1001,Lập trình Python,INT1001_L01,tich_hop,2.0,1.0,2.558332,7.4122696,7.8561263,8.319186,5.88849,5.3636703,6.136089483896892,Nguy co rot mon,6.5237823,6.136089483896892,C+,An toan
SV1598,Phạm Minh An,INT1002,Cơ sở dữ liệu,INT1002_L01,ly_thuyet,3.0,0.0,7.2603993,3.566481,7.7846274,7.7344923,3.310993,8.19522,4.697807788848877,An toan,0.0,4.697807788848877,D,An toan
SV1599,Vũ Tuấn Hùng,GDTC101,Giáo dục thể chất 1*,GDTC101_L01,thuc_hanh,0.0,1.0,3.6444876,3.7929666,3.4557815,9.017694,3.045582,6.866188,1.482939600944519,Nguy co rot mon,6.3098216,1.482939600944519,F,Nguy co rot mon
SV1599,Vũ Tuấn Hùng,INT1002,Cơ sở dữ liệu,INT1002_L01,ly_thuyet,3.0,0.0,5.1486464,7.264446,6.4005256,4.6175003,7.719259,4.4539504,7.339864253997803,An toan,0.0,7.339864253997803,B,An toan
SV1600,Lê Hoàng An,GDQP102,Giáo dục quốc phòng*,GDQP102_L01,ly_thuyet,3.0,0.0,9.558179,8.391763,7.71183,6.9110126,4.1821446,5.763712,8.288945198059082,An toan,0.0,8.288945198059082,B+,An toan
SV1600,Lê Hoàng An,INT1002,Cơ sở dữ liệu,INT1002_L01,ly_thuyet,3.0,0.0,6.3711715,5.7551055,1.6144321,7.455671,8.324707,8.603249,7.696077346801758,An toan,0.0,7.696077346801758,B,An toan
SV1601,Bùi Hoàng Hùng,INT1003,Phát triển ứng dụng,INT1003_L01,tich_hop,2.0,1.5,5.3032146,3.9833934,9.418524,3.5427716,5.8066607,5.7350664,5.717810698917934,An toan,5.0281663,5.717810698917934,C,An toan
SV1601,Bùi Hoàng Hùng,INT1002,Cơ sở dữ liệu,INT1002_L01,ly_thuyet,3.0,0.0,5.2659583,6.795663,2.514461,7.552119,5.1015983,5.61411,1.247921347618103,Nguy co rot mon,0.0,1.247921347618103,F,Nguy co rot mon
SV1602,Nguyễn Thảo Bình,GDTC101,Giáo dục thể chất 1*,GDTC101_L01,thuc_hanh,0.0,1.0,2.3422313,2.725824,6.47645,8.536693,4.621234,4.0493274,8.915456771850586,An toan,5.7357516,8.915456771850586,A,An toan
SV1602,Nguyễn Thảo Bình,INT1001,Lập trình Python,INT1001_L01,tich_hop,2.0,1.0,9.134467,2.6021953,8.525273,8.406407,8.589412,8.975126,7.388312975565593,An toan,8.656981,7.388312975565593,B,An toan
SV1602,Nguyễn Thảo Bình,GDQP102,Giáo dục quốc phòng*,GDQP102_L01,ly_thuyet,3.0,0.0,2.8666232,5.5967784,5.8224974,8.605157,8.812738,5.6386757,3.4847230911254883,Nguy co rot mon,0.0,3.4847230911254883,F,Nguy co rot mon
SV1602,Nguyễn Thảo Bình,INT1003,Phát triển ứng dụng,INT1003_L01,tich_hop,2.0,1.5,7.7895637,8.239723,2.2206335,7.7030864,3.3787568,8.630125,6.292170660836356,Nguy co rot mon,6.570656,6.292170660836356,C+,An toan
SV1603,Vũ Đức Linh,INT1001,Lập trình Python,INT1001_L01,tich_hop,2.0,1.0,5.669138,7.624335,8.034724,3.3517773,9.612395,8.611336,7.1368781725565595,An toan,7.191836,7.1368781725565595,B,An toan
SV1603,Vũ Đức Linh,GDQP102,Giáo dục quốc phòng*,GDQP102_L01,ly_thuyet,3.0,0.0,5.433818,2.8903048,5.6498904,5.9023886,6.1023417,7.552908,2.33025860786438,Nguy co rot mon,0.0,2.33025860786438,F,Nguy co rot mon
SV1603,Vũ Đức Linh,INT1003,Phát triển ứng dụng,INT1003_L01,tich_hop,2.0,1.5,3.8074336,4.1499977,1.4508876,5.806029,4.343608,5.7358065,4.06140981401716,Nguy co rot mon,5.295148,4.06140981401716,D,An toan
SV1604,Hoàng Thị Đức,GDTC101,Giáo dục thể chất 1*,GDTC101_L01,thuc_hanh,0.0,1.0,4.6740522,6.314068,6.307714,6.9177437,9.515529,6.5126014,0.18343842029571533,Nguy co rot mon,7.648625,0.18343842029571533,F,Nguy co rot mon
SV1604,Hoàng Thị Đức,INT1001,Lập trình Python,INT1001_L01,tich_hop,2.0,1.0,5.5849953,5.377852,4.927558,4.597433,4.199237,6.645001,5.246942361195882,An toan,5.147224,5.246942361195882,D+,An toan
SV1605,Phạm Tuấn Khoa,INT1002,Cơ sở dữ liệu,INT1002_L01,ly_thuyet,3.0,0.0,6.024472,3.7917213,9.891364,7.9550705,6.6618295,9.1216135,8.341022491455078,An toan,0.0,8.341022491455078,B+,An toan
SV1605,Phạm Tuấn Khoa,GDQP102,Giáo dục quốc phòng*,GDQP102_L01,ly_thuyet,3.0,0.0,9.62728,3.9860923,7.506367,7.155798,5.373504,7.5588675,1.7541455030441284,Nguy co rot mon,0.0,1.7541455030441284,F,Nguy co rot mon
SV1605,Phạm Tuấn Khoa,INT1003,Phát triển ứng dụng,INT1003_L01,tich_hop,2.0,1.5,7.3299365,6.4761295,3.641558,6.5463395,5.776243,7.872246,6.208332334245954,Nguy co rot mon,6.7316093,6.208332334245954,C+,An toan
SV1606,Trần Văn Trang,INT1003,Phát triển ứng dụng,INT1003_L01,tich_hop,2.0,1.5,5.401867,3.7934978,6.003799,9.740562,9.34862,8.980857,6.9050847462245395,Nguy co rot mon,9.356681,6.9050847462245395,C+,An toan
SV1606,Trần Văn Trang,GDTC101,Giáo dục thể chất 1*,GDTC101_L01,thuc_hanh,0.0,1.0,7.3349037,4.535454,2.3570545,3.144737,8.6466255,8.387462,0.3020068109035492,Nguy co rot mon,6.726275,0.3020068109035492,F,Nguy co rot mon
SV1606,Trần Văn Trang,INT1001,Lập trình Python,INT1001_L01,tich_hop,2.0,1.0,5.3573227,4.08956,4.187374,7.8931236,5.6137958,5.652616,5.158672173817952,An toan,6.3865123,5.158672173817952,D+,An toan
SV1606,Trần Văn Trang,GDQP102,Giáo dục quốc phòng*,GDQP102_L01,ly_thuyet,3.0,0.0,9.383898,6.099902,2.0831006,9.472018,5.7960362,5.2484727,3.3781023025512695,Nguy co rot mon,0.0,3.3781023025512695,F,Nguy co rot mon
SV1607,Lê Ngọc Nam,GDTC101,Giáo dục thể chất 1*,GDTC101_L01,thuc_hanh,0.0,1.0,8.795612,5.739792,6.155212,4.5585055,8.679093,6.9427705,1.1778546571731567,Nguy co rot mon,6.7267895,1.1778546571731567,F,Nguy co rot mon
SV1607,Lê Ngọc Nam,INT1002,Cơ sở dữ liệu,INT1002_L01,ly_thuyet,3.0,0.0,5.107719,3.8643794,2.2570796,9.35886,5.7322435,7.5142255,5.725691318511963,An toan,0.0,5.725691318511963,C,An toan
SV1607,Lê Ngọc Nam,INT1001,Lập trình Python,INT1001_L01,tich_hop,2.0,1.0,3.2187278,8.836739,6.016652,6.7359433,3.0708022,4.806636,5.6397355397542315,An toan,4.871127,5.6397355397542315,C,An toan
SV1607,Lê Ngọc Nam,INT1003,Phát triển ứng dụng,INT1003_L01,tich_hop,2.0,1.5,9.098711,7.367836,9.505189,8.556524,3.3708255,4.770057,7.332341262272426,An toan,5.565802,7.332341262272426,B,An toan
SV1608,Đỗ Thị Linh,INT1003,Phát triển ứng dụng,INT1003_L01,tich_hop,2.0,1.5,8.399618,8.42447,1.4232441,4.0236945,4.8516717,3.7360294,5.277310711996896,An toan,4.203799,5.277310711996896,D+,An toan
SV1608,Đỗ Thị Linh,GDTC101,Giáo dục thể chất 1*,GDTC101_L01,thuc_hanh,0.0,1.0,2.2469654,2.8818545,4.3155766,3.7569888,9.062761,9.240051,6.820481777191162,An toan,7.353267,6.820481777191162,C+,An toan
SV1608,Đỗ Thị Linh,INT1002,Cơ sở dữ liệu,INT1002_L01,ly_thuyet,3.0,0.0,9.686005,3.658104,7.029081,6.3345265,9.07694,6.60106,2.3834996223449707,Nguy co rot mon,0.0,2.3834996223449707,F,Nguy co rot mon
SV1609,Nguyễn Tuấn Vy,INT1002,Cơ sở dữ liệu,INT1002_L01,ly_thuyet,3.0,0.0,7.296296,5.3964624,1.698669,4.9095097,5.2113495,6.76107,8.219161987304688,An toan,0.0,8.219161987304688,B+,An toan
SV1609,Nguyễn Tuấn Vy,INT1003,Phát triển ứng dụng,INT1003_L01,tich_hop,2.0,1.5,5.18539,9.675851,6.4689465,6.90922,8.280244,4.127458,6.822453090122768,Nguy co rot mon,6.4389744,6.822453090122768,C+,An toan
SV1610,Hoàng Văn Chinh,INT1003,Phát triển ứng dụng,INT1003_L01,tich_hop,2.0,1.5,3.3789976,3.6242416,4.6826143,5.8843374,7.044608,8.088592,5.2283821787152975,Nguy co rot mon,7.0058455,5.2283821787152975,D+,An toan
SV1610,Hoàng Văn Chinh,GDQP102,Giáo dục quốc phòng*,GDQP102_L01,ly_thuyet,3.0,0.0,9.1778,8.981647,5.93472,9.15268,8.942212,8.85645,5.134588718414307,An toan,0.0,5.134588718414307,D+,An toan
SV1611,Trần Tuấn Trang,GDQP102,Giáo dục quốc phòng*,GDQP102_L01,ly_thuyet,3.0,0.0,2.017947,7.4007483,7.8552322,5.9450545,3.3043022,9.37715,2.311887741088867,Nguy co rot mon,0.0,2.311887741088867,F,Nguy co rot mon
SV1611,Trần Tuấn Trang,INT1001,Lập trình Python,INT1001_L01,tich_hop,2.0,1.0,7.2983193,8.723682,8.6905985,8.456291,3.5395617,6.0117006,7.4925282796223955,Nguy co rot mon,6.0025177,7.4925282796223955,B,An toan
SV1611,Trần Tuấn Trang,INT1003,Phát triển ứng dụng,INT1003_L01,tich_hop,2.0,1.5,7.0664887,2.3033586,1.0406284,3.5379171,9.309616,6.9921093,4.817182336534772,Nguy co rot mon,6.613214,4.817182336534772,D,An toan
SV1611,Trần Tuấn Trang,GDTC101,Giáo dục thể chất 1*,GDTC101_L01,thuc_hanh,0.0,1.0,3.9528782,8.604256,6.6669602,9.115399,6.406115,7.0993185,8.955004692077637,An toan,7.540278,8.955004692077637,A,An toan
SV1612,Bùi Hoàng Nam,INT1001,Lập trình Python,INT1001_L01,tich_hop,2.0,1.0,7.6518016,3.4401753,2.3383894,6.2863026,4.2805414,7.0523024,4.942208925882976,An toan,5.873049,4.942208925882976,D,An toan
SV1612,Bùi Hoàng Nam,INT1003,Phát triển ứng dụng,INT1003_L01,tich_hop,2.0,1.5,4.045398,6.478578,9.583963,4.8917336,9.565928,4.0614014,6.475664411272321,Nguy co rot mon,6.1730213,6.475664411272321,C+,An toan
SV1612,Bùi Hoàng Nam,INT1002,Cơ sở dữ liệu,INT1002_L01,ly_thuyet,3.0,0.0,8.076789,8.450866,1.891176,5.8741693,6.2418265,5.0466046,1.327776312828064,Nguy co rot mon,0.0,1.327776312828064,F,Nguy co rot mon
SV1613,Phan Minh Bình,INT1003,Phát triển ứng dụng,INT1003_L01,tich_hop,2.0,1.5,7.3739924,9.737726,3.3023415,5.9763923,6.899477,7.551212,6.806547096797398,An toan,6.809027,6.806547096797398,C+,An toan
SV1613,Phan Minh Bình,INT1002,Cơ sở dữ liệu,INT1002_L01,ly_thuyet,3.0,0.0,6.21117,3.752638,1.065775,6.2910924,7.973307,7.326064,2.649264335632324,Nguy co rot mon,0.0,2.649264335632324,F,Nguy co rot mon
SV1613,Phan Minh Bình,GDQP102,Giáo dục quốc phòng*,GDQP102_L01,ly_thuyet,3.0,0.0,9.412443,2.7648597,3.3740268,8.17974,7.72903,7.5045705,4.9802446365356445,An toan,0.0,4.9802446365356445,D,An toan
SV1613,Phan Minh Bình,INT1001,Lập trình Python,INT1001_L01,tich_hop,2.0,1.0,3.5733411,8.419784,8.866744,5.7672553,4.3784246,4.9631786,6.314288298288981,An toan,5.036286,6.314288298288981,C+,An toan
SV1614,Vũ Hoàng An,INT1001,Lập trình Python,INT1001_L01,tich_hop,2.0,1.0,6.18668,7.846367,9.25198,3.7292678,7.365409,4.91236,6.953010082244873,An toan,5.3356795,6.953010082244873,C+,An toan
SV1614,Vũ Hoàng An,INT1002,Cơ sở dữ liệu,INT1002_L01,ly_thuyet,3.0,0.0,7.4261394,5.1914477,8.742503,5.7650948,5.3560343,5.599951,4.721325397491455,An toan,0.0,4.721325397491455,D,An toan
SV1615,Đặng Hoàng An,INT1002,Cơ sở dữ liệu,INT1002_L01,ly_thuyet,3.0,0.0,4.9673295,3.5030065,8.962112,4.191232,5.1341367,6.7153444,8.793939590454102,An toan,0.0,8.793939590454102,A,An toan
SV1615,Đặng Hoàng An,GDQP102,Giáo dục quốc phòng*,GDQP102_L01,ly_thuyet,3.0,0.0,8.775043,9.725458,2.1110485,7.1492243,5.6671495,4.9469476,0.15063250064849854,Nguy co rot mon,0.0,0.15063250064849854,F,Nguy co rot mon
SV1615,Đặng Hoàng An,INT1001,Lập trình Python,INT1001_L01,tich_hop,2.0,1.0,9.893408,7.803971,8.525721,5.391848,6.7340117,9.529183,8.233471075693766,An toan,7.218348,8.233471075693766,B+,An toan
SV1616,Hoàng Ngọc Nam,INT1002,Cơ sở dữ liệu,INT1002_L01,ly_thuyet,3.0,0.0,3.0862648,2.980707,8.773438,4.835117,9.365558,6.0379987,1.1883258819580078,Nguy co rot mon,0.0,1.1883258819580078,F,Nguy co rot mon
SV1616,Hoàng Ngọc Nam,GDTC101,Giáo dục thể chất 1*,GDTC101_L01,thuc_hanh,0.0,1.0,5.9293733,7.813601,6.7006135,7.2612066,8.066672,3.8309906,0.9952336549758911,Nguy co rot mon,6.3862896,0.9952336549758911,F,Nguy co rot mon
SV1616,Hoàng Ngọc Nam,GDQP102,Giáo dục quốc phòng*,GDQP102_L01,ly_thuyet,3.0,0.0,8.37518,3.467187,8.301447,7.13763,9.1870365,8.609698,2.7890400886535645,Nguy co rot mon,0.0,2.7890400886535645,F,Nguy co rot mon
SV1616,Hoàng Ngọc Nam,INT1003,Phát triển ứng dụng,INT1003_L01,tich_hop,2.0,1.5,9.623662,4.92674,5.9468193,7.598686,6.120082,5.5112705,6.6513808795384,Nguy co rot mon,6.4100127,6.6513808795384,C+,An toan
SV1617,Trần Văn Linh,GDTC101,Giáo dục thể chất 1*,GDTC101_L01,thuc_hanh,0.0,1.0,8.536257,3.284063,1.18122,7.292164,5.4496675,5.849743,8.40949535369873,An toan,6.197191,8.40949535369873,B+,An toan
SV1617,Trần Văn Linh,INT1001,Lập trình Python,INT1001_L01,tich_hop,2.0,1.0,4.544131,3.7274728,8.795205,5.6093655,9.198488,6.4143476,6.150646686553955,An toan,7.0740676,6.150646686553955,C+,An toan
SV1618,Vũ Tuấn Phương,INT1003,Phát triển ứng dụng,INT1003_L01,tich_hop,2.0,1.5,2.9627204,3.60081,5.0929995,5.0372577,6.2620277,6.367962,4.7441840171813965,An toan,5.8890824,4.7441840171813965,D,An toan
SV1618,Vũ Tuấn Phương,INT1002,Cơ sở dữ liệu,INT1002_L01,ly_thuyet,3.0,0.0,2.0430224,4.674,2.2764952,6.0653977,4.403281,4.8374357,6.934415817260742,An toan,0.0,6.934415817260742,C+,An toan
SV1619,Trần Thị Trang,INT1002,Cơ sở dữ liệu,INT1002_L01,ly_thuyet,3.0,0.0,7.2989974,4.4391475,4.8481627,3.9924543,3.0392654,4.9217606,4.7843852043151855,An toan,0.0,4.7843852043151855,D,An toan
SV1619,Trần Thị Trang,INT1003,Phát triển ứng dụng,INT1003_L01,tich_hop,2.0,1.5,2.220217,8.615238,1.2063836,6.2884774,5.8990316,3.617897,4.551598685128348,Nguy co rot mon,5.268469,4.551598685128348,D,An toan
SV1620,Bùi Thị Nam,INT1001,Lập trình Python,INT1001_L01,tich_hop,2.0,1.0,6.1984615,4.8417425,3.2055519,7.0247083,7.3833675,3.9813578,5.208993752797444,Nguy co rot mon,6.129811,5.208993752797444,D+,An toan
SV1620,Bùi Thị Nam,INT1002,Cơ sở dữ liệu,INT1002_L01,ly_thuyet,3.0,0.0,5.869158,7.114534,5.06319,5.383521,3.1543534,3.9762228,1.715794563293457,Nguy co rot mon,0.0,1.715794563293457,F,Nguy co rot mon
SV1621,Nguyễn Hải Trang,INT1002,Cơ sở dữ liệu,INT1002_L01,ly_thuyet,3.0,0.0,2.1897244,2.9360847,5.420302,4.228703,7.1654344,6.515656,0.5360363721847534,Nguy co rot mon,0.0,0.5360363721847534,F,Nguy co rot mon
SV1621,Nguyễn Hải Trang,GDTC101,Giáo dục thể chất 1*,GDTC101_L01,thuc_hanh,0.0,1.0,7.8734784,4.8544545,3.4511876,4.1228185,5.047255,5.965904,1.049994945526123,Nguy co rot mon,5.0453258,1.049994945526123,F,Nguy co rot mon
SV1621,Nguyễn Hải Trang,GDQP102,Giáo dục quốc phòng*,GDQP102_L01,ly_thuyet,3.0,0.0,4.6798854,4.530499,2.3416655,4.941332,7.6563897,9.73384,6.364407062530518,An toan,0.0,6.364407062530518,C+,An toan
SV1622,Phạm Hoàng Anh,INT1002,Cơ sở dữ liệu,INT1002_L01,ly_thuyet,3.0,0.0,2.0373464,2.4715128,7.1956453,7.67686,6.2016478,7.7917385,8.4237060546875,An toan,0.0,8.4237060546875,B+,An toan
SV1622,Phạm Hoàng Anh,GDTC101,Giáo dục thể chất 1*,GDTC101_L01,thuc_hanh,0.0,1.0,7.1254244,8.680245,3.400625,4.1524878,4.9256096,5.1426725,3.3020951747894287,Nguy co rot mon,4.740257,3.3020951747894287,F,Nguy co rot mon
SV1622,Phạm Hoàng Anh,INT1001,Lập trình Python,INT1001_L01,tich_hop,2.0,1.0,4.6981025,5.949713,4.910374,5.587509,3.4662123,5.422711,5.065868059794108,Nguy co rot mon,4.8254776,5.065868059794108,D+,An toan
SV1623,Vũ Thu Đức,INT1001,Lập trình Python,INT1001_L01,tich_hop,2.0,1.0,3.252006,6.052054,7.597694,5.764407,3.8177311,6.7941775,5.575536251068115,An toan,5.458772,5.575536251068115,C,An toan
SV1623,Vũ Thu Đức,INT1002,Cơ sở dữ liệu,INT1002_L01,ly_thuyet,3.0,0.0,6.08357,3.3926086,7.171778,7.068737,8.057962,8.341727,2.984391212463379,Nguy co rot mon,0.0,2.984391212463379,F,Nguy co rot mon
SV1624,Đặng Văn Phương,GDQP102,Giáo dục quốc phòng*,GDQP102_L01,ly_thuyet,3.0,0.0,2.026504,9.095991,7.443843,6.6201434,9.724946,5.0588746,4.447731018066406,An toan,0.0,4.447731018066406,D,An toan
SV1624,Đặng Văn Phương,INT1003,Phát triển ứng dụng,INT1003_L01,tich_hop,2.0,1.5,8.914517,3.4231644,6.048173,3.0836744,5.2286496,4.371756,5.314079080309186,Nguy co rot mon,4.228027,5.314079080309186,D+,An toan
SV1624,Đặng Văn Phương,INT1002,Cơ sở dữ liệu,INT1002_L01,ly_thuyet,3.0,0.0,8.198649,6.11026,8.905395,5.7283564,6.807775,4.7882743,8.556451797485352,An toan,0.0,8.556451797485352,A,An toan
SV1625,Trần Thu Chinh,GDQP102,Giáo dục quốc phòng*,GDQP102_L01,ly_thuyet,3.0,0.0,8.1331,8.003541,5.0397477,5.9750752,9.050679,6.232387,9.001618385314941,An toan,0.0,9.001618385314941,A+,An toan
SV1625,Trần Thu Chinh,GDTC101,Giáo dục thể chất 1*,GDTC101_L01,thuc_hanh,0.0,1.0,4.078844,3.614398,5.9194994,4.697274,8.114682,3.925649,3.421645402908325,Nguy co rot mon,5.579202,3.421645402908325,F,Nguy co rot mon
SV1625,Trần Thu Chinh,INT1001,Lập trình Python,INT1001_L01,tich_hop,2.0,1.0,2.7043533,2.3001757,2.5262353,8.837948,9.925896,3.8114376,4.181867758433024,Nguy co rot mon,7.5250936,4.181867758433024,D,An toan
SV1626,Đặng Văn Nam,GDQP102,Giáo dục quốc phòng*,GDQP102_L01,ly_thuyet,3.0,0.0,5.2052836,7.3751235,9.281444,5.393824,5.0987854,5.007652,5.116645812988281,An toan,0.0,5.116645812988281,D+,An toan
SV1626,Đặng Văn Nam,INT1001,Lập trình Python,INT1001_L01,tich_hop,2.0,1.0,2.2263153,4.6045246,4.7066197,3.1246514,8.474968,3.9540553,4.292066256205241,An toan,5.1845584,4.292066256205241,D,An toan
SV1626,Đặng Văn Nam,INT1002,Cơ sở dữ liệu,INT1002_L01,ly_thuyet,3.0,0.0,8.671489,7.881265,6.610998,3.5179706,9.162092,6.9086657,6.285243988037109,An toan,0.0,6.285243988037109,C+,An toan
SV1627,Đặng Hoàng Bình,GDTC101,Giáo dục thể chất 1*,GDTC101_L01,thuc_hanh,0.0,1.0,8.890914,7.303803,1.4592545,6.1430697,6.5022397,6.2154307,3.9055747985839844,Nguy co rot mon,6.2869134,3.9055747985839844,F,Nguy co rot mon
SV1627,Đặng Hoàng Bình,INT1003,Phát triển ứng dụng,INT1003_L01,tich_hop,2.0,1.5,2.1173196,9.150488,1.2602793,3.009496,9.371546,4.7015405,4.826671123504639,An toan,5.6941943,4.826671123504639,D,An toan
SV1627,Đặng Hoàng Bình,INT1002,Cơ sở dữ liệu,INT1002_L01,ly_thuyet,3.0,0.0,8.621054,3.411736,2.394217,9.652943,7.2401657,3.3048906,7.293403625488281,An toan,0.0,7.293403625488281,B,An toan
SV1627,Đặng Hoàng Bình,GDQP102,Giáo dục quốc phòng*,GDQP102_L01,ly_thuyet,3.0,0.0,2.211303,2.0717387,3.6888642,8.046442,5.4275236,3.1530905,1.5242587327957153,Nguy co rot mon,0.0,1.5242587327957153,F,Nguy co rot mon
SV1628,Vũ Thu Linh,INT1001,Lập trình Python,INT1001_L01,tich_hop,2.0,1.0,2.749604,3.9365451,2.8406453,3.6178668,6.35399,9.738193,4.307070891062419,Nguy co rot mon,6.5700164,4.307070891062419,D,An toan
SV1628,Vũ Thu Linh,GDTC101,Giáo dục thể chất 1*,GDTC101_L01,thuc_hanh,0.0,1.0,9.049,3.6595163,6.957073,9.84433,5.993208,4.4485016,0.8558692932128906,Nguy co rot mon,6.762013,0.8558692932128906,F,Nguy co rot mon
SV1628,Vũ Thu Linh,GDQP102,Giáo dục quốc phòng*,GDQP102_L01,ly_thuyet,3.0,0.0,7.3628573,9.200463,3.6249404,3.0081315,3.6441586,6.998679,9.113429069519043,An toan,0.0,9.113429069519043,A+,An toan
SV1628,Vũ Thu Linh,INT1002,Cơ sở dữ liệu,INT1002_L01,ly_thuyet,3.0,0.0,2.4230483,9.44606,7.967541,7.8843,6.7184796,8.1565695,7.425432205200195,An toan,0.0,7.425432205200195,B,An toan
SV1629,Trần Đức Bình,GDTC101,Giáo dục thể chất 1*,GDTC101_L01,thuc_hanh,0.0,1.0,5.4971685,4.8540764,3.666634,4.37785,3.255322,4.217243,9.796217918395996,An toan,3.9501383,9.796217918395996,A+,An toan
SV1629,Trần Đức Bình,INT1002,Cơ sở dữ liệu,INT1002_L01,ly_thuyet,3.0,0.0,9.549287,3.4007838,3.4845662,8.599345,7.2133265,8.107702,0.882673442363739,Nguy co rot mon,0.0,0.882673442363739,F,Nguy co rot mon
SV1629,Trần Đức Bình,INT1003,Phát triển ứng dụng,INT1003_L01,tich_hop,2.0,1.5,4.4829035,7.2159348,8.753561,9.667386,5.827492,3.9955747,6.680045877184186,An toan,6.496818,6.680045877184186,C+,An toan
SV1630,Bùi Ngọc Trang,INT1002,Cơ sở dữ liệu,INT1002_L01,ly_thuyet,3.0,0.0,7.484054,5.8959246,5.0258994,6.6207433,4.595236,8.115431,6.834890365600586,An toan,0.0,6.834890365600586,C+,An toan
SV1630,Bùi Ngọc Trang,GDTC101,Giáo dục thể chất 1*,GDTC101_L01,thuc_hanh,0.0,1.0,2.3918986,4.45678,2.5161116,8.368514,9.165033,4.494839,2.0452773571014404,Nguy co rot mon,7.342795,2.0452773571014404,F,Nguy co rot mon
SV1631,Phạm Văn Anh,GDTC101,Giáo dục thể chất 1*,GDTC101_L01,thuc_hanh,0.0,1.0,4.3690023,4.342625,1.9781712,5.5813613,6.416059,7.1891375,7.843200206756592,An toan,6.3955193,7.843200206756592,B,An toan
SV1631,Phạm Văn Anh,INT1001,Lập trình Python,INT1001_L01,tich_hop,2.0,1.0,7.4817367,7.4998674,8.47953,7.2273173,9.286953,6.060538,7.72189728418986,An toan,7.524936,7.72189728418986,B,An toan
SV1632,Phạm Đức Linh,INT1001,Lập trình Python,INT1001_L01,tich_hop,2.0,1.0,2.4881961,3.386314,5.9170523,8.308071,3.8204477,7.689559,4.8223557472229,Nguy co rot mon,6.6060257,4.8223557472229,D,An toan
SV1632,Phạm Đức Linh,INT1003,Phát triển ứng dụng,INT1003_L01,tich_hop,2.0,1.5,5.4381375,3.053347,7.050358,4.8170714,4.87338,4.3534923,4.96662848336356,Nguy co rot mon,4.6813145,4.96662848336356,D,An toan
SV1632,Phạm Đức Linh,GDQP102,Giáo dục quốc phòng*,GDQP102_L01,ly_thuyet,3.0,0.0,4.4892054,9.762058,2.5502915,7.5835304,5.9640775,7.3603525,7.21745491027832,An toan,0.0,7.21745491027832,B,An toan
SV1633,Nguyễn Tuấn Vy,INT1001,Lập trình Python,INT1001_L01,tich_hop,2.0,1.0,3.072648,8.941896,7.5599456,3.719885,9.746377,6.965155,6.620044072469075,Nguy co rot mon,6.8104725,6.620044072469075,C+,An toan
SV1633,Nguyễn Tuấn Vy,GDTC101,Giáo dục thể chất 1*,GDTC101_L01,thuc_hanh,0.0,1.0,2.9170086,3.520416,3.141003,8.28103,5.7419057,4.3530507,1.2051681280136108,Nguy co rot mon,6.1253285,1.2051681280136108,F,Nguy co rot mon
SV1634,Nguyễn Đức Phương,INT1002,Cơ sở dữ liệu,INT1002_L01,ly_thuyet,3.0,0.0,8.089781,9.330521,4.743617,6.672295,9.929539,6.1113405,2.0964534282684326,Nguy co rot mon,0.0,2.0964534282684326,F,Nguy co rot mon
SV1634,Nguyễn Đức Phương,INT1003,Phát triển ứng dụng,INT1003_L01,tich_hop,2.0,1.5,2.3087826,6.9067125,4.754358,9.134106,3.454316,5.6236205,5.2626446315220425,An toan,6.0706806,5.2626446315220425,D+,An toan
SV1634,Nguyễn Đức Phương,INT1001,Lập trình Python,INT1001_L01,tich_hop,2.0,1.0,6.4006395,3.383566,7.35823,4.372567,6.821764,6.2222977,5.7446112632751465,Nguy co rot mon,5.8055434,5.7446112632751465,C,An toan
SV1635,Trần Minh Chinh,INT1003,Phát triển ứng dụng,INT1003_L01,tich_hop,2.0,1.5,4.2948904,9.733465,1.0323349,3.523425,8.197642,8.741752,5.791962827954974,An toan,6.8209395,5.791962827954974,C,An toan
SV1635,Trần Minh Chinh,INT1001,Lập trình Python,INT1001_L01,tich_hop,2.0,1.0,8.064142,9.529718,7.83199,8.74913,5.7413197,4.4518642,7.754890600840251,Nguy co rot mon,6.3141046,7.754890600840251,B,An toan
SV1635,Trần Minh Chinh,INT1002,Cơ sở dữ liệu,INT1002_L01,ly_thuyet,3.0,0.0,7.6774945,2.807839,3.44294,6.4132175,4.8596473,4.3277516,9.284448623657227,An toan,0.0,9.284448623657227,A+,An toan
SV1636,Lê Thảo Anh,INT1001,Lập trình Python,INT1001_L01,tich_hop,2.0,1.0,3.9653432,6.9743385,8.22494,4.414591,8.079485,3.319479,6.015866915384929,An toan,5.271185,6.015866915384929,C+,An toan
SV1636,Lê Thảo Anh,GDQP102,Giáo dục quốc phòng*,GDQP102_L01,ly_thuyet,3.0,0.0,3.283228,5.5740433,7.12993,9.58541,9.538492,3.2742317,8.94522762298584,An toan,0.0,8.94522762298584,A,An toan
SV1636,Lê Thảo Anh,INT1003,Phát triển ứng dụng,INT1003_L01,tich_hop,2.0,1.5,8.806914,8.203306,9.77386,9.474375,9.025822,4.274988,8.355327606201172,An toan,7.591728,8.355327606201172,B+,An toan
SV1637,Phạm Thảo Vy,INT1003,Phát triển ứng dụng,INT1003_L01,tich_hop,2.0,1.5,6.126492,6.8322554,1.2315576,8.246262,9.4536705,5.791111,6.058778694697788,An toan,7.8303475,6.058778694697788,C+,An toan
SV1637,Phạm Thảo Vy,INT1001,Lập trình Python,INT1001_L01,tich_hop,2.0,1.0,3.062563,8.129906,3.109471,9.424226,4.430427,6.7132645,5.463533083597819,Nguy co rot mon,6.8559723,5.463533083597819,D+,An toan
SV1637,Phạm Thảo Vy,GDQP102,Giáo dục quốc phòng*,GDQP102_L01,ly_thuyet,3.0,0.0,6.492389,3.8524563,5.7790504,8.974229,4.5034914,4.8318906,5.938942909240723,An toan,0.0,5.938942909240723,C,An toan
SV1638,Lê Hoàng Trang,INT1001,Lập trình Python,INT1001_L01,tich_hop,2.0,1.0,7.5000534,7.246307,8.840398,3.2763336,6.508942,8.859242,7.313114960988362,An toan,6.2148395,7.313114960988362,B,An toan
SV1638,Lê Hoàng Trang,INT1003,Phát triển ứng dụng,INT1003_L01,tich_hop,2.0,1.5,2.253463,6.64613,1.209544,5.1216164,6.694562,6.736043,4.575867448534284,An toan,6.184074,4.575867448534284,D,An toan
SV1638,Lê Hoàng Trang,GDTC101,Giáo dục thể chất 1*,GDTC101_L01,thuc_hanh,0.0,1.0,3.2022698,8.020784,4.5877237,7.65197,7.840685,8.987443,0.26402243971824646,Nguy co rot mon,8.160033,0.26402243971824646,F,Nguy co rot mon
SV1639,Đặng Hải Khoa,INT1002,Cơ sở dữ liệu,INT1002_L01,ly_thuyet,3.0,0.0,4.5761714,4.035911,3.403618,4.5114126,4.251983,8.889342,1.5964914560317993,Nguy co rot mon,0.0,1.5964914560317993,F,Nguy co rot mon
SV1639,Đặng Hải Khoa,GDTC101,Giáo dục thể chất 1*,GDTC101_L01,thuc_hanh,0.0,1.0,3.9655426,3.3579009,6.5008483,3.6792428,6.5196986,4.314581,0.6339532136917114,Nguy co rot mon,4.8378406,0.6339532136917114,F,Nguy co rot mon
SV1639,Đặng Hải Khoa,GDQP102,Giáo dục quốc phòng*,GDQP102_L01,ly_thuyet,3.0,0.0,5.0183377,5.8882327,2.7336702,6.438122,8.133646,5.907969,6.473311901092529,An toan,0.0,6.473311901092529,C+,An toan
SV1640,Phạm Tuấn Chinh,INT1003,Phát triển ứng dụng,INT1003_L01,tich_hop,2.0,1.5,9.658036,3.3300605,5.845717,8.255357,7.745703,5.197036,6.615692411150251,Nguy co rot mon,7.0660324,6.615692411150251,C+,An toan
SV1640,Phạm Tuấn Chinh,GDTC101,Giáo dục thể chất 1*,GDTC101_L01,thuc_hanh,0.0,1.0,9.20135,9.976678,9.236786,3.159274,5.896466,8.342315,4.087407112121582,An toan,5.799352,4.087407112121582,D,An toan
SV1640,Phạm Tuấn Chinh,GDQP102,Giáo dục quốc phòng*,GDQP102_L01,ly_thuyet,3.0,0.0,4.232343,8.555333,9.54207,8.47953,9.418767,9.866083,2.190282106399536,Nguy co rot mon,0.0,2.190282106399536,F,Nguy co rot mon
SV1640,Phạm Tuấn Chinh,INT1001,Lập trình Python,INT1001_L01,tich_hop,2.0,1.0,7.8904977,7.6962185,3.5894897,5.865211,7.303684,6.349482,6.430087566375732,Nguy co rot mon,6.506126,6.430087566375732,C+,An toan
SV1641,Vũ Văn Chinh,INT1002,Cơ sở dữ liệu,INT1002_L01,ly_thuyet,3.0,0.0,8.804225,5.555587,1.648622,6.348869,6.8668923,9.019405,0.8776654601097107,Nguy co rot mon,0.0,0.8776654601097107,F,Nguy co rot mon
SV1641,Vũ Văn Chinh,GDQP102,Giáo dục quốc phòng*,GDQP102_L01,ly_thuyet,3.0,0.0,2.0808449,6.3365993,5.0070844,4.980913,6.9404473,3.001825,4.956916332244873,An toan,0.0,4.956916332244873,D,An toan
SV1642,Nguyễn Minh Vy,GDTC101,Giáo dục thể chất 1*,GDTC101_L01,thuc_hanh,0.0,1.0,7.325172,8.088763,6.230187,9.016557,7.450916,7.11769,0.8819769024848938,Nguy co rot mon,7.861721,0.8819769024848938,F,Nguy co rot mon
SV1642,Nguyễn Minh Vy,INT1002,Cơ sở dữ liệu,INT1002_L01,ly_thuyet,3.0,0.0,9.519479,9.146788,2.1528919,4.86529,3.4066844,4.3859353,6.154048442840576,An toan,0.0,6.154048442840576,C+,An toan
SV1642,Nguyễn Minh Vy,INT1001,Lập trình Python,INT1001_L01,tich_hop,2.0,1.0,5.8234243,5.6746316,1.5666054,3.740518,7.8864384,6.6879473,4.938247521718343,Nguy co rot mon,6.1049676,4.938247521718343,D,An toan
SV1643,Phạm Hoàng Anh,GDQP102,Giáo dục quốc phòng*,GDQP102_L01,ly_thuyet,3.0,0.0,2.1956868,9.874163,7.706166,4.1025934,3.2127242,6.410543,3.3893473148345947,Nguy co rot mon,0.0,3.3893473148345947,F,Nguy co rot mon
SV1643,Phạm Hoàng Anh,INT1002,Cơ sở dữ liệu,INT1002_L01,ly_thuyet,3.0,0.0,8.458736,6.333199,2.7564564,6.9853687,5.713555,8.8343935,7.198434352874756,An toan,0.0,7.198434352874756,B,An toan
SV1643,Phạm Hoàng Anh,INT1001,Lập trình Python,INT1001_L01,tich_hop,2.0,1.0,2.9222445,7.816419,7.4820323,9.594074,7.8628135,4.978573,6.541872342427571,An toan,7.478487,6.541872342427571,C+,An toan
SV1644,Bùi Thu An,INT1002,Cơ sở dữ liệu,INT1002_L01,ly_thuyet,3.0,0.0,2.9768486,6.3857293,9.87548,3.50898,5.978978,8.50728,9.804393768310547,An toan,0.0,9.804393768310547,A+,An toan
SV1644,Bùi Thu An,GDQP102,Giáo dục quốc phòng*,GDQP102_L01,ly_thuyet,3.0,0.0,9.220503,5.76511,9.47116,4.36317,6.176326,6.2345023,8.024317741394043,An toan,0.0,8.024317741394043,B+,An toan
SV1644,Bùi Thu An,INT1001,Lập trình Python,INT1001_L01,tich_hop,2.0,1.0,9.261444,5.9725356,1.3926128,6.1689796,3.741756,9.974154,5.904230912526448,Nguy co rot mon,6.6282973,5.904230912526448,C,An toan
SV1645,Đặng Tuấn Anh,INT1002,Cơ sở dữ liệu,INT1002_L01,ly_thuyet,3.0,0.0,8.7435665,9.970955,8.174867,8.416934,5.8433385,7.5248046,6.0770978927612305,An toan,0.0,6.0770978927612305,C+,An toan
SV1645,Đặng Tuấn Anh,GDQP102,Giáo dục quốc phòng*,GDQP102_L01,ly_thuyet,3.0,0.0,4.0626774,2.8665998,8.408858,4.0920396,7.9413595,9.303417,9.716924667358398,An toan,0.0,9.716924667358398,A+,An toan
SV1645,Đặng Tuấn Anh,INT1001,Lập trình Python,INT1001_L01,tich_hop,2.0,1.0,2.8496637,3.458132,4.6477585,8.586239,8.345644,4.720455,4.840382893880208,An toan,7.217446,4.840382893880208,D,An toan
SV1646,Bùi Thảo Vy,INT1002,Cơ sở dữ liệu,INT1002_L01,ly_thuyet,3.0,0.0,9.0853615,3.1927733,6.505848,9.006761,9.44009,3.2517455,4.866843223571777,An toan,0.0,4.866843223571777,D,An toan
SV1646,Bùi Thảo Vy,INT1003,Phát triển ứng dụng,INT1003_L01,tich_hop,2.0,1.5,3.0515924,4.7178645,5.5726724,9.97553,5.8019342,4.098522,5.380784375326974,An toan,6.6253285,5.380784375326974,D+,An toan
SV1646,Bùi Thảo Vy,GDTC101,Giáo dục thể chất 1*,GDTC101_L01,thuc_hanh,0.0,1.0,7.5138817,4.7374444,6.168349,7.807605,7.616996,3.194977,3.252523422241211,Nguy co rot mon,6.206526,3.252523422241211,F,Nguy co rot mon
SV1647,Đặng Hoàng Linh,INT1002,Cơ sở dữ liệu,INT1002_L01,ly_thuyet,3.0,0.0,2.9002452,8.315411,3.1802197,3.2876856,4.1945615,5.098723,1.9237323999404907,Nguy co rot mon,0.0,1.9237323999404907,F,Nguy co rot mon
SV1647,Đặng Hoàng Linh,INT1003,Phát triển ứng dụng,INT1003_L01,tich_hop,2.0,1.5,5.0686607,6.4072914,7.119702,3.4575295,7.290257,6.743742,6.0408188956124445,An toan,5.830509,6.0408188956124445,C+,An toan
SV1647,Đặng Hoàng Linh,GDTC101,Giáo dục thể chất 1*,GDTC101_L01,thuc_hanh,0.0,1.0,7.467321,5.590704,7.937164,6.926387,6.878838,5.2827754,9.610075950622559,An toan,6.362667,9.610075950622559,A+,An toan
SV1647,Đặng Hoàng Linh,INT1001,Lập trình Python,INT1001_L01,tich_hop,2.0,1.0,9.571779,4.180908,2.8153393,8.020772,8.632671,3.2605345,5.894448121388753,An toan,6.6379924,5.894448121388753,C,An toan
SV1648,Trần Hoàng Hùng,INT1003,Phát triển ứng dụng,INT1003_L01,tich_hop,2.0,1.5,2.2079782,7.4638114,6.996689,4.041437,5.96638,5.6806417,5.416156768798828,Nguy co rot mon,5.2294865,5.416156768798828,D+,An toan
SV1648,Trần Hoàng Hùng,INT1002,Cơ sở dữ liệu,INT1002_L01,ly_thuyet,3.0,0.0,4.5546556,9.177466,8.767712,4.952849,4.8312383,8.069671,9.915982246398926,An toan,0.0,9.915982246398926,A+,An toan
SV1648,Trần Hoàng Hùng,GDTC101,Giáo dục thể chất 1*,GDTC101_L01,thuc_hanh,0.0,1.0,7.2962804,4.429021,9.643205,4.607711,4.857823,5.8395114,1.090219259262085,Nguy co rot mon,5.101682,1.090219259262085,F,Nguy co rot mon
SV1649,Hoàng Hải Bình,GDQP102,Giáo dục quốc phòng*,GDQP102_L01,ly_thuyet,3.0,0.0,6.958115,9.445897,7.453693,6.0222273,3.5777822,7.8640585,1.593071460723877,Nguy co rot mon,0.0,1.593071460723877,F,Nguy co rot mon
SV1649,Hoàng Hải Bình,GDTC101,Giáo dục thể chất 1*,GDTC101_L01,thuc_hanh,0.0,1.0,6.9126678,9.116937,4.999011,8.857742,4.2365766,8.093114,5.482726097106934,An toan,7.062477,5.482726097106934,D+,An toan
SV1650,Đặng Thảo Linh,INT1002,Cơ sở dữ liệu,INT1002_L01,ly_thuyet,3.0,0.0,7.316091,5.8759346,4.401268,4.639405,3.3939068,7.0870795,6.343961238861084,An toan,0.0,6.343961238861084,C+,An toan
SV1650,Đặng Thảo Linh,INT1003,Phát triển ứng dụng,INT1003_L01,tich_hop,2.0,1.5,8.630262,9.690932,3.1904547,6.6904893,4.0012603,6.2558184,6.5185377938406805,An toan,5.649189,6.5185377938406805,C+,An toan
SV1650,Đặng Thảo Linh,GDTC101,Giáo dục thể chất 1*,GDTC101_L01,thuc_hanh,0.0,1.0,2.3502433,6.3978343,5.322215,4.4460397,7.0253716,4.1529975,8.470446586608887,An toan,5.208136,8.470446586608887,B+,An toan
SV1650,Đặng Thảo Linh,INT1001,Lập trình Python,INT1001_L01,tich_hop,2.0,1.0,3.3188226,6.3325424,8.057154,4.0242257,6.4116745,8.01381,5.985194365183513,Nguy co rot mon,6.149904,5.985194365183513,C,An toan
SV1651,Hoàng Văn Vy,INT1001,Lập trình Python,INT1001_L01,tich_hop,2.0,1.0,8.126745,2.4617906,3.1310294,5.759556,7.7268486,8.012581,5.437568346659343,An toan,7.1663284,5.437568346659343,D+,An toan
SV1651,Hoàng Văn Vy,GDTC101,Giáo dục thể chất 1*,GDTC101_L01,thuc_hanh,0.0,1.0,3.0847697,7.840891,3.6357815,4.14005,3.9161246,7.666859,3.729011058807373,Nguy co rot mon,5.241011,3.729011058807373,F,Nguy co rot mon
SV1651,Hoàng Văn Vy,INT1002,Cơ sở dữ liệu,INT1002_L01,ly_thuyet,3.0,0.0,2.8742168,2.811886,4.188735,6.376619,4.7472157,7.1787276,9.803436279296875,An toan,0.0,9.803436279296875,A+,An toan
SV1652,Vũ Ngọc Trang,INT1002,Cơ sở dữ liệu,INT1002_L01,ly_thuyet,3.0,0.0,5.2679005,3.3828213,7.768965,4.179818,3.783978,4.627354,6.014784336090088,An toan,0.0,6.014784336090088,C+,An toan
SV1652,Vũ Ngọc Trang,INT1003,Phát triển ứng dụng,INT1003_L01,tich_hop,2.0,1.5,7.3719506,5.001721,1.7426091,8.550251,7.06673,7.9644947,6.057597637176514,Nguy co rot mon,7.860492,6.057597637176514,C+,An toan
SV1653,Hoàng Thị An,INT1003,Phát triển ứng dụng,INT1003_L01,tich_hop,2.0,1.5,8.585469,5.7383113,2.849958,8.069002,9.958989,6.1045184,6.7186897822788785,Nguy co rot mon,8.04417,6.7186897822788785,C+,An toan
SV1653,Hoàng Thị An,INT1001,Lập trình Python,INT1001_L01,tich_hop,2.0,1.0,4.4032645,2.1287017,4.1659007,9.563901,6.0290413,5.4622006,4.716763973236084,An toan,7.018381,4.716763973236084,D,An toan
SV1653,Hoàng Thị An,GDQP102,Giáo dục quốc phòng*,GDQP102_L01,ly_thuyet,3.0,0.0,6.409868,5.2926836,3.221868,7.9371195,9.623584,7.6928515,8.863724708557129,An toan,0.0,8.863724708557129,A,An toan
SV1653,Hoàng Thị An,GDTC101,Giáo dục thể chất 1*,GDTC101_L01,thuc_hanh,0.0,1.0,5.7214775,4.1281514,3.8464339,3.0312872,9.402499,8.674525,4.6302809715271,An toan,7.0361037,4.6302809715271,D,An toan
SV1654,Phan Thị Chinh,GDTC101,Giáo dục thể chất 1*,GDTC101_L01,thuc_hanh,0.0,1.0,8.877324,7.1808453,6.8894496,3.029531,6.6611395,6.6920743,0.5877451300621033,Nguy co rot mon,5.4609146,0.5877451300621033,F,Nguy co rot mon
SV1654,Phan Thị Chinh,INT1003,Phát triển ứng dụng,INT1003_L01,tich_hop,2.0,1.5,7.137381,9.081152,9.505706,7.951352,6.6398087,9.721657,8.373114313398089,An toan,8.104272,8.373114313398089,B+,An toan
SV1654,Phan Thị Chinh,INT1001,Lập trình Python,INT1001_L01,tich_hop,2.0,1.0,9.627367,4.234173,1.2404251,9.76875,9.530642,7.365223,6.318727493286133,An toan,8.888206,6.318727493286133,C+,An toan
SV1655,Vũ Văn Linh,GDQP102,Giáo dục quốc phòng*,GDQP102_L01,ly_thuyet,3.0,0.0,5.53704,7.869765,3.6812575,8.609596,9.481115,3.2627451,5.393133163452148,An toan,0.0,5.393133163452148,D+,An toan
SV1655,Vũ Văn Linh,INT1001,Lập trình Python,INT1001_L01,tich_hop,2.0,1.0,5.162764,9.275478,5.560106,9.107061,5.0415187,9.043474,7.0209724108378095,Nguy co rot mon,7.7306848,7.0209724108378095,B,An toan
SV1655,Vũ Văn Linh,GDTC101,Giáo dục thể chất 1*,GDTC101_L01,thuc_hanh,0.0,1.0,7.6866913,8.638716,2.6831882,4.0399795,7.9388876,7.145225,9.390556335449219,An toan,6.374697,9.390556335449219,A+,An toan
SV1656,Vũ Hoàng Chinh,INT1001,Lập trình Python,INT1001_L01,tich_hop,2.0,1.0,5.7369685,3.3928623,6.1097937,6.560921,9.6258955,4.3615766,5.669738133748372,An toan,6.8494644,5.669738133748372,C,An toan
SV1656,Vũ Hoàng Chinh,INT1003,Phát triển ứng dụng,INT1003_L01,tich_hop,2.0,1.5,4.7537694,8.24005,9.642828,5.7975764,5.7328744,6.436118,6.878395012446812,An toan,5.988856,6.878395012446812,C+,An toan
SV1657,Đỗ Minh Phương,INT1003,Phát triển ứng dụng,INT1003_L01,tich_hop,2.0,1.5,2.4939656,6.278126,1.0250759,3.9458842,8.099172,4.4266267,4.219224384852818,An toan,5.4905605,4.219224384852818,D,An toan
SV1657,Đỗ Minh Phương,INT1002,Cơ sở dữ liệu,INT1002_L01,ly_thuyet,3.0,0.0,2.3102865,4.3359246,3.5805302,5.5563235,8.875794,7.6757255,9.294340133666992,An toan,0.0,9.294340133666992,A+,An toan
SV1657,Đỗ Minh Phương,GDQP102,Giáo dục quốc phòng*,GDQP102_L01,ly_thuyet,3.0,0.0,9.698635,2.2764785,6.92654,3.026297,3.5906801,7.4635744,3.8908681869506836,Nguy co rot mon,0.0,3.8908681869506836,F,Nguy co rot mon
SV1657,Đỗ Minh Phương,INT1001,Lập trình Python,INT1001_L01,tich_hop,2.0,1.0,4.4129596,9.031643,1.103552,8.271295,7.2960253,9.142696,5.9784806569417315,Nguy co rot mon,8.236672,5.9784806569417315,C,An toan
SV1658,Phan Thảo Hùng,GDTC101,Giáo dục thể chất 1*,GDTC101_L01,thuc_hanh,0.0,1.0,7.961426,6.949159,5.0968323,9.114899,3.9048846,9.930928,7.785796642303467,An toan,7.6502366,7.785796642303467,B,An toan
SV1658,Phan Thảo Hùng,GDQP102,Giáo dục quốc phòng*,GDQP102_L01,ly_thuyet,3.0,0.0,7.2741413,4.513366,3.1014738,9.193282,4.416896,7.515968,7.694303035736084,An toan,0.0,7.694303035736084,B,An toan
SV1658,Phan Thảo Hùng,INT1001,Lập trình Python,INT1001_L01,tich_hop,2.0,1.0,8.223888,2.416609,8.333131,4.679606,5.4703083,3.5390344,5.737356185913086,Nguy co rot mon,4.5629826,5.737356185913086,C,An toan
SV1659,Bùi Ngọc Trang,INT1001,Lập trình Python,INT1001_L01,tich_hop,2.0,1.0,6.592199,9.195683,5.2131085,5.8666615,3.5312653,4.767624,6.2408366203308105,An toan,4.72185,6.2408366203308105,C+,An toan
SV1659,Bùi Ngọc Trang,GDQP102,Giáo dục quốc phòng*,GDQP102_L01,ly_thuyet,3.0,0.0,5.022175,2.8251343,8.893116,7.913898,6.019809,4.261218,2.0026004314422607,Nguy co rot mon,0.0,2.0026004314422607,F,Nguy co rot mon
SV1660,Phan Ngọc Khoa,INT1003,Phát triển ứng dụng,INT1003_L01,tich_hop,2.0,1.5,5.042628,3.8971229,2.1312485,6.2071767,9.024514,9.524282,5.645329475402832,Nguy co rot mon,8.251991,5.645329475402832,C,An toan
SV1660,Phan Ngọc Khoa,GDQP102,Giáo dục quốc phòng*,GDQP102_L01,ly_thuyet,3.0,0.0,8.064124,9.587029,1.7437873,4.1039057,7.471707,3.6032355,0.012450551614165306,Nguy co rot mon,0.0,0.012450551614165306,F,Nguy co rot mon
SV1661,Phan Đức Bình,INT1001,Lập trình Python,INT1001_L01,tich_hop,2.0,1.0,3.775186,8.871759,1.197772,6.4820004,4.419795,6.1807747,4.974667072296143,Nguy co rot mon,5.6941895,4.974667072296143,D,An toan
SV1661,Phan Đức Bình,GDTC101,Giáo dục thể chất 1*,GDTC101_L01,thuc_hanh,0.0,1.0,5.7534113,4.1538634,6.635922,6.34662,9.233446,5.87795,6.774569034576416,An toan,7.1526723,6.774569034576416,C+,An toan
SV1661,Phan Đức Bình,GDQP102,Giáo dục quốc phòng*,GDQP102_L01,ly_thuyet,3.0,0.0,2.4885838,7.0281596,5.912592,4.4632354,4.004083,4.6826096,1.1840964555740356,Nguy co rot mon,0.0,1.1840964555740356,F,Nguy co rot mon
SV1662,Phạm Thị An,GDQP102,Giáo dục quốc phòng*,GDQP102_L01,ly_thuyet,3.0,0.0,8.1763,5.6535788,5.7687535,8.728257,8.983069,7.771596,6.591285705566406,An toan,0.0,6.591285705566406,C+,An toan
SV1662,Phạm Thị An,INT1002,Cơ sở dữ liệu,INT1002_L01,ly_thuyet,3.0,0.0,5.6951814,4.070429,4.75661,4.7340655,6.224905,7.549668,0.3188687562942505,Nguy co rot mon,0.0,0.3188687562942505,F,Nguy co rot mon
SV1662,Phạm Thị An,INT1003,Phát triển ứng dụng,INT1003_L01,tich_hop,2.0,1.5,5.9851,6.9224453,7.481523,3.9089751,6.354459,7.9398303,6.484098434448242,Nguy co rot mon,6.0677547,6.484098434448242,C+,An toan
SV1662,Phạm Thị An,INT1001,Lập trình Python,INT1001_L01,tich_hop,2.0,1.0,4.937701,7.3561974,3.5283766,7.291848,4.527477,5.450342,5.434912999471028,An toan,5.7565556,5.434912999471028,D+,An toan
SV1663,Lê Tuấn An,GDQP102,Giáo dục quốc phòng*,GDQP102_L01,ly_thuyet,3.0,0.0,2.285099,8.950575,2.2239866,7.472269,5.3204694,5.5008416,4.383423805236816,An toan,0.0,4.383423805236816,D,An toan
SV1663,Lê Tuấn An,INT1001,Lập trình Python,INT1001_L01,tich_hop,2.0,1.0,2.9475904,4.719945,8.254902,7.15788,8.075043,8.585728,6.184836228688558,An toan,7.93955,6.184836228688558,C+,An toan
SV1663,Lê Tuấn An,INT1002,Cơ sở dữ liệu,INT1002_L01,ly_thuyet,3.0,0.0,6.556351,3.696257,1.1431025,8.378331,9.603649,3.3797057,5.502978324890137,An toan,0.0,5.502978324890137,C,An toan
SV1663,Lê Tuấn An,INT1003,Phát triển ứng dụng,INT1003_L01,tich_hop,2.0,1.5,8.760127,2.56397,9.282464,4.562332,4.3944693,4.257867,5.812868731362479,An toan,4.4048896,5.812868731362479,C,An toan
SV1664,Nguyễn Minh Anh,GDTC101,Giáo dục thể chất 1*,GDTC101_L01,thuc_hanh,0.0,1.0,6.1007705,5.3549547,6.4007406,3.6838791,7.8023047,4.794369,1.3297905921936035,Nguy co rot mon,5.4268513,1.3297905921936035,F,Nguy co rot mon
SV1664,Nguyễn Minh Anh,INT1003,Phát triển ứng dụng,INT1003_L01,tich_hop,2.0,1.5,5.0098805,8.732365,1.240795,6.453803,9.564779,3.7003965,5.670909268515451,An toan,6.572993,5.670909268515451,C,An toan
SV1664,Nguyễn Minh Anh,INT1001,Lập trình Python,INT1001_L01,tich_hop,2.0,1.0,2.9069598,3.6670194,3.976095,5.641631,7.579876,4.8198047,4.349051157633464,An toan,6.0137706,4.349051157633464,D,An toan
SV1665,Đặng Ngọc Trang,GDQP102,Giáo dục quốc phòng*,GDQP102_L01,ly_thuyet,3.0,0.0,6.036864,3.0117788,6.3927903,8.273438,9.630821,6.8599715,4.055697441101074,An toan,0.0,4.055697441101074,D,An toan
SV1665,Đặng Ngọc Trang,GDTC101,Giáo dục thể chất 1*,GDTC101_L01,thuc_hanh,0.0,1.0,6.895858,7.956524,2.749562,4.085039,8.645069,9.493113,6.056899547576904,An toan,7.40774,6.056899547576904,C+,An toan
SV1666,Đỗ Hoàng Khoa,INT1002,Cơ sở dữ liệu,INT1002_L01,ly_thuyet,3.0,0.0,5.566886,8.679263,2.3067412,9.084161,5.2458496,3.04879,7.6780571937561035,An toan,0.0,7.6780571937561035,B,An toan
SV1666,Đỗ Hoàng Khoa,INT1003,Phát triển ứng dụng,INT1003_L01,tich_hop,2.0,1.5,3.3782327,3.0115259,2.0086384,7.524847,5.3380504,9.31514,4.767985888889858,Nguy co rot mon,7.392679,4.767985888889858,D,An toan
SV1666,Đỗ Hoàng Khoa,INT1001,Lập trình Python,INT1001_L01,tich_hop,2.0,1.0,4.601404,2.8482442,8.150989,6.829664,5.8114467,3.999357,5.315749327341716,An toan,5.546823,5.315749327341716,D+,An toan
SV1667,Đặng Minh Vy,INT1001,Lập trình Python,INT1001_L01,tich_hop,2.0,1.0,3.9719138,7.4342194,6.013053,6.364427,7.5411224,6.5748253,6.146527290344238,Nguy co rot mon,6.826792,6.146527290344238,C+,An toan
SV1667,Đặng Minh Vy,GDTC101,Giáo dục thể chất 1*,GDTC101_L01,thuc_hanh,0.0,1.0,4.8140483,9.532106,5.322457,9.869467,3.63912,4.7383885,2.162653923034668,Nguy co rot mon,6.082325,2.162653923034668,F,Nguy co rot mon
SV1667,Đặng Minh Vy,GDQP102,Giáo dục quốc phòng*,GDQP102_L01,ly_thuyet,3.0,0.0,5.531926,3.262886,9.460759,8.717638,5.920495,6.773029,6.952561855316162,An toan,0.0,6.952561855316162,C+,An toan
SV1668,Bùi Thảo Vy,INT1002,Cơ sở dữ liệu,INT1002_L01,ly_thuyet,3.0,0.0,9.435057,7.873892,6.809124,6.7159843,9.672467,8.372319,6.511160850524902,An toan,0.0,6.511160850524902,C+,An toan
SV1668,Bùi Thảo Vy,GDQP102,Giáo dục quốc phòng*,GDQP102_L01,ly_thuyet,3.0,0.0,3.8434937,5.866846,9.475231,3.7365682,4.446401,4.7811246,8.943766593933105,An toan,0.0,8.943766593933105,A,An toan
SV1668,Bùi Thảo Vy,GDTC101,Giáo dục thể chất 1*,GDTC101_L01,thuc_hanh,0.0,1.0,5.5948825,6.9297786,1.3049514,4.7278547,7.616636,4.371632,9.403042793273926,An toan,5.5720406,9.403042793273926,A+,An toan
SV1669,Đỗ Văn Linh,GDTC101,Giáo dục thể chất 1*,GDTC101_L01,thuc_hanh,0.0,1.0,4.9294395,6.418911,9.963812,6.1914845,3.6842399,8.501962,0.6477699875831604,Nguy co rot mon,6.125895,0.6477699875831604,F,Nguy co rot mon
SV1669,Đỗ Văn Linh,INT1001,Lập trình Python,INT1001_L01,tich_hop,2.0,1.0,5.5735655,4.724506,7.538528,6.3113246,5.7766113,4.7068467,5.829775810241699,An toan,5.598261,5.829775810241699,C,An toan
SV1669,Đỗ Văn Linh,INT1002,Cơ sở dữ liệu,INT1002_L01,ly_thuyet,3.0,0.0,8.870549,5.0305486,1.5471203,5.5766377,5.9398103,5.811456,3.5758183002471924,Nguy co rot mon,0.0,3.5758183002471924,F,Nguy co rot mon
SV1670,Đỗ Văn Anh,INT1002,Cơ sở dữ liệu,INT1002_L01,ly_thuyet,3.0,0.0,3.9667764,2.6357749,4.5354443,6.9066963,5.4323397,8.587818,0.39779651165008545,Nguy co rot mon,0.0,0.39779651165008545,F,Nguy co rot mon
SV1670,Đỗ Văn Anh,GDTC101,Giáo dục thể chất 1*,GDTC101_L01,thuc_hanh,0.0,1.0,3.4402206,3.6626527,7.258769,6.252682,3.7001667,3.4968553,1.3817640542984009,Nguy co rot mon,4.4832344,1.3817640542984009,F,Nguy co rot mon
SV1670,Đỗ Văn Anh,INT1001,Lập trình Python,INT1001_L01,tich_hop,2.0,1.0,7.9684863,3.5731056,7.023366,4.823286,3.5683422,7.299571,5.869012355804443,Nguy co rot mon,5.2303996,5.869012355804443,C,An toan
SV1671,Nguyễn Thu Hùng,INT1001,Lập trình Python,INT1001_L01,tich_hop,2.0,1.0,7.5569906,6.0006313,1.9869945,8.8449955,6.41844,5.339358,5.743558565775554,An toan,6.8675976,5.743558565775554,C,An toan
SV1671,Nguyễn Thu Hùng,INT1002,Cơ sở dữ liệu,INT1002_L01,ly_thuyet,3.0,0.0,7.343238,2.8180661,5.2614,9.21219,4.31497,5.0585628,7.6014723777771,An toan,0.0,7.6014723777771,B,An toan
SV1671,Nguyễn Thu Hùng,INT1003,Phát triển ứng dụng,INT1003_L01,tich_hop,2.0,1.5,8.590265,9.573854,3.4950106,8.125098,8.469525,3.265909,6.962767532893589,An toan,6.6201777,6.962767532893589,C+,An toan
SV1672,Trần Hoàng Anh,GDTC101,Giáo dục thể chất 1*,GDTC101_L01,thuc_hanh,0.0,1.0,8.495866,5.994074,1.8538164,6.5666246,7.3444486,5.450869,4.79300594329834,An toan,6.453981,4.79300594329834,D,An toan
SV1672,Trần Hoàng Anh,INT1003,Phát triển ứng dụng,INT1003_L01,tich_hop,2.0,1.5,2.9164016,2.910564,9.356282,3.5202806,6.6717563,7.918546,5.479273183005197,An toan,6.036861,5.479273183005197,D+,An toan
SV1672,Trần Hoàng Anh,GDQP102,Giáo dục quốc phòng*,GDQP102_L01,ly_thuyet,3.0,0.0,4.754992,9.987526,5.6935983,9.028645,9.488345,6.5199585,6.972707271575928,An toan,0.0,6.972707271575928,C+,An toan
SV1672,Trần Hoàng Anh,INT1002,Cơ sở dữ liệu,INT1002_L01,ly_thuyet,3.0,0.0,7.7494984,7.7526226,7.9576054,9.368395,8.331759,4.5112147,0.7352131605148315,Nguy co rot mon,0.0,0.7352131605148315,F,Nguy co rot mon
SV1673,Bùi Hải Trang,INT1001,Lập trình Python,INT1001_L01,tich_hop,2.0,1.0,6.9004064,8.133737,2.174992,3.9675121,5.5200877,9.502675,5.9342827796936035,Nguy co rot mon,6.330092,5.9342827796936035,C,An toan
SV1673,Bùi Hải Trang,INT1003,Phát triển ứng dụng,INT1003_L01,tich_hop,2.0,1.5,9.71016,7.428874,8.635212,8.364699,5.6502376,8.20876,8.084194251469203,Nguy co rot mon,7.4078994,8.084194251469203,B+,An toan
SV1673,Bùi Hải Trang,GDQP102,Giáo dục quốc phòng*,GDQP102_L01,ly_thuyet,3.0,0.0,3.5734878,5.3017993,3.8897042,8.172426,7.1297593,6.089985,0.5815093517303467,Nguy co rot mon,0.0,0.5815093517303467,F,Nguy co rot mon
SV1674,Trần Thảo Phương,GDQP102,Giáo dục quốc phòng*,GDQP102_L01,ly_thuyet,3.0,0.0,6.3282576,2.790553,9.072939,7.1307755,4.149896,8.107646,5.2975687980651855,An toan,0.0,5.2975687980651855,D+,An toan
SV1674,Trần Thảo Phương,INT1001,Lập trình Python,INT1001_L01,tich_hop,2.0,1.0,8.485959,8.794248,6.567755,5.5227,3.5520782,3.5059705,6.6974077224731445,Nguy co rot mon,4.1935825,6.6974077224731445,C+,An toan
SV1674,Trần Thảo Phương,INT1003,Phát triển ứng dụng,INT1003_L01,tich_hop,2.0,1.5,3.8647003,8.547176,1.8117886,3.9440262,9.665984,9.060567,5.947923728397915,Nguy co rot mon,7.5568595,5.947923728397915,C,An toan
SV1675,Đặng Văn Đức,INT1003,Phát triển ứng dụng,INT1003_L01,tich_hop,2.0,1.5,6.5755725,8.726763,1.2231491,8.832529,5.900123,5.2839184,6.0072214262826105,Nguy co rot mon,6.67219,6.0072214262826105,C+,An toan
SV1675,Đặng Văn Đức,GDTC101,Giáo dục thể chất 1*,GDTC101_L01,thuc_hanh,0.0,1.0,3.3335278,4.4744105,6.0787086,5.394593,8.832832,6.018063,2.6817376613616943,Nguy co rot mon,6.7484956,2.6817376613616943,F,Nguy co rot mon
SV1675,Đặng Văn Đức,INT1002,Cơ sở dữ liệu,INT1002_L01,ly_thuyet,3.0,0.0,8.850648,3.5083404,5.8662696,6.804832,6.3246593,5.3739305,9.64414119720459,An toan,0.0,9.64414119720459,A+,An toan
SV1675,Đặng Văn Đức,GDQP102,Giáo dục quốc phòng*,GDQP102_L01,ly_thuyet,3.0,0.0,3.8568926,4.895801,3.7298906,9.824172,5.5048504,5.896429,4.991906642913818,An toan,0.0,4.991906642913818,D,An toan
SV1676,Hoàng Văn Anh,GDQP102,Giáo dục quốc phòng*,GDQP102_L01,ly_thuyet,3.0,0.0,8.396182,9.715703,6.1346397,3.1527638,4.6217065,3.6152072,6.044610023498535,An toan,0.0,6.044610023498535,C+,An toan
SV1676,Hoàng Văn Anh,INT1002,Cơ sở dữ liệu,INT1002_L01,ly_thuyet,3.0,0.0,5.607354,4.070433,5.5807967,7.48479,8.074729,9.599072,1.7853237390518188,Nguy co rot mon,0.0,1.7853237390518188,F,Nguy co rot mon
SV1676,Hoàng Văn Anh,GDTC101,Giáo dục thể chất 1*,GDTC101_L01,thuc_hanh,0.0,1.0,9.317681,7.523932,7.091657,5.0971107,7.6083694,6.97808,6.412428379058838,An toan,6.5611863,6.412428379058838,C+,An toan
SV1676,Hoàng Văn Anh,INT1003,Phát triển ứng dụng,INT1003_L01,tich_hop,2.0,1.5,5.4047236,2.3672569,6.346618,3.485488,3.280498,4.5115867,4.300338711057391,An toan,3.7591908,4.300338711057391,D,An toan
SV1677,Đặng Văn Hùng,INT1003,Phát triển ứng dụng,INT1003_L01,tich_hop,2.0,1.5,8.584014,6.034289,6.3572445,9.06841,6.7543597,9.558957,7.6213032858712335,An toan,8.460575,7.6213032858712335,B,An toan
SV1677,Đặng Văn Hùng,GDQP102,Giáo dục quốc phòng*,GDQP102_L01,ly_thuyet,3.0,0.0,5.4119773,5.3234735,2.6343694,9.640492,3.0802786,6.6865144,2.9313604831695557,Nguy co rot mon,0.0,2.9313604831695557,F,Nguy co rot mon
SV1677,Đặng Văn Hùng,GDTC101,Giáo dục thể chất 1*,GDTC101_L01,thuc_hanh,0.0,1.0,8.808877,4.943407,2.128182,9.806054,4.0721545,3.8288398,7.45128059387207,An toan,5.9023495,7.45128059387207,B,An toan
SV1677,Đặng Văn Hùng,INT1002,Cơ sở dữ liệu,INT1002_L01,ly_thuyet,3.0,0.0,6.367808,9.871807,1.6234066,5.82096,4.7573733,4.7632785,5.688699245452881,An toan,0.0,5.688699245452881,C,An toan
SV1678,Bùi Tuấn Anh,INT1002,Cơ sở dữ liệu,INT1002_L01,ly_thuyet,3.0,0.0,8.483072,8.610113,1.70056,4.535511,8.814089,7.602647,9.672036170959473,An toan,0.0,9.672036170959473,A+,An toan
SV1678,Bùi Tuấn Anh,GDQP102,Giáo dục quốc phòng*,GDQP102_L01,ly_thuyet,3.0,0.0,6.688024,4.4777665,5.495419,7.9590926,9.770459,3.1052475,2.4853100776672363,Nguy co rot mon,0.0,2.4853100776672363,F,Nguy co rot mon
SV1678,Bùi Tuấn Anh,INT1003,Phát triển ứng dụng,INT1003_L01,tich_hop,2.0,1.5,4.570988,2.8458948,6.088998,7.4961433,4.9985385,9.699684,5.743172577449253,An toan,7.3981223,5.743172577449253,C,An toan
SV1679,Vũ Tuấn An,INT1003,Phát triển ứng dụng,INT1003_L01,tich_hop,2.0,1.5,6.767541,8.344557,5.695777,9.5287075,8.288221,8.792771,7.764790398733957,An toan,8.8699,7.764790398733957,B,An toan
SV1679,Vũ Tuấn An,INT1001,Lập trình Python,INT1001_L01,tich_hop,2.0,1.0,8.602925,5.874905,7.463283,3.6245618,6.474014,8.984816,6.996180057525635,An toan,6.36113,6.996180057525635,C+,An toan
SV1679,Vũ Tuấn An,GDTC101,Giáo dục thể chất 1*,GDTC101_L01,thuc_hanh,0.0,1.0,8.87294,6.0134773,8.706886,4.8887014,6.0690637,7.426821,3.427469253540039,Nguy co rot mon,6.1281953,3.427469253540039,F,Nguy co rot mon
SV1679,Vũ Tuấn An,INT1002,Cơ sở dữ liệu,INT1002_L01,ly_thuyet,3.0,0.0,3.20318,8.101166,3.0545366,9.79072,8.226777,9.173055,9.736927032470703,An toan,0.0,9.736927032470703,A+,An toan
SV1680,Trần Minh Hùng,GDTC101,Giáo dục thể chất 1*,GDTC101_L01,thuc_hanh,0.0,1.0,5.6820145,3.2794416,7.125435,5.7382812,3.3687642,5.159477,3.502739429473877,Nguy co rot mon,4.7555075,3.502739429473877,F,Nguy co rot mon
SV1680,Trần Minh Hùng,INT1003,Phát triển ứng dụng,INT1003_L01,tich_hop,2.0,1.5,6.289702,8.780766,7.233316,8.318622,7.2903666,3.6732042,7.002938611166818,An toan,6.4273973,7.002938611166818,B,An toan
SV1680,Trần Minh Hùng,INT1001,Lập trình Python,INT1001_L01,tich_hop,2.0,1.0,9.9162,9.829519,5.972419,6.6325893,6.86877,8.590979,8.169846216837565,An toan,7.364113,8.169846216837565,B+,An toan
SV1680,Trần Minh Hùng,GDQP102,Giáo dục quốc phòng*,GDQP102_L01,ly_thuyet,3.0,0.0,2.9402378,2.694251,3.3335283,3.951421,3.7297635,6.275293,2.040757656097412,Nguy co rot mon,0.0,2.040757656097412,F,Nguy co rot mon
SV1681,Trần Thu An,INT1001,Lập trình Python,INT1001_L01,tich_hop,2.0,1.0,6.5696273,8.7482395,6.8792863,5.5068126,4.754368,8.909002,7.0627210934956866,An toan,6.390061,7.0627210934956866,B,An toan
SV1681,Trần Thu An,GDTC101,Giáo dục thể chất 1*,GDTC101_L01,thuc_hanh,0.0,1.0,9.163271,4.11423,7.8803225,8.525288,7.6725593,3.8069906,9.813021659851074,An toan,6.668279,9.813021659851074,A+,An toan
SV1682,Phạm Minh Linh,INT1002,Cơ sở dữ liệu,INT1002_L01,ly_thuyet,3.0,0.0,6.4877024,9.58771,3.5102682,8.912309,5.2373652,7.4691863,0.2929992973804474,Nguy co rot mon,0.0,0.2929992973804474,F,Nguy co rot mon
SV1682,Phạm Minh Linh,GDQP102,Giáo dục quốc phòng*,GDQP102_L01,ly_thuyet,3.0,0.0,4.8882284,8.814051,9.18155,8.408752,8.492842,8.67116,8.257551193237305,An toan,0.0,8.257551193237305,B+,An toan
SV1682,Phạm Minh Linh,INT1003,Phát triển ứng dụng,INT1003_L01,tich_hop,2.0,1.5,7.690837,5.553685,4.7369175,6.5323143,3.6014879,7.283101,5.913165296827044,An toan,5.805635,5.913165296827044,C,An toan
SV1683,Đặng Hoàng Phương,INT1003,Phát triển ứng dụng,INT1003_L01,tich_hop,2.0,1.5,3.0131617,6.020804,6.057255,8.31443,3.3113399,6.442234,5.455661841801235,An toan,6.0226684,5.455661841801235,D+,An toan
SV1683,Đặng Hoàng Phương,GDQP102,Giáo dục quốc phòng*,GDQP102_L01,ly_thuyet,3.0,0.0,2.9579108,7.9337673,2.1166103,3.9758556,4.163522,8.7911,2.9666693210601807,Nguy co rot mon,0.0,2.9666693210601807,F,Nguy co rot mon
SV1684,Nguyễn Tuấn Phương,INT1002,Cơ sở dữ liệu,INT1002_L01,ly_thuyet,3.0,0.0,8.009334,8.024846,4.6301003,6.101978,6.4597583,6.509053,0.6282906532287598,Nguy co rot mon,0.0,0.6282906532287598,F,Nguy co rot mon
SV1684,Nguyễn Tuấn Phương,GDTC101,Giáo dục thể chất 1*,GDTC101_L01,thuc_hanh,0.0,1.0,8.202553,6.562384,1.4326464,5.8336406,5.6916385,4.263092,7.161007881164551,An toan,5.26279,7.161007881164551,B,An toan
SV1684,Nguyễn Tuấn Phương,INT1003,Phát triển ứng dụng,INT1003_L01,tich_hop,2.0,1.5,6.9957943,8.637868,7.353778,9.589433,6.142983,3.7040231,7.15519414629255,An toan,6.478813,7.15519414629255,B,An toan
SV1685,Phan Văn An,INT1002,Cơ sở dữ liệu,INT1002_L01,ly_thuyet,3.0,0.0,3.479702,9.648428,5.794144,4.733719,9.342437,9.844288,6.677990913391113,An toan,0.0,6.677990913391113,C+,An toan
SV1685,Phan Văn An,INT1001,Lập trình Python,INT1001_L01,tich_hop,2.0,1.0,8.01176,4.9493,2.1311011,7.241604,5.8861313,5.369561,5.409068584442139,An toan,6.1657653,5.409068584442139,D+,An toan
SV1686,Hoàng Minh Bình,INT1003,Phát triển ứng dụng,INT1003_L01,tich_hop,2.0,1.5,9.138995,5.5221953,2.795586,5.948968,5.762764,3.1831095,5.452934741973877,An toan,4.964947,5.452934741973877,D+,An toan
SV1686,Hoàng Minh Bình,INT1002,Cơ sở dữ liệu,INT1002_L01,ly_thuyet,3.0,0.0,5.290224,5.0730557,3.9550917,4.558759,3.5256863,6.656267,0.24337877333164215,Nguy co rot mon,0.0,0.24337877333164215,F,Nguy co rot mon
SV1687,Đặng Hoàng Vy,INT1002,Cơ sở dữ liệu,INT1002_L01,ly_thuyet,3.0,0.0,8.672599,8.662319,2.2118394,9.471705,6.050485,4.9193106,8.401992797851562,An toan,0.0,8.401992797851562,B+,An toan
SV1687,Đặng Hoàng Vy,INT1003,Phát triển ứng dụng,INT1003_L01,tich_hop,2.0,1.5,3.4094648,9.662506,6.857878,5.1992383,7.120011,6.094002,6.42662627356393,An toan,6.13775,6.42662627356393,C+,An toan
SV1687,Đặng Hoàng Vy,INT1001,Lập trình Python,INT1001_L01,tich_hop,2.0,1.0,3.4605942,3.4178247,8.81401,7.9434094,9.524478,3.7463434,5.844343344370524,Nguy co rot mon,7.0714107,5.844343344370524,C,An toan
SV1688,Hoàng Thu Đức,GDQP102,Giáo dục quốc phòng*,GDQP102_L01,ly_thuyet,3.0,0.0,7.64518,5.8314466,4.9903164,9.824252,5.474672,4.9185805,4.123422622680664,An toan,0.0,4.123422622680664,D,An toan
SV1688,Hoàng Thu Đức,INT1002,Cơ sở dữ liệu,INT1002_L01,ly_thuyet,3.0,0.0,5.364393,5.3324547,6.1785455,6.0968323,7.189081,9.439457,4.539634704589844,An toan,0.0,4.539634704589844,D,An toan
SV1688,Hoàng Thu Đức,GDTC101,Giáo dục thể chất 1*,GDTC101_L01,thuc_hanh,0.0,1.0,8.0338,7.712152,5.725979,3.7741122,9.957727,9.935106,6.813561916351318,An toan,7.8889823,6.813561916351318,C+,An toan
SV1689,Đỗ Văn Trang,INT1002,Cơ sở dữ liệu,INT1002_L01,ly_thuyet,3.0,0.0,5.270589,7.4683313,1.1760681,7.1987333,6.4839654,7.99537,7.38274621963501,An toan,0.0,7.38274621963501,B,An toan
SV1689,Đỗ Văn Trang,INT1003,Phát triển ứng dụng,INT1003_L01,tich_hop,2.0,1.5,7.9184036,8.057515,9.678597,9.216202,8.872763,6.411732,8.38667379106794,Nguy co rot mon,8.166899,8.38667379106794,B+,An toan
SV1689,Đỗ Văn Trang,INT1001,Lập trình Python,INT1001_L01,tich_hop,2.0,1.0,5.107819,3.6209195,9.564852,8.741187,7.113507,9.726659,6.907615025838216,An toan,8.527118,6.907615025838216,C+,An toan
SV1690,Phan Minh Anh,INT1003,Phát triển ứng dụng,INT1003_L01,tich_hop,2.0,1.5,3.6820016,4.6767635,7.949835,3.6797123,5.900899,5.0476856,5.196156569889614,An toan,4.876099,5.196156569889614,D+,An toan
SV1690,Phan Minh Anh,INT1001,Lập trình Python,INT1001_L01,tich_hop,2.0,1.0,5.306369,7.3452606,6.7487283,8.639983,6.4139333,8.453275,6.923100630442302,An toan,7.83573,6.923100630442302,C+,An toan
SV1690,Phan Minh Anh,INT1002,Cơ sở dữ liệu,INT1002_L01,ly_thuyet,3.0,0.0,9.94342,9.684143,1.7282795,4.0238028,5.0922318,9.408969,4.681520462036133,An toan,0.0,4.681520462036133,D,An toan
SV1691,Lê Văn Hùng,GDTC101,Giáo dục thể chất 1*,GDTC101_L01,thuc_hanh,0.0,1.0,8.682439,9.560867,1.3935292,4.8193183,7.114389,6.500063,8.694828987121582,An toan,6.14459,8.694828987121582,A,An toan
SV1691,Lê Văn Hùng,GDQP102,Giáo dục quốc phòng*,GDQP102_L01,ly_thuyet,3.0,0.0,9.068273,3.1591368,2.9737368,3.7416375,9.449287,6.7904563,5.328391075134277,An toan,0.0,5.328391075134277,D+,An toan
SV1691,Lê Văn Hùng,INT1002,Cơ sở dữ liệu,INT1002_L01,ly_thuyet,3.0,0.0,2.7860513,6.306435,5.059183,8.104798,6.0867686,9.688933,2.292320489883423,Nguy co rot mon,0.0,2.292320489883423,F,Nguy co rot mon
SV1691,Lê Văn Hùng,INT1001,Lập trình Python,INT1001_L01,tich_hop,2.0,1.0,9.4659605,2.7864015,4.194156,8.968022,7.607613,4.8181376,6.031867663065593,Nguy co rot mon,7.131258,6.031867663065593,C+,An toan
SV1692,Phạm Hoàng Vy,GDQP102,Giáo dục quốc phòng*,GDQP102_L01,ly_thuyet,3.0,0.0,7.1800394,7.0962677,4.515412,5.2927814,5.531177,8.47369,5.120193958282471,An toan,0.0,5.120193958282471,D+,An toan
SV1692,Phạm Hoàng Vy,GDTC101,Giáo dục thể chất 1*,GDTC101_L01,thuc_hanh,0.0,1.0,3.7712333,8.014957,9.231561,7.997348,4.0806847,3.8943193,1.839836835861206,Nguy co rot mon,5.324117,1.839836835861206,F,Nguy co rot mon
SV1693,Hoàng Tuấn Vy,INT1001,Lập trình Python,INT1001_L01,tich_hop,2.0,1.0,5.068327,4.4933023,8.806192,9.726156,4.122041,9.767505,6.705704847971599,An toan,7.871901,6.705704847971599,C+,An toan
SV1693,Hoàng Tuấn Vy,INT1003,Phát triển ứng dụng,INT1003_L01,tich_hop,2.0,1.5,9.363982,9.528503,3.5397193,9.676943,8.174781,9.74385,8.215025765555245,An toan,9.198524,8.215025765555245,B+,An toan
SV1694,Hoàng Hoàng Linh,INT1001,Lập trình Python,INT1001_L01,tich_hop,2.0,1.0,5.829041,9.2265005,8.503422,5.389618,3.069215,9.137868,7.190514087677002,An toan,5.8655667,7.190514087677002,B,An toan
SV1694,Hoàng Hoàng Linh,INT1002,Cơ sở dữ liệu,INT1002_L01,ly_thuyet,3.0,0.0,7.377769,8.277265,8.869103,5.635721,4.7410283,5.7105656,4.319136142730713,An toan,0.0,4.319136142730713,D,An toan
SV1695,Nguyễn Hải Khoa,INT1002,Cơ sở dữ liệu,INT1002_L01,ly_thuyet,3.0,0.0,8.833778,9.755871,1.407192,7.2725835,5.8445807,6.5730653,6.604918003082275,An toan,0.0,6.604918003082275,C+,An toan
SV1695,Nguyễn Hải Khoa,INT1001,Lập trình Python,INT1001_L01,tich_hop,2.0,1.0,9.402277,9.24588,5.0542965,6.100098,8.814021,3.6181238,7.326350053151448,Nguy co rot mon,6.1774144,7.326350053151448,B,An toan
SV1695,Nguyễn Hải Khoa,INT1003,Phát triển ứng dụng,INT1003_L01,tich_hop,2.0,1.5,5.990208,9.981193,6.245975,9.136204,5.0478578,9.399253,7.600926058632987,An toan,7.8611045,7.600926058632987,B,An toan
SV1695,Nguyễn Hải Khoa,GDTC101,Giáo dục thể chất 1*,GDTC101_L01,thuc_hanh,0.0,1.0,3.7778292,4.3709574,9.006454,8.239223,8.784618,3.3863297,7.312418460845947,An toan,6.8033905,7.312418460845947,B,An toan
SV1696,Vũ Tuấn Bình,GDQP102,Giáo dục quốc phòng*,GDQP102_L01,ly_thuyet,3.0,0.0,6.306603,7.624784,1.6768506,9.1855,3.4366949,8.327057,7.432518005371094,An toan,0.0,7.432518005371094,B,An toan
SV1696,Vũ Tuấn Bình,INT1003,Phát triển ứng dụng,INT1003_L01,tich_hop,2.0,1.5,2.976786,3.165447,8.329998,4.9365005,5.180517,9.654577,5.581129142216274,An toan,6.590532,5.581129142216274,C,An toan
SV1696,Vũ Tuấn Bình,GDTC101,Giáo dục thể chất 1*,GDTC101_L01,thuc_hanh,0.0,1.0,6.276685,3.853004,8.955578,9.926708,9.880118,7.1709633,8.97675609588623,An toan,8.992597,8.97675609588623,A,An toan
SV1696,Vũ Tuấn Bình,INT1001,Lập trình Python,INT1001_L01,tich_hop,2.0,1.0,7.281816,7.3069544,1.0884924,7.800462,3.5044246,5.9226513,5.398006916046143,Nguy co rot mon,5.742512,5.398006916046143,D+,An toan
SV1697,Phan Tuấn An,INT1002,Cơ sở dữ liệu,INT1002_L01,ly_thuyet,3.0,0.0,9.71957,3.6184545,3.9065783,9.030737,6.611253,7.1689396,1.628565788269043,Nguy co rot mon,0.0,1.628565788269043,F,Nguy co rot mon
SV1697,Phan Tuấn An,GDTC101,Giáo dục thể chất 1*,GDTC101_L01,thuc_hanh,0.0,1.0,4.520532,5.5215483,6.8834057,9.208444,8.600222,4.3266406,9.308127403259277,An toan,7.3784356,9.308127403259277,A+,An toan
SV1697,Phan Tuấn An,INT1001,Lập trình Python,INT1001_L01,tich_hop,2.0,1.0,9.19742,9.706711,8.891342,8.228881,4.562874,9.416248,8.644327799479166,Nguy co rot mon,7.402668,8.644327799479166,A,An toan
SV1698,Vũ Hoàng An,INT1002,Cơ sở dữ liệu,INT1002_L01,ly_thuyet,3.0,0.0,8.597349,6.111409,3.943531,6.835711,9.004561,4.9284096,5.50274133682251,An toan,0.0,5.50274133682251,C,An toan
SV1698,Vũ Hoàng An,GDTC101,Giáo dục thể chất 1*,GDTC101_L01,thuc_hanh,0.0,1.0,9.355294,7.778649,4.085272,8.153465,3.051541,5.9376235,2.5533158779144287,Nguy co rot mon,5.71421,2.5533158779144287,F,Nguy co rot mon
SV1698,Vũ Hoàng An,INT1001,Lập trình Python,INT1001_L01,tich_hop,2.0,1.0,7.4804983,6.995832,5.087296,9.127781,5.502698,8.475464,6.914799054463704,An toan,7.7019806,6.914799054463704,C+,An toan
SV1699,Đỗ Hoàng Linh,GDQP102,Giáo dục quốc phòng*,GDQP102_L01,ly_thuyet,3.0,0.0,8.501526,8.10273,2.7515864,4.321473,6.864775,6.218536,0.8159967660903931,Nguy co rot mon,0.0,0.8159967660903931,F,Nguy co rot mon
SV1699,Đỗ Hoàng Linh,INT1001,Lập trình Python,INT1001_L01,tich_hop,2.0,1.0,6.9674425,7.7517633,5.272518,6.3489766,9.33253,8.28642,7.105708281199138,Nguy co rot mon,7.989309,7.105708281199138,B,An toan
SV1699,Đỗ Hoàng Linh,INT1003,Phát triển ứng dụng,INT1003_L01,tich_hop,2.0,1.5,4.880096,6.7093782,1.6212102,3.6629696,3.4325845,8.387399,4.728171144212995,Nguy co rot mon,5.1609845,4.728171144212995,D,An toan
SV1699,Đỗ Hoàng Linh,GDTC101,Giáo dục thể chất 1*,GDTC101_L01,thuc_hanh,0.0,1.0,6.293014,2.716906,9.5040655,6.027017,9.652783,8.94543,3.8542487621307373,Nguy co rot mon,8.208409,3.8542487621307373,F,Nguy co rot mon
SV1700,Phan Tuấn Trang,INT1003,Phát triển ứng dụng,INT1003_L01,tich_hop,2.0,1.5,6.248106,3.6530657,7.160528,9.0632305,7.0527954,3.9201782,6.112162113189697,Nguy co rot mon,6.6787343,6.112162113189697,C+,An toan
SV1700,Phan Tuấn Trang,GDQP102,Giáo dục quốc phòng*,GDQP102_L01,ly_thuyet,3.0,0.0,7.532573,2.8184834,8.710647,6.73064,4.096691,4.9153433,9.56170654296875,An toan,0.0,9.56170654296875,A+,An toan
SV1700,Phan Tuấn Trang,INT1001,Lập trình Python,INT1001_L01,tich_hop,2.0,1.0,4.4181533,5.8294563,2.2834966,5.49157,9.564571,7.951399,5.341083844502767,Nguy co rot mon,7.66918,5.341083844502767,D+,An toan
SV1701,Đặng Hoàng Chinh,GDQP102,Giáo dục quốc phòng*,GDQP102_L01,ly_thuyet,3.0,0.0,6.438051,9.730292,5.413653,8.836793,6.7754936,3.7692869,2.6121931076049805,Nguy co rot mon,0.0,2.6121931076049805,F,Nguy co rot mon
SV1701,Đặng Hoàng Chinh,INT1003,Phát triển ứng dụng,INT1003_L01,tich_hop,2.0,1.5,7.1029477,8.246266,6.173952,7.4288006,8.335023,9.658809,7.731455394199917,Nguy co rot mon,8.474211,7.731455394199917,B,An toan
SV1701,Đặng Hoàng Chinh,INT1001,Lập trình Python,INT1001_L01,tich_hop,2.0,1.0,3.116511,6.2364616,1.2718029,6.2343235,3.8197916,4.8020787,4.011749426523845,Nguy co rot mon,4.9520645,4.011749426523845,D,An toan
SV1701,Đặng Hoàng Chinh,INT1002,Cơ sở dữ liệu,INT1002_L01,ly_thuyet,3.0,0.0,7.0744147,9.877636,8.183377,9.4984665,6.6036177,6.746212,7.745674133300781,An toan,0.0,7.745674133300781,B,An toan
SV1702,Vũ Minh Bình,INT1002,Cơ sở dữ liệu,INT1002_L01,ly_thuyet,3.0,0.0,4.005456,5.812992,4.876644,9.632033,4.679808,9.3429985,9.900776863098145,An toan,0.0,9.900776863098145,A+,An toan
SV1702,Vũ Minh Bình,GDQP102,Giáo dục quốc phòng*,GDQP102_L01,ly_thuyet,3.0,0.0,2.0751104,8.79145,2.9191573,4.8582683,6.418515,6.1454425,6.715815544128418,An toan,0.0,6.715815544128418,C+,An toan
SV1702,Vũ Minh Bình,GDTC101,Giáo dục thể chất 1*,GDTC101_L01,thuc_hanh,0.0,1.0,4.132022,3.5053036,3.4387517,3.0264828,7.7173643,9.439491,6.629796028137207,An toan,6.7277794,6.629796028137207,C+,An toan
SV1703,Phạm Thảo Trang,INT1002,Cơ sở dữ liệu,INT1002_L01,ly_thuyet,3.0,0.0,5.96736,8.001052,1.2455504,4.2717075,4.8716154,5.468577,2.6514222621917725,Nguy co rot mon,0.0,2.6514222621917725,F,Nguy co rot mon
SV1703,Phạm Thảo Trang,GDTC101,Giáo dục thể chất 1*,GDTC101_L01,thuc_hanh,0.0,1.0,7.3573213,2.1308656,3.7626345,6.470494,9.500106,9.355695,7.007014274597168,An toan,8.442098,7.007014274597168,B,An toan
SV1704,Đặng Tuấn Khoa,INT1001,Lập trình Python,INT1001_L01,tich_hop,2.0,1.0,9.83131,9.807198,8.927312,6.5159354,5.101904,7.4139576,8.46260372797648,Nguy co rot mon,6.3439326,8.46260372797648,B+,An toan
SV1704,Đặng Tuấn Khoa,GDQP102,Giáo dục quốc phòng*,GDQP102_L01,ly_thuyet,3.0,0.0,4.666858,6.284165,4.801879,3.6474524,7.794857,3.709244,8.127506256103516,An toan,0.0,8.127506256103516,B+,An toan
SV1705,Bùi Đức Anh,GDQP102,Giáo dục quốc phòng*,GDQP102_L01,ly_thuyet,3.0,0.0,6.5753713,9.820503,6.212935,3.8785076,4.4963517,6.8522344,7.410516262054443,An toan,0.0,7.410516262054443,B,An toan
SV1705,Bùi Đức Anh,INT1001,Lập trình Python,INT1001_L01,tich_hop,2.0,1.0,5.714261,5.253608,6.7621293,6.4605618,4.210726,4.8944335,5.669524192810059,Nguy co rot mon,5.188574,5.669524192810059,C,An toan
SV1705,Bùi Đức Anh,INT1003,Phát triển ứng dụng,INT1003_L01,tich_hop,2.0,1.5,6.660451,3.2487018,7.664744,6.601755,3.2632084,5.281067,5.5111275400434225,Nguy co rot mon,5.048677,5.5111275400434225,C,An toan
SV1705,Bùi Đức Anh,GDTC101,Giáo dục thể chất 1*,GDTC101_L01,thuc_hanh,0.0,1.0,9.438203,4.7278304,4.9786696,6.2128572,7.001943,9.862499,2.0225791931152344,Nguy co rot mon,7.692433,2.0225791931152344,F,Nguy co rot mon
SV1706,Đặng Minh Nam,INT1002,Cơ sở dữ liệu,INT1002_L01,ly_thuyet,3.0,0.0,2.7190082,6.3026786,4.97987,3.571756,5.195153,3.9163244,2.1654608249664307,Nguy co rot mon,0.0,2.1654608249664307,F,Nguy co rot mon
SV1706,Đặng Minh Nam,INT1003,Phát triển ứng dụng,INT1003_L01,tich_hop,2.0,1.5,2.54095,9.733745,3.9406064,9.84109,4.7727213,9.273809,6.50114597593035,Nguy co rot mon,7.96254,6.50114597593035,C+,An toan
SV1706,Đặng Minh Nam,GDQP102,Giáo dục quốc phòng*,GDQP102_L01,ly_thuyet,3.0,0.0,2.401829,9.0180645,1.5656359,5.5151024,7.830386,9.326831,7.431047439575195,An toan,0.0,7.431047439575195,B,An toan
SV1706,Đặng Minh Nam,GDTC101,Giáo dục thể chất 1*,GDTC101_L01,thuc_hanh,0.0,1.0,8.181073,2.8630462,1.3147309,5.3586245,9.110359,4.83757,0.9938664436340332,Nguy co rot mon,6.435518,0.9938664436340332,F,Nguy co rot mon
SV1707,Phan Thị Vy,GDTC101,Giáo dục thể chất 1*,GDTC101_L01,thuc_hanh,0.0,1.0,4.7380834,4.8619933,8.025855,3.2223969,4.987257,9.316384,0.7552942037582397,Nguy co rot mon,5.842013,0.7552942037582397,F,Nguy co rot mon
SV1707,Phan Thị Vy,INT1001,Lập trình Python,INT1001_L01,tich_hop,2.0,1.0,2.073876,6.7106833,4.8379955,6.5072803,8.446939,9.336841,5.726241111755371,An toan,8.09702,5.726241111755371,C,An toan
SV1707,Phan Thị Vy,INT1002,Cơ sở dữ liệu,INT1002_L01,ly_thuyet,3.0,0.0,2.1791804,4.456921,3.6973245,8.784309,7.6454964,3.1535661,8.077903747558594,An toan,0.0,8.077903747558594,B+,An toan
SV1707,Phan Thị Vy,GDQP102,Giáo dục quốc phòng*,GDQP102_L01,ly_thuyet,3.0,0.0,9.397918,4.230314,6.003805,8.877026,3.0827844,4.67684,9.517884254455566,An toan,0.0,9.517884254455566,A+,An toan
SV1708,Đỗ Hải Đức,INT1002,Cơ sở dữ liệu,INT1002_L01,ly_thuyet,3.0,0.0,8.68858,9.313699,5.6833186,8.404686,7.2092104,5.747388,5.099767684936523,An toan,0.0,5.099767684936523,D+,An toan
SV1708,Đỗ Hải Đức,GDTC101,Giáo dục thể chất 1*,GDTC101_L01,thuc_hanh,0.0,1.0,7.2198925,4.6914067,1.7798352,9.91675,8.813651,7.6287017,8.24089527130127,An toan,8.786367,8.24089527130127,B+,An toan
SV1709,Bùi Tuấn Phương,INT1001,Lập trình Python,INT1001_L01,tich_hop,2.0,1.0,7.4096355,4.977737,4.7391143,3.0487165,6.7704105,3.4366267,5.27874771753947,An toan,4.4185843,5.27874771753947,D+,An toan
SV1709,Bùi Tuấn Phương,GDTC101,Giáo dục thể chất 1*,GDTC101_L01,thuc_hanh,0.0,1.0,3.214243,6.614784,6.0650764,4.815264,5.720299,8.326925,0.2865438759326935,Nguy co rot mon,6.287496,0.2865438759326935,F,Nguy co rot mon
SV1710,Trần Văn Trang,INT1002,Cơ sở dữ liệu,INT1002_L01,ly_thuyet,3.0,0.0,9.595455,7.5490437,7.621635,5.550885,7.4337792,4.9010553,5.102240562438965,An toan,0.0,5.102240562438965,D+,An toan
SV1710,Trần Văn Trang,INT1003,Phát triển ứng dụng,INT1003_L01,tich_hop,2.0,1.5,6.912581,8.078474,7.393952,7.7864017,9.674819,8.0868225,7.913530894688198,An toan,8.516014,7.913530894688198,B,An toan
SV1710,Trần Văn Trang,INT1001,Lập trình Python,INT1001_L01,tich_hop,2.0,1.0,8.354989,9.917387,1.8522537,6.3830285,5.7306266,7.1646447,6.614173253377278,Nguy co rot mon,6.4261,6.614173253377278,C+,An toan
SV1711,Đỗ Ngọc An,INT1001,Lập trình Python,INT1001_L01,tich_hop,2.0,1.0,7.795366,9.28973,9.561648,8.12218,9.484483,6.8064365,8.634065310160318,An toan,8.1377,8.634065310160318,A,An toan
SV1711,Đỗ Ngọc An,GDTC101,Giáo dục thể chất 1*,GDTC101_L01,thuc_hanh,0.0,1.0,2.2382343,3.5870457,3.7533102,6.556611,5.479728,8.634675,8.445695877075195,An toan,6.8903375,8.445695877075195,B+,An toan
SV1711,Đỗ Ngọc An,GDQP102,Giáo dục quốc phòng*,GDQP102_L01,ly_thuyet,3.0,0.0,8.829269,8.744464,3.2284365,6.476287,5.686514,5.8571043,4.103486061096191,An toan,0.0,4.103486061096191,D,An toan
SV1711,Đỗ Ngọc An,INT1002,Cơ sở dữ liệu,INT1002_L01,ly_thuyet,3.0,0.0,4.941078,4.183987,3.6777263,8.267448,4.145345,7.113677,5.937634468078613,An toan,0.0,5.937634468078613,C,An toan
SV1712,Bùi Thu Linh,INT1001,Lập trình Python,INT1001_L01,tich_hop,2.0,1.0,8.344224,8.984357,1.0043148,3.1569517,7.8021555,9.313861,6.326528867085774,An toan,6.757656,6.326528867085774,C+,An toan
SV1712,Bùi Thu Linh,GDQP102,Giáo dục quốc phòng*,GDQP102_L01,ly_thuyet,3.0,0.0,6.255012,2.5299506,5.6720333,7.0591874,6.890811,3.9322603,8.408123970031738,An toan,0.0,8.408123970031738,B+,An toan
SV1712,Bùi Thu Linh,GDTC101,Giáo dục thể chất 1*,GDTC101_L01,thuc_hanh,0.0,1.0,5.521918,9.533227,8.526685,6.9134135,3.410994,9.4834585,9.557474136352539,An toan,6.6026216,9.557474136352539,A+,An toan
SV1713,Phạm Ngọc Chinh,GDTC101,Giáo dục thể chất 1*,GDTC101_L01,thuc_hanh,0.0,1.0,3.6560905,8.774412,2.6491508,7.2472997,8.972449,4.584566,4.01369571685791,An toan,6.934772,4.01369571685791,D,An toan
SV1713,Phạm Ngọc Chinh,INT1003,Phát triển ứng dụng,INT1003_L01,tich_hop,2.0,1.5,3.7048798,3.8429284,7.440408,8.180372,7.9248137,3.7004156,5.684270313807896,Nguy co rot mon,6.6018677,5.684270313807896,C,An toan
SV1714,Hoàng Ngọc Bình,INT1003,Phát triển ứng dụng,INT1003_L01,tich_hop,2.0,1.5,2.437476,2.644615,6.990506,7.5184526,4.2930036,9.081823,5.28429651260376,An toan,6.9644265,5.28429651260376,D+,An toan
SV1714,Hoàng Ngọc Bình,INT1001,Lập trình Python,INT1001_L01,tich_hop,2.0,1.0,3.287877,2.4753633,8.599358,4.998649,3.7657144,7.375097,4.984961827596028,An toan,5.37982,4.984961827596028,D,An toan
SV1714,Hoàng Ngọc Bình,GDTC101,Giáo dục thể chất 1*,GDTC101_L01,thuc_hanh,0.0,1.0,8.537592,6.377079,6.9392643,5.876627,6.1078176,3.4058366,7.570644378662109,An toan,5.130094,7.570644378662109,B,An toan
SV1715,Phạm Thị Nam,GDTC101,Giáo dục thể chất 1*,GDTC101_L01,thuc_hanh,0.0,1.0,7.8843837,7.2593575,7.310227,5.433645,3.9598377,8.285126,2.9727654457092285,Nguy co rot mon,5.8928695,2.9727654457092285,F,Nguy co rot mon
SV1715,Phạm Thị Nam,GDQP102,Giáo dục quốc phòng*,GDQP102_L01,ly_thuyet,3.0,0.0,4.976195,3.1765969,1.8411329,3.4564018,3.0806966,4.906378,1.9676623344421387,Nguy co rot mon,0.0,1.9676623344421387,F,Nguy co rot mon
SV1715,Phạm Thị Nam,INT1002,Cơ sở dữ liệu,INT1002_L01,ly_thuyet,3.0,0.0,4.673789,5.236013,8.541701,9.549432,6.3165145,3.7989938,8.736371040344238,An toan,0.0,8.736371040344238,A,An toan
SV1715,Phạm Thị Nam,INT1001,Lập trình Python,INT1001_L01,tich_hop,2.0,1.0,7.825821,5.469283,3.9244783,5.4570956,9.051804,8.518054,6.385124206542969,An toan,7.6756516,6.385124206542969,C+,An toan
SV1716,Đỗ Thu Linh,INT1001,Lập trình Python,INT1001_L01,tich_hop,2.0,1.0,7.2402086,5.381976,6.524467,5.4469347,8.347447,6.9106674,6.555372714996338,An toan,6.9016833,6.555372714996338,C+,An toan
SV1716,Đỗ Thu Linh,GDTC101,Giáo dục thể chất 1*,GDTC101_L01,thuc_hanh,0.0,1.0,6.579572,2.9868145,8.468327,4.188823,8.441333,8.18207,9.037988662719727,An toan,6.9374084,9.037988662719727,A+,An toan
SV1717,Lê Ngọc Hùng,GDQP102,Giáo dục quốc phòng*,GDQP102_L01,ly_thuyet,3.0,0.0,2.5945828,7.6059036,3.7569492,8.843681,4.010177,3.3809872,5.855635166168213,An toan,0.0,5.855635166168213,C,An toan
SV1717,Lê Ngọc Hùng,GDTC101,Giáo dục thể chất 1*,GDTC101_L01,thuc_hanh,0.0,1.0,5.4637184,3.7195904,6.504668,8.335862,5.9331756,8.038254,2.5073680877685547,Nguy co rot mon,7.435764,2.5073680877685547,F,Nguy co rot mon
SV1717,Lê Ngọc Hùng,INT1003,Phát triển ứng dụng,INT1003_L01,tich_hop,2.0,1.5,4.790158,6.719189,3.2828348,4.006764,8.428003,7.1202335,5.611130033220563,An toan,6.5183334,5.611130033220563,C,An toan
SV1717,Lê Ngọc Hùng,INT1001,Lập trình Python,INT1001_L01,tich_hop,2.0,1.0,9.708418,7.7035503,6.2307277,9.0788765,9.153472,4.249872,7.751957257588704,Nguy co rot mon,7.494074,7.751957257588704,B,An toan
SV1718,Phan Văn Linh,INT1001,Lập trình Python,INT1001_L01,tich_hop,2.0,1.0,7.0308723,7.012914,6.727908,7.0362196,9.899968,5.727657,7.134137153625488,An toan,7.554615,7.134137153625488,B,An toan
SV1718,Phan Văn Linh,GDTC101,Giáo dục thể chất 1*,GDTC101_L01,thuc_hanh,0.0,1.0,4.8398733,5.4025397,8.046618,8.115796,3.0528686,4.049111,0.44350141286849976,Nguy co rot mon,5.072592,0.44350141286849976,F,Nguy co rot mon
SV1719,Vũ Thị Nam,INT1003,Phát triển ứng dụng,INT1003_L01,tich_hop,2.0,1.5,3.5945723,3.3789363,9.643443,3.5266855,8.275273,8.204549,6.0232062339782715,Nguy co rot mon,6.668836,6.0232062339782715,C+,An toan
SV1719,Vũ Thị Nam,GDQP102,Giáo dục quốc phòng*,GDQP102_L01,ly_thuyet,3.0,0.0,3.6043859,6.4637275,9.037811,4.1100154,8.876034,8.107653,2.8005969524383545,Nguy co rot mon,0.0,2.8005969524383545,F,Nguy co rot mon
SV1720,Lê Đức Hùng,GDQP102,Giáo dục quốc phòng*,GDQP102_L01,ly_thuyet,3.0,0.0,5.9498687,2.7555683,7.8191285,3.8835166,5.0393186,8.824983,7.525383949279785,An toan,0.0,7.525383949279785,B,An toan
SV1720,Lê Đức Hùng,GDTC101,Giáo dục thể chất 1*,GDTC101_L01,thuc_hanh,0.0,1.0,7.4713755,8.744386,9.611933,8.216279,9.16333,3.621685,0.6853863000869751,Nguy co rot mon,7.000431,0.6853863000869751,F,Nguy co rot mon
SV1720,Lê Đức Hùng,INT1001,Lập trình Python,INT1001_L01,tich_hop,2.0,1.0,6.35507,5.8074245,2.6559274,7.287019,6.6440306,3.4718766,5.2266411781311035,An toan,5.8009753,5.2266411781311035,D+,An toan
SV1720,Lê Đức Hùng,INT1003,Phát triển ứng dụng,INT1003_L01,tich_hop,2.0,1.5,5.1493773,8.037658,4.277662,5.2696548,6.817295,4.9918804,5.766441890171596,An toan,5.6929436,5.766441890171596,C,An toan
SV1721,Phan Ngọc Nam,GDTC101,Giáo dục thể chất 1*,GDTC101_L01,thuc_hanh,0.0,1.0,2.1172922,8.314609,8.4354725,6.25825,9.259909,8.401114,5.356685161590576,An toan,7.973091,5.356685161590576,D+,An toan
SV1721,Phan Ngọc Nam,INT1002,Cơ sở dữ liệu,INT1002_L01,ly_thuyet,3.0,0.0,5.906297,4.7116003,5.8748198,3.1523829,6.949802,3.047312,6.061258316040039,An toan,0.0,6.061258316040039,C+,An toan
SV1722,Nguyễn Hoàng Bình,INT1001,Lập trình Python,INT1001_L01,tich_hop,2.0,1.0,4.292782,4.2551675,4.0193534,3.3474658,5.3819485,9.607564,4.830175876617432,An toan,6.112326,4.830175876617432,D,An toan
SV1722,Nguyễn Hoàng Bình,INT1002,Cơ sở dữ liệu,INT1002_L01,ly_thuyet,3.0,0.0,4.1822667,5.870967,2.8540497,6.44636,7.0770082,5.233932,5.578151226043701,An toan,0.0,5.578151226043701,C,An toan
SV1722,Nguyễn Hoàng Bình,GDQP102,Giáo dục quốc phòng*,GDQP102_L01,ly_thuyet,3.0,0.0,5.729995,4.6273518,8.810035,8.08047,3.9240541,4.77736,5.900430679321289,An toan,0.0,5.900430679321289,C,An toan
SV1722,Nguyễn Hoàng Bình,INT1003,Phát triển ứng dụng,INT1003_L01,tich_hop,2.0,1.5,8.505993,4.4970965,5.0657763,9.685688,8.017504,4.390533,6.597935199737549,Nguy co rot mon,7.364575,6.597935199737549,C+,An toan
SV1723,Đặng Thảo Trang,INT1001,Lập trình Python,INT1001_L01,tich_hop,2.0,1.0,7.1261,4.083256,1.39296,9.238476,6.837953,6.023731,5.256087938944499,Nguy co rot mon,7.36672,5.256087938944499,D+,An toan
SV1723,Đặng Thảo Trang,INT1003,Phát triển ứng dụng,INT1003_L01,tich_hop,2.0,1.5,6.7389517,5.164136,3.3108864,3.0596077,4.14091,3.2362244,4.388863052640643,An toan,3.478914,4.388863052640643,D,An toan
SV1724,Đặng Ngọc Phương,INT1001,Lập trình Python,INT1001_L01,tich_hop,2.0,1.0,5.6644597,7.0587387,5.6634784,9.591934,5.785569,6.7667413,6.54639991124471,An toan,7.381415,6.54639991124471,C+,An toan
SV1724,Đặng Ngọc Phương,GDQP102,Giáo dục quốc phòng*,GDQP102_L01,ly_thuyet,3.0,0.0,7.440775,3.5474432,9.550524,9.5873,5.405654,9.171355,5.600270748138428,An toan,0.0,5.600270748138428,C,An toan
SV1724,Đặng Ngọc Phương,GDTC101,Giáo dục thể chất 1*,GDTC101_L01,thuc_hanh,0.0,1.0,4.67354,9.22529,1.6715254,8.426431,5.3705554,8.998128,2.4805827140808105,Nguy co rot mon,7.598371,2.4805827140808105,F,Nguy co rot mon
SV1725,Bùi Đức Chinh,GDQP102,Giáo dục quốc phòng*,GDQP102_L01,ly_thuyet,3.0,0.0,7.634905,7.6214457,2.9575994,6.9166465,6.9685035,3.9518638,1.0527292490005493,Nguy co rot mon,0.0,1.0527292490005493,F,Nguy co rot mon
SV1725,Bùi Đức Chinh,INT1001,Lập trình Python,INT1001_L01,tich_hop,2.0,1.0,8.095702,9.483467,8.974632,6.7282505,7.503412,4.056637,7.932878494262695,Nguy co rot mon,6.0961,7.932878494262695,B,An toan
SV1725,Bùi Đức Chinh,INT1003,Phát triển ứng dụng,INT1003_L01,tich_hop,2.0,1.5,9.376251,9.9789095,1.8527724,8.006607,6.2993507,8.328149,7.273049831390381,An toan,7.544702,7.273049831390381,B,An toan
SV1726,Trần Văn Hùng,INT1002,Cơ sở dữ liệu,INT1002_L01,ly_thuyet,3.0,0.0,7.7981663,5.9525313,9.855024,7.1612062,7.101037,4.259541,7.909948825836182,An toan,0.0,7.909948825836182,B,An toan
SV1726,Trần Văn Hùng,INT1003,Phát triển ứng dụng,INT1003_L01,tich_hop,2.0,1.5,3.0995545,7.4626193,3.6706748,6.970705,8.639208,9.38207,6.2813021796090265,Nguy co rot mon,8.330661,6.2813021796090265,C+,An toan
SV1727,Phan Thị Vy,INT1003,Phát triển ứng dụng,INT1003_L01,tich_hop,2.0,1.5,9.564231,4.0383596,1.6243662,5.527292,5.3079076,4.5450926,5.097557135990688,Nguy co rot mon,5.126764,5.097557135990688,D+,An toan
SV1727,Phan Thị Vy,INT1002,Cơ sở dữ liệu,INT1002_L01,ly_thuyet,3.0,0.0,2.1503832,7.6645126,1.2813472,3.0170157,9.308545,4.4732056,8.073694229125977,An toan,0.0,8.073694229125977,B+,An toan
SV1727,Phan Thị Vy,INT1001,Lập trình Python,INT1001_L01,tich_hop,2.0,1.0,6.539708,6.2876577,4.221205,6.024067,7.132459,5.9963183,5.916665236155192,An toan,6.3842816,5.916665236155192,C,An toan
SV1728,Nguyễn Đức Đức,GDQP102,Giáo dục quốc phòng*,GDQP102_L01,ly_thuyet,3.0,0.0,9.672392,8.931089,6.6226053,8.252228,6.368103,3.1417792,3.116231918334961,Nguy co rot mon,0.0,3.116231918334961,F,Nguy co rot mon
SV1728,Nguyễn Đức Đức,INT1002,Cơ sở dữ liệu,INT1002_L01,ly_thuyet,3.0,0.0,7.6073985,6.4829793,5.16562,5.4498215,7.7030935,7.345367,6.5060505867004395,An toan,0.0,6.5060505867004395,C+,An toan
SV1728,Nguyễn Đức Đức,INT1001,Lập trình Python,INT1001_L01,tich_hop,2.0,1.0,8.88371,5.7129116,7.363276,6.6369376,4.7363534,4.5408626,6.648216565450032,An toan,5.304718,6.648216565450032,C+,An toan
SV1729,Bùi Thu Anh,GDQP102,Giáo dục quốc phòng*,GDQP102_L01,ly_thuyet,3.0,0.0,6.0646796,8.821297,6.821419,6.712305,7.862412,5.7996445,1.1422308683395386,Nguy co rot mon,0.0,1.1422308683395386,F,Nguy co rot mon
SV1729,Bùi Thu Anh,INT1002,Cơ sở dữ liệu,INT1002_L01,ly_thuyet,3.0,0.0,5.2211895,9.569764,9.382884,4.5028043,7.508829,9.629791,0.7908517718315125,Nguy co rot mon,0.0,0.7908517718315125,F,Nguy co rot mon
SV1730,Vũ Hoàng Linh,INT1001,Lập trình Python,INT1001_L01,tich_hop,2.0,1.0,9.591631,5.135394,7.452664,5.005791,6.46543,6.127688,6.8842542966206866,Nguy co rot mon,5.866303,6.8842542966206866,C+,An toan
SV1730,Vũ Hoàng Linh,GDTC101,Giáo dục thể chất 1*,GDTC101_L01,thuc_hanh,0.0,1.0,5.3783627,9.665061,9.37346,9.072333,4.3441987,4.5857162,6.881505966186523,An toan,6.0007496,6.881505966186523,C+,An toan
SV1730,Vũ Hoàng Linh,INT1003,Phát triển ứng dụng,INT1003_L01,tich_hop,2.0,1.5,3.1676588,3.1640375,1.9258169,7.915668,8.999936,5.8593497,4.826424530574253,Nguy co rot mon,7.5916514,4.826424530574253,D,An toan
SV1731,Phan Đức Hùng,GDQP102,Giáo dục quốc phòng*,GDQP102_L01,ly_thuyet,3.0,0.0,7.1743913,7.979364,5.08463,6.519997,9.679001,4.301096,3.7912774085998535,Nguy co rot mon,0.0,3.7912774085998535,F,Nguy co rot mon
SV1731,Phan Đức Hùng,INT1002,Cơ sở dữ liệu,INT1002_L01,ly_thuyet,3.0,0.0,5.1972156,2.9778137,1.3234311,8.756758,9.446969,5.3058524,0.9374229311943054,Nguy co rot mon,0.0,0.9374229311943054,F,Nguy co rot mon
SV1731,Phan Đức Hùng,INT1003,Phát triển ứng dụng,INT1003_L01,tich_hop,2.0,1.5,4.080912,4.171435,9.41296,7.754833,8.372847,7.9486604,6.80429744720459,Nguy co rot mon,8.025447,6.80429744720459,C+,An toan
SV1732,Bùi Minh Linh,INT1003,Phát triển ứng dụng,INT1003_L01,tich_hop,2.0,1.5,8.679142,9.104503,6.9889565,9.706522,5.8887672,8.897746,8.217595781598773,An toan,8.164345,8.217595781598773,B+,An toan
SV1732,Bùi Minh Linh,GDQP102,Giáo dục quốc phòng*,GDQP102_L01,ly_thuyet,3.0,0.0,8.352271,6.5369186,6.624531,4.6939626,9.246307,4.989399,4.917524337768555,An toan,0.0,4.917524337768555,D,An toan
SV1733,Phạm Minh Anh,INT1001,Lập trình Python,INT1001_L01,tich_hop,2.0,1.0,6.6372604,9.162499,5.1523504,3.8049548,6.8691106,3.415849,6.221570650736491,An toan,4.696638,6.221570650736491,C+,An toan
SV1733,Phạm Minh Anh,INT1002,Cơ sở dữ liệu,INT1002_L01,ly_thuyet,3.0,0.0,5.1036468,5.9758964,4.912153,3.101515,5.3497906,5.1564574,7.749486446380615,An toan,0.0,7.749486446380615,B,An toan
SV1733,Phạm Minh Anh,GDTC101,Giáo dục thể chất 1*,GDTC101_L01,thuc_hanh,0.0,1.0,2.0864775,4.486247,8.076153,8.996183,7.302625,7.8327312,8.509687423706055,An toan,8.043847,8.509687423706055,A,An toan
SV1734,Đặng Văn Bình,INT1002,Cơ sở dữ liệu,INT1002_L01,ly_thuyet,3.0,0.0,4.371205,3.365954,2.7839181,3.9111578,6.4118223,7.3500404,8.543560981750488,An toan,0.0,8.543560981750488,A,An toan
SV1734,Đặng Văn Bình,GDTC101,Giáo dục thể chất 1*,GDTC101_L01,thuc_hanh,0.0,1.0,6.8166456,3.4827516,4.3852844,7.1042967,4.501876,4.7655272,4.108573913574219,An toan,5.4572334,4.108573913574219,D,An toan
SV1735,Hoàng Hải Linh,GDTC101,Giáo dục thể chất 1*,GDTC101_L01,thuc_hanh,0.0,1.0,2.7041845,3.0194728,2.8393102,5.887266,4.406244,7.0481734,2.1008028984069824,Nguy co rot mon,5.7805614,2.1008028984069824,F,Nguy co rot mon
SV1735,Hoàng Hải Linh,INT1001,Lập trình Python,INT1001_L01,tich_hop,2.0,1.0,8.333302,2.6272945,3.4885306,5.1999197,5.683157,6.537744,5.1465638478597,Nguy co rot mon,5.80694,5.1465638478597,D+,An toan
SV1735,Hoàng Hải Linh,INT1003,Phát triển ứng dụng,INT1003_L01,tich_hop,2.0,1.5,5.6356177,4.113044,7.8648877,9.59945,8.915487,6.879166,6.9826909473964145,An toan,8.464702,6.9826909473964145,C+,An toan
SV1735,Hoàng Hải Linh,GDQP102,Giáo dục quốc phòng*,GDQP102_L01,ly_thuyet,3.0,0.0,3.6574519,3.505784,4.7648892,6.7817864,6.731504,6.4660783,5.656693458557129,An toan,0.0,5.656693458557129,C,An toan
SV1736,Phạm Thị Vy,INT1003,Phát triển ứng dụng,INT1003_L01,tich_hop,2.0,1.5,2.3152118,4.411622,7.9750605,9.31219,7.514434,6.687447,6.1595138141087125,An toan,7.8380237,6.1595138141087125,C+,An toan
SV1736,Phạm Thị Vy,INT1001,Lập trình Python,INT1001_L01,tich_hop,2.0,1.0,6.489918,6.07441,1.2073102,3.513124,4.503658,5.4509783,4.556781927744548,Nguy co rot mon,4.4892535,4.556781927744548,D,An toan
SV1736,Phạm Thị Vy,INT1002,Cơ sở dữ liệu,INT1002_L01,ly_thuyet,3.0,0.0,2.9258916,3.683637,5.690981,5.697381,3.5502117,6.0561085,2.0184247493743896,Nguy co rot mon,0.0,2.0184247493743896,F,Nguy co rot mon
SV1736,Phạm Thị Vy,GDTC101,Giáo dục thể chất 1*,GDTC101_L01,thuc_hanh,0.0,1.0,2.3774562,3.9729612,1.2992448,9.403575,6.9086018,5.22003,3.762171745300293,Nguy co rot mon,7.177402,3.762171745300293,F,Nguy co rot mon
SV1737,Nguyễn Thị Linh,GDQP102,Giáo dục quốc phòng*,GDQP102_L01,ly_thuyet,3.0,0.0,9.159308,3.3371296,6.142815,7.174934,3.5228374,5.7083535,8.974472045898438,An toan,0.0,8.974472045898438,A,An toan
SV1737,Nguyễn Thị Linh,INT1003,Phát triển ứng dụng,INT1003_L01,tich_hop,2.0,1.5,5.262787,9.835696,8.484409,6.4488688,5.447068,7.153209,7.213286331721714,Nguy co rot mon,6.3497157,7.213286331721714,B,An toan
SV1738,Lê Ngọc Trang,INT1001,Lập trình Python,INT1001_L01,tich_hop,2.0,1.0,5.1349597,6.315492,6.892011,3.4962962,6.5104876,8.917743,6.178828080495198,Nguy co rot mon,6.3081756,6.178828080495198,C+,An toan
SV1738,Lê Ngọc Trang,GDQP102,Giáo dục quốc phòng*,GDQP102_L01,ly_thuyet,3.0,0.0,7.053146,9.239274,8.0028105,3.0546248,9.875632,4.5021014,2.28780460357666,Nguy co rot mon,0.0,2.28780460357666,F,Nguy co rot mon
SV1738,Lê Ngọc Trang,INT1003,Phát triển ứng dụng,INT1003_L01,tich_hop,2.0,1.5,2.9533544,7.5310755,9.082147,9.610899,6.259284,8.735409,7.24205139705113,Nguy co rot mon,8.201863,7.24205139705113,B,An toan
SV1739,Đỗ Tuấn Nam,INT1003,Phát triển ứng dụng,INT1003_L01,tich_hop,2.0,1.5,4.6379313,6.828989,1.082507,7.509568,5.608479,4.730802,4.940203053610666,Nguy co rot mon,5.949617,4.940203053610666,D,An toan
SV1739,Đỗ Tuấn Nam,INT1002,Cơ sở dữ liệu,INT1002_L01,ly_thuyet,3.0,0.0,6.4762683,7.1825237,2.0564034,8.597465,4.7852077,9.165221,6.471952438354492,An toan,0.0,6.471952438354492,C+,An toan
SV1739,Đỗ Tuấn Nam,GDTC101,Giáo dục thể chất 1*,GDTC101_L01,thuc_hanh,0.0,1.0,8.117593,2.7798944,9.2336855,5.9512434,3.496419,5.5610747,6.904999732971191,An toan,5.0029125,6.904999732971191,C+,An toan
SV1740,Vũ Thị Phương,GDTC101,Giáo dục thể chất 1*,GDTC101_L01,thuc_hanh,0.0,1.0,8.286166,4.402701,5.106445,9.732424,6.5817027,9.5750675,0.17611151933670044,Nguy co rot mon,8.629731,0.17611151933670044,F,Nguy co rot mon
SV1740,Vũ Thị Phương,INT1001,Lập trình Python,INT1001_L01,tich_hop,2.0,1.0,8.430699,3.4838164,7.819518,4.105353,7.849977,3.863727,6.143013795216878,Nguy co rot mon,5.2730193,6.143013795216878,C+,An toan
SV1740,Vũ Thị Phương,GDQP102,Giáo dục quốc phòng*,GDQP102_L01,ly_thuyet,3.0,0.0,6.7750335,3.1101794,5.3011327,7.3059635,7.294293,3.0924294,8.353057861328125,An toan,0.0,8.353057861328125,B+,An toan
SV1740,Vũ Thị Phương,INT1003,Phát triển ứng dụng,INT1003_L01,tich_hop,2.0,1.5,5.659291,8.699971,1.4322171,6.723355,7.9823723,9.120501,6.4116475241524835,An toan,7.9420757,6.4116475241524835,C+,An toan
SV1741,Lê Đức Chinh,GDTC101,Giáo dục thể chất 1*,GDTC101_L01,thuc_hanh,0.0,1.0,4.4743047,2.493694,5.879264,3.0849895,8.385837,3.5060978,8.879907608032227,An toan,4.992308,8.879907608032227,A,An toan
SV1741,Lê Đức Chinh,INT1002,Cơ sở dữ liệu,INT1002_L01,ly_thuyet,3.0,0.0,6.9406414,8.809176,6.2705054,8.526956,5.253808,7.0202265,2.29653263092041,Nguy co rot mon,0.0,2.29653263092041,F,Nguy co rot mon
SV1741,Lê Đức Chinh,GDQP102,Giáo dục quốc phòng*,GDQP102_L01,ly_thuyet,3.0,0.0,6.59466,4.9385824,3.2838933,4.8740973,3.9490156,4.439589,7.00029182434082,An toan,0.0,7.00029182434082,B,An toan
SV1742,Hoàng Hải An,GDTC101,Giáo dục thể chất 1*,GDTC101_L01,thuc_hanh,0.0,1.0,7.5584006,7.9370866,6.208037,3.7356865,3.9761767,8.093855,0.36802467703819275,Nguy co rot mon,5.268573,0.36802467703819275,F,Nguy co rot mon
SV1742,Hoàng Hải An,INT1001,Lập trình Python,INT1001_L01,tich_hop,2.0,1.0,8.048422,2.3957837,9.415352,7.498441,3.8171728,5.202847,6.248619556427002,Nguy co rot mon,5.5061536,6.248619556427002,C+,An toan
SV1743,Bùi Thu Chinh,INT1003,Phát triển ứng dụng,INT1003_L01,tich_hop,2.0,1.5,2.3272913,4.8907256,2.2290182,8.539186,8.071215,7.3180313,5.217782769884382,An toan,7.9761443,5.217782769884382,D+,An toan
SV1743,Bùi Thu Chinh,GDTC101,Giáo dục thể chất 1*,GDTC101_L01,thuc_hanh,0.0,1.0,2.6942973,4.2646475,8.685922,6.0650535,5.4379463,3.1065736,6.158112049102783,An toan,4.869858,6.158112049102783,C+,An toan
SV1743,Bùi Thu Chinh,INT1002,Cơ sở dữ liệu,INT1002_L01,ly_thuyet,3.0,0.0,5.194616,8.112283,6.624743,4.527767,7.430816,9.586244,6.026939868927002,An toan,0.0,6.026939868927002,C+,An toan
SV1744,Lê Hải Nam,INT1001,Lập trình Python,INT1001_L01,tich_hop,2.0,1.0,2.7781951,3.7376988,5.7113113,6.899772,3.096294,6.2836976,4.52601941426595,An toan,5.426588,4.52601941426595,D,An toan
SV1744,Lê Hải Nam,GDQP102,Giáo dục quốc phòng*,GDQP102_L01,ly_thuyet,3.0,0.0,3.3702285,5.0028396,9.356248,7.4235034,7.924315,4.5879292,3.945763111114502,Nguy co rot mon,0.0,3.945763111114502,F,Nguy co rot mon
SV1744,Lê Hải Nam,GDTC101,Giáo dục thể chất 1*,GDTC101_L01,thuc_hanh,0.0,1.0,7.9569163,5.7787747,2.2866116,7.9363875,4.2468276,9.531281,6.887341022491455,An toan,7.2381654,6.887341022491455,C+,An toan
SV1745,Trần Thị Đức,INT1002,Cơ sở dữ liệu,INT1002_L01,ly_thuyet,3.0,0.0,8.35489,4.508346,9.980235,7.5765953,7.051077,3.7129023,6.905462265014648,An toan,0.0,6.905462265014648,C+,An toan
SV1745,Trần Thị Đức,INT1001,Lập trình Python,INT1001_L01,tich_hop,2.0,1.0,8.238484,2.728834,2.9590566,9.910697,9.929219,8.637744,6.258934656778972,An toan,9.492554,6.258934656778972,C+,An toan
SV1746,Hoàng Ngọc Chinh,INT1001,Lập trình Python,INT1001_L01,tich_hop,2.0,1.0,7.0019116,8.772715,1.8705101,6.1592,9.647522,7.0891957,6.465132236480713,An toan,7.631973,6.465132236480713,C+,An toan
SV1746,Hoàng Ngọc Chinh,GDTC101,Giáo dục thể chất 1*,GDTC101_L01,thuc_hanh,0.0,1.0,9.460696,3.5478432,4.444171,4.1761594,6.6381373,5.030944,5.901915550231934,An toan,5.281747,5.901915550231934,C,An toan
SV1747,Phan Tuấn Trang,INT1002,Cơ sở dữ liệu,INT1002_L01,ly_thuyet,3.0,0.0,6.6791844,5.062632,5.2043715,8.046043,5.5068693,3.8315806,2.432295560836792,Nguy co rot mon,0.0,2.432295560836792,F,Nguy co rot mon
SV1747,Phan Tuấn Trang,INT1001,Lập trình Python,INT1001_L01,tich_hop,2.0,1.0,6.679761,3.686178,8.373515,7.289154,4.712315,9.029519,6.501099427541097,An toan,7.010329,6.501099427541097,C+,An toan
SV1748,Lê Hải Bình,INT1003,Phát triển ứng dụng,INT1003_L01,tich_hop,2.0,1.5,9.217377,7.1924376,1.8377105,4.8611627,6.809466,3.792172,5.6846906798226495,Nguy co rot mon,5.154267,5.6846906798226495,C,An toan
SV1748,Lê Hải Bình,INT1002,Cơ sở dữ liệu,INT1002_L01,ly_thuyet,3.0,0.0,5.1767783,7.1375914,4.5183215,3.9462724,5.7442746,8.44604,9.602584838867188,An toan,0.0,9.602584838867188,A+,An toan
SV1748,Lê Hải Bình,GDTC101,Giáo dục thể chất 1*,GDTC101_L01,thuc_hanh,0.0,1.0,9.246326,2.661823,7.8447623,7.856714,3.8048198,7.9559927,0.7659964561462402,Nguy co rot mon,6.5391755,0.7659964561462402,F,Nguy co rot mon
SV1748,Lê Hải Bình,GDQP102,Giáo dục quốc phòng*,GDQP102_L01,ly_thuyet,3.0,0.0,9.511047,4.099141,9.759048,9.905282,8.949401,8.886507,3.01003360748291,Nguy co rot mon,0.0,3.01003360748291,F,Nguy co rot mon
SV1749,Đặng Ngọc Linh,GDQP102,Giáo dục quốc phòng*,GDQP102_L01,ly_thuyet,3.0,0.0,3.4095433,5.9654627,2.611237,4.8575196,4.161425,9.694979,6.687710762023926,An toan,0.0,6.687710762023926,C+,An toan
SV1749,Đặng Ngọc Linh,INT1001,Lập trình Python,INT1001_L01,tich_hop,2.0,1.0,7.6532354,6.7528615,8.27332,7.7990637,5.517878,8.782207,7.4953311284383135,Nguy co rot mon,7.3663826,7.4953311284383135,B,An toan
SV1749,Đặng Ngọc Linh,GDTC101,Giáo dục thể chất 1*,GDTC101_L01,thuc_hanh,0.0,1.0,9.268309,7.726329,4.7332,9.231553,3.8836257,6.0796366,4.316671848297119,An toan,6.398272,4.316671848297119,D,An toan
SV1750,Hoàng Văn Hùng,GDQP102,Giáo dục quốc phòng*,GDQP102_L01,ly_thuyet,3.0,0.0,7.12212,3.409024,4.5689473,3.101995,3.0235453,6.755186,0.20757129788398743,Nguy co rot mon,0.0,0.20757129788398743,F,Nguy co rot mon
SV1750,Hoàng Văn Hùng,INT1003,Phát triển ứng dụng,INT1003_L01,tich_hop,2.0,1.5,9.551919,8.970901,3.6910634,3.3202062,3.7596273,5.1052895,5.971947601863316,An toan,4.061708,5.971947601863316,C,An toan
SV1751,Nguyễn Hải Trang,GDTC101,Giáo dục thể chất 1*,GDTC101_L01,thuc_hanh,0.0,1.0,3.5211465,7.9335775,3.438343,9.74609,7.7650647,6.200013,5.854301929473877,An toan,7.9037223,5.854301929473877,C,An toan
SV1751,Nguyễn Hải Trang,INT1001,Lập trình Python,INT1001_L01,tich_hop,2.0,1.0,2.2244835,3.666063,8.759003,9.757323,8.901919,9.510627,6.385440826416016,An toan,9.389956,6.385440826416016,C+,An toan
SV1752,Phạm Minh An,GDTC101,Giáo dục thể chất 1*,GDTC101_L01,thuc_hanh,0.0,1.0,9.896527,9.604756,8.160973,7.46804,8.579873,5.6931643,6.784059047698975,An toan,7.247026,6.784059047698975,C+,An toan
SV1752,Phạm Minh An,INT1001,Lập trình Python,INT1001_L01,tich_hop,2.0,1.0,9.050536,2.3530328,5.470089,7.4606876,4.372595,9.728535,6.145459016164144,An toan,7.1872725,6.145459016164144,C+,An toan
SV1753,Lê Minh Đức,INT1002,Cơ sở dữ liệu,INT1002_L01,ly_thuyet,3.0,0.0,4.0666347,3.6537201,4.7986536,4.4335184,8.347561,8.597993,9.66336727142334,An toan,0.0,9.66336727142334,A+,An toan
SV1753,Lê Minh Đức,GDTC101,Giáo dục thể chất 1*,GDTC101_L01,thuc_hanh,0.0,1.0,7.289484,4.586857,1.4670633,8.339169,3.1583695,3.2438784,9.496026992797852,An toan,4.9138055,9.496026992797852,A+,An toan
SV1754,Bùi Hoàng Hùng,INT1003,Phát triển ứng dụng,INT1003_L01,tich_hop,2.0,1.5,9.822351,4.282435,9.725452,8.43651,4.9718595,8.797364,7.7113406998770575,An toan,7.4019113,7.7113406998770575,B,An toan
SV1754,Bùi Hoàng Hùng,GDTC101,Giáo dục thể chất 1*,GDTC101_L01,thuc_hanh,0.0,1.0,8.939272,4.7445493,2.9196527,5.7242575,6.397492,7.3833594,1.3490787744522095,Nguy co rot mon,6.5017033,1.3490787744522095,F,Nguy co rot mon
SV1754,Bùi Hoàng Hùng,GDQP102,Giáo dục quốc phòng*,GDQP102_L01,ly_thuyet,3.0,0.0,6.222287,2.292749,8.669389,6.773326,9.611268,3.0904677,0.6430306434631348,Nguy co rot mon,0.0,0.6430306434631348,F,Nguy co rot mon
SV1754,Bùi Hoàng Hùng,INT1001,Lập trình Python,INT1001_L01,tich_hop,2.0,1.0,6.5169683,9.341627,6.260934,3.0737097,6.559619,7.3832917,6.806186676025391,An toan,5.672207,6.806186676025391,C+,An toan
SV1755,Trần Thị Nam,INT1002,Cơ sở dữ liệu,INT1002_L01,ly_thuyet,3.0,0.0,6.5956216,6.477843,4.680908,4.94396,5.4606,6.831703,1.810344934463501,Nguy co rot mon,0.0,1.810344934463501,F,Nguy co rot mon
SV1755,Trần Thị Nam,INT1001,Lập trình Python,INT1001_L01,tich_hop,2.0,1.0,5.440036,9.581513,8.157261,7.2531447,5.084942,9.809515,7.611691474914551,An toan,7.382534,7.611691474914551,B,An toan
SV1755,Trần Thị Nam,INT1003,Phát triển ứng dụng,INT1003_L01,tich_hop,2.0,1.5,8.022794,8.554402,5.220234,7.081624,3.6816518,6.461292,6.612543855394636,Nguy co rot mon,5.7415223,6.612543855394636,C+,An toan
SV1755,Trần Thị Nam,GDTC101,Giáo dục thể chất 1*,GDTC101_L01,thuc_hanh,0.0,1.0,5.521818,4.10255,8.739155,5.035561,5.646853,3.1946926,9.377095222473145,An toan,4.6257024,9.377095222473145,A+,An toan
SV1756,Vũ Hải Anh,INT1001,Lập trình Python,INT1001_L01,tich_hop,2.0,1.0,6.934002,5.122483,3.242469,4.1050854,5.878711,5.0224323,5.067126115163167,An toan,5.0020766,5.067126115163167,D+,An toan
SV1756,Vũ Hải Anh,GDQP102,Giáo dục quốc phòng*,GDQP102_L01,ly_thuyet,3.0,0.0,2.1690547,3.1424294,6.529058,7.7484097,5.9946465,7.3610315,8.923148155212402,An toan,0.0,8.923148155212402,A,An toan
SV1756,Vũ Hải Anh,INT1003,Phát triển ứng dụng,INT1003_L01,tich_hop,2.0,1.5,7.1372504,2.992506,5.4185805,3.9997704,5.470529,6.7328815,5.276328427450998,An toan,5.4010606,5.276328427450998,D+,An toan
SV1757,Hoàng Hoàng Nam,GDQP102,Giáo dục quốc phòng*,GDQP102_L01,ly_thuyet,3.0,0.0,9.348658,2.7365453,2.9360476,6.8689475,5.881073,6.986968,6.871542930603027,An toan,0.0,6.871542930603027,C+,An toan
SV1757,Hoàng Hoàng Nam,INT1001,Lập trình Python,INT1001_L01,tich_hop,2.0,1.0,6.1746664,6.514796,5.4646816,6.3502383,3.8761156,3.2359788,5.530069192250569,Nguy co rot mon,4.4874444,5.530069192250569,C,An toan
SV1757,Hoàng Hoàng Nam,INT1002,Cơ sở dữ liệu,INT1002_L01,ly_thuyet,3.0,0.0,9.15874,3.1756802,7.684265,4.533283,9.463098,3.8777752,9.839415550231934,An toan,0.0,9.839415550231934,A+,An toan
SV1757,Hoàng Hoàng Nam,INT1003,Phát triển ứng dụng,INT1003_L01,tich_hop,2.0,1.5,4.536684,9.094822,9.2930355,8.675457,9.638208,7.7228236,8.086077962602888,An toan,8.67883,8.086077962602888,B+,An toan
SV1758,Đặng Tuấn Phương,INT1002,Cơ sở dữ liệu,INT1002_L01,ly_thuyet,3.0,0.0,6.23663,2.0188792,8.818515,4.056332,8.9673815,4.7104573,2.2894065380096436,Nguy co rot mon,0.0,2.2894065380096436,F,Nguy co rot mon
SV1758,Đặng Tuấn Phương,INT1003,Phát triển ứng dụng,INT1003_L01,tich_hop,2.0,1.5,2.3800588,2.6520994,1.8513745,4.2224865,6.1405163,6.285878,3.6895605495997836,Nguy co rot mon,5.549627,3.6895605495997836,F,Nguy co rot mon
SV1758,Đặng Tuấn Phương,GDQP102,Giáo dục quốc phòng*,GDQP102_L01,ly_thuyet,3.0,0.0,6.6132355,6.6569204,8.076696,8.080144,5.3924356,4.8645973,6.42765474319458,An toan,0.0,6.42765474319458,C+,An toan
SV1759,Hoàng Thị Đức,INT1003,Phát triển ứng dụng,INT1003_L01,tich_hop,2.0,1.5,9.692339,9.842169,7.5014277,8.2934065,7.3697085,8.986534,8.671080316816058,Nguy co rot mon,8.21655,8.671080316816058,A,An toan
SV1759,Hoàng Thị Đức,GDTC101,Giáo dục thể chất 1*,GDTC101_L01,thuc_hanh,0.0,1.0,4.8386006,2.1614857,6.6069117,9.879403,5.388873,3.765252,5.127086639404297,An toan,6.344509,5.127086639404297,D+,An toan
SV1760,Vũ Hải Nam,INT1001,Lập trình Python,INT1001_L01,tich_hop,2.0,1.0,2.5959845,8.2779455,3.1926787,3.4320652,7.2638535,8.005336,5.203830242156982,An toan,6.233752,5.203830242156982,D+,An toan
SV1760,Vũ Hải Nam,GDQP102,Giáo dục quốc phòng*,GDQP102_L01,ly_thuyet,3.0,0.0,6.40027,4.9794793,4.086505,6.8516264,9.347238,8.033443,9.907155990600586,An toan,0.0,9.907155990600586,A+,An toan
SV1760,Vũ Hải Nam,INT1002,Cơ sở dữ liệu,INT1002_L01,ly_thuyet,3.0,0.0,7.927317,7.1364293,3.0498226,9.750718,7.887643,6.519289,1.5656453371047974,Nguy co rot mon,0.0,1.5656453371047974,F,Nguy co rot mon
SV1760,Vũ Hải Nam,INT1003,Phát triển ứng dụng,INT1003_L01,tich_hop,2.0,1.5,8.650281,4.366033,7.529828,7.3134217,5.2013526,6.225614,6.590749400002616,An toan,6.246796,6.590749400002616,C+,An toan
SV1761,Hoàng Tuấn Nam,INT1002,Cơ sở dữ liệu,INT1002_L01,ly_thuyet,3.0,0.0,7.594466,7.112875,9.684662,8.362011,7.061298,8.188161,7.736747741699219,An toan,0.0,7.736747741699219,B,An toan
SV1761,Hoàng Tuấn Nam,GDQP102,Giáo dục quốc phòng*,GDQP102_L01,ly_thuyet,3.0,0.0,6.747075,8.3587265,7.878076,7.29362,7.0212545,8.782794,3.3556504249572754,Nguy co rot mon,0.0,3.3556504249572754,F,Nguy co rot mon
SV1762,Vũ Tuấn Anh,INT1002,Cơ sở dữ liệu,INT1002_L01,ly_thuyet,3.0,0.0,3.123421,2.9905171,2.654382,8.65734,5.727725,7.725699,2.9722225666046143,Nguy co rot mon,0.0,2.9722225666046143,F,Nguy co rot mon
SV1762,Vũ Tuấn Anh,INT1003,Phát triển ứng dụng,INT1003_L01,tich_hop,2.0,1.5,4.173531,8.900292,9.427133,9.19238,7.2754517,9.577349,8.006636483328682,An toan,8.681726,8.006636483328682,B+,An toan
SV1762,Vũ Tuấn Anh,GDQP102,Giáo dục quốc phòng*,GDQP102_L01,ly_thuyet,3.0,0.0,9.820043,8.9429455,1.2584933,4.531205,7.469521,7.521109,7.904573917388916,An toan,0.0,7.904573917388916,B,An toan
SV1762,Vũ Tuấn Anh,INT1001,Lập trình Python,INT1001_L01,tich_hop,2.0,1.0,5.8713245,5.658328,4.302033,6.397204,6.3620024,7.95737,5.819994290669759,Nguy co rot mon,6.905525,5.819994290669759,C,An toan
SV1763,Bùi Hải Đức,GDQP102,Giáo dục quốc phòng*,GDQP102_L01,ly_thuyet,3.0,0.0,4.9669127,7.459154,2.9260392,5.385949,7.306433,6.115874,2.7435169219970703,Nguy co rot mon,0.0,2.7435169219970703,F,Nguy co rot mon
SV1763,Bùi Hải Đức,INT1002,Cơ sở dữ liệu,INT1002_L01,ly_thuyet,3.0,0.0,9.017371,5.035068,3.429561,7.0888333,7.3681993,4.1273046,8.743297576904297,An toan,0.0,8.743297576904297,A,An toan
SV1763,Bùi Hải Đức,GDTC101,Giáo dục thể chất 1*,GDTC101_L01,thuc_hanh,0.0,1.0,4.7381387,7.1831946,8.98071,7.1953506,6.6718707,6.725761,3.1232895851135254,Nguy co rot mon,6.864328,3.1232895851135254,F,Nguy co rot mon
SV1763,Bùi Hải Đức,INT1001,Lập trình Python,INT1001_L01,tich_hop,2.0,1.0,8.876385,3.5878015,8.8466425,7.2774034,7.7495155,7.7495394,7.266457398732503,An toan,7.592153,7.266457398732503,B,An toan
SV1764,Hoàng Hoàng Chinh,GDTC101,Giáo dục thể chất 1*,GDTC101_L01,thuc_hanh,0.0,1.0,5.674395,8.725492,2.673629,7.505668,6.243882,7.430942,5.518285274505615,An toan,7.060164,5.518285274505615,C,An toan
SV1764,Hoàng Hoàng Chinh,INT1002,Cơ sở dữ liệu,INT1002_L01,ly_thuyet,3.0,0.0,9.372597,8.951987,2.822621,9.806438,4.5330834,5.479171,4.944258213043213,An toan,0.0,4.944258213043213,D,An toan
SV1764,Hoàng Hoàng Chinh,INT1001,Lập trình Python,INT1001_L01,tich_hop,2.0,1.0,5.50057,2.26171,6.1273437,9.726702,8.24476,3.3286498,5.453262170155843,An toan,7.100037,5.453262170155843,D+,An toan
SV1765,Phạm Thảo Phương,INT1001,Lập trình Python,INT1001_L01,tich_hop,2.0,1.0,2.1776118,5.267815,1.2004479,4.703552,9.675029,7.5038795,4.352689901987712,Nguy co rot mon,7.294153,4.352689901987712,D,An toan
SV1765,Phạm Thảo Phương,GDTC101,Giáo dục thể chất 1*,GDTC101_L01,thuc_hanh,0.0,1.0,2.1238904,4.4088154,1.8496065,6.3912888,8.134702,3.2731304,9.969685554504395,An toan,5.9330406,9.969685554504395,A+,An toan
SV1765,Phạm Thảo Phương,INT1002,Cơ sở dữ liệu,INT1002_L01,ly_thuyet,3.0,0.0,3.1626732,4.0168047,6.445766,8.801489,5.777989,9.500074,6.014578819274902,An toan,0.0,6.014578819274902,C+,An toan
SV1766,Phạm Hải Phương,GDTC101,Giáo dục thể chất 1*,GDTC101_L01,thuc_hanh,0.0,1.0,8.473135,2.685573,3.427405,7.186504,6.0127068,4.1718025,1.4049822092056274,Nguy co rot mon,5.790338,1.4049822092056274,F,Nguy co rot mon
SV1766,Phạm Hải Phương,GDQP102,Giáo dục quốc phòng*,GDQP102_L01,ly_thuyet,3.0,0.0,6.892787,7.685002,1.0396146,6.8958335,5.8624177,6.523044,9.419354438781738,An toan,0.0,9.419354438781738,A+,An toan
SV1767,Phan Minh Trang,INT1002,Cơ sở dữ liệu,INT1002_L01,ly_thuyet,3.0,0.0,2.5404155,9.043597,3.9206836,8.225471,9.7528515,9.057504,0.026191869750618935,Nguy co rot mon,0.0,0.026191869750618935,F,Nguy co rot mon
SV1767,Phan Minh Trang,INT1003,Phát triển ứng dụng,INT1003_L01,tich_hop,2.0,1.5,3.6953294,7.9064612,4.65315,3.912417,5.754379,5.635912,5.282280240740095,An toan,5.1009026,5.282280240740095,D+,An toan
SV1768,Lê Minh Linh,INT1001,Lập trình Python,INT1001_L01,tich_hop,2.0,1.0,7.7542787,8.486249,9.326286,5.579285,9.633518,6.7510214,8.121939182281494,An toan,7.321275,8.121939182281494,B+,An toan
SV1768,Lê Minh Linh,GDTC101,Giáo dục thể chất 1*,GDTC101_L01,thuc_hanh,0.0,1.0,2.0911715,3.1660454,1.2432513,8.862223,7.004546,6.9310184,3.621192455291748,Nguy co rot mon,7.599262,3.621192455291748,F,Nguy co rot mon
SV1769,Hoàng Minh Phương,INT1001,Lập trình Python,INT1001_L01,tich_hop,2.0,1.0,6.592156,2.7532175,1.5856426,6.8175454,6.6399894,5.7869654,4.567392349243164,An toan,6.414833,4.567392349243164,D,An toan
SV1769,Hoàng Minh Phương,GDQP102,Giáo dục quốc phòng*,GDQP102_L01,ly_thuyet,3.0,0.0,9.189244,7.379034,4.2702556,9.439557,7.2696023,3.748082,6.137792110443115,An toan,0.0,6.137792110443115,C+,An toan
SV1769,Hoàng Minh Phương,GDTC101,Giáo dục thể chất 1*,GDTC101_L01,thuc_hanh,0.0,1.0,8.198612,6.7824445,5.594101,7.9576187,6.863812,6.9298844,4.305755615234375,An toan,7.250438,4.305755615234375,D,An toan
SV1770,Đỗ Đức Chinh,INT1001,Lập trình Python,INT1001_L01,tich_hop,2.0,1.0,5.499408,2.8766313,7.5492616,6.4012904,4.0677905,9.598373,5.768672943115234,Nguy co rot mon,6.689152,5.768672943115234,C,An toan
SV1770,Đỗ Đức Chinh,GDQP102,Giáo dục quốc phòng*,GDQP102_L01,ly_thuyet,3.0,0.0,3.2749293,5.1467905,9.503341,7.128431,4.669303,5.1466517,9.349603652954102,An toan,0.0,9.349603652954102,A+,An toan
SV1770,Đỗ Đức Chinh,INT1003,Phát triển ứng dụng,INT1003_L01,tich_hop,2.0,1.5,3.594245,5.844898,1.2397355,6.714829,5.245071,8.441501,4.948558058057513,An toan,6.800467,4.948558058057513,D,An toan
SV1770,Đỗ Đức Chinh,GDTC101,Giáo dục thể chất 1*,GDTC101_L01,thuc_hanh,0.0,1.0,7.81453,6.3527555,3.0119188,8.759406,7.4284678,9.769424,2.379970073699951,Nguy co rot mon,8.652432,2.379970073699951,F,Nguy co rot mon
SV1771,Lê Thu Chinh,GDQP102,Giáo dục quốc phòng*,GDQP102_L01,ly_thuyet,3.0,0.0,4.976171,3.8372667,4.4898534,5.123183,4.048808,4.445128,6.159830093383789,An toan,0.0,6.159830093383789,C+,An toan
SV1771,Lê Thu Chinh,INT1003,Phát triển ứng dụng,INT1003_L01,tich_hop,2.0,1.5,4.527081,9.776053,8.540759,3.9498293,6.670738,5.3167186,6.627973352159772,Nguy co rot mon,5.312429,6.627973352159772,C+,An toan
SV1771,Lê Thu Chinh,INT1001,Lập trình Python,INT1001_L01,tich_hop,2.0,1.0,7.3493357,9.947957,1.2072573,4.2744265,5.126071,3.6001422,5.556638081868489,An toan,4.3335466,5.556638081868489,C,An toan
SV1771,Lê Thu Chinh,INT1002,Cơ sở dữ liệu,INT1002_L01,ly_thuyet,3.0,0.0,7.435534,4.7780576,6.3255467,3.7687154,3.4718628,9.840535,5.347594261169434,An toan,0.0,5.347594261169434,D+,An toan
SV1772,Hoàng Văn Đức,INT1001,Lập trình Python,INT1001_L01,tich_hop,2.0,1.0,3.0640135,4.6782475,8.192798,4.028621,9.816304,4.157532,5.541396935780843,An toan,6.0008187,5.541396935780843,C,An toan
SV1772,Hoàng Văn Đức,GDQP102,Giáo dục quốc phòng*,GDQP102_L01,ly_thuyet,3.0,0.0,8.254405,2.9544399,3.276133,4.775739,4.5881987,3.6260648,8.003461837768555,An toan,0.0,8.003461837768555,B+,An toan
SV1772,Hoàng Văn Đức,INT1003,Phát triển ứng dụng,INT1003_L01,tich_hop,2.0,1.5,5.464186,6.5721993,8.424654,9.318134,7.2074366,3.6615818,6.781219686780657,An toan,6.72905,6.781219686780657,C+,An toan
SV1773,Vũ Hải Khoa,INT1003,Phát triển ứng dụng,INT1003_L01,tich_hop,2.0,1.5,8.351047,3.834084,9.094047,4.0217156,6.079214,9.043733,6.7881284441266745,An toan,6.3815536,6.7881284441266745,C+,An toan
SV1773,Vũ Hải Khoa,GDTC101,Giáo dục thể chất 1*,GDTC101_L01,thuc_hanh,0.0,1.0,5.7054195,7.523001,1.4938915,4.1708727,7.016733,4.3953705,3.3018531799316406,Nguy co rot mon,5.1943254,3.3018531799316406,F,Nguy co rot mon
SV1773,Vũ Hải Khoa,GDQP102,Giáo dục quốc phòng*,GDQP102_L01,ly_thuyet,3.0,0.0,7.8961377,9.159703,4.060555,8.600628,9.660898,4.4554377,1.1275092363357544,Nguy co rot mon,0.0,1.1275092363357544,F,Nguy co rot mon
SV1774,Đặng Hải Vy,GDQP102,Giáo dục quốc phòng*,GDQP102_L01,ly_thuyet,3.0,0.0,7.008214,6.83673,9.6053,6.986161,5.26074,9.821061,9.180475234985352,An toan,0.0,9.180475234985352,A+,An toan
SV1774,Đặng Hải Vy,INT1003,Phát triển ứng dụng,INT1003_L01,tich_hop,2.0,1.5,5.056598,6.8883204,7.220378,8.993998,9.562533,3.4724164,6.797524792807443,An toan,7.342982,6.797524792807443,C+,An toan
SV1774,Đặng Hải Vy,GDTC101,Giáo dục thể chất 1*,GDTC101_L01,thuc_hanh,0.0,1.0,7.994903,2.9303622,9.493804,5.4556623,8.87013,4.530355,3.0808145999908447,Nguy co rot mon,6.2853827,3.0808145999908447,F,Nguy co rot mon
SV1775,Đặng Tuấn Phương,INT1002,Cơ sở dữ liệu,INT1002_L01,ly_thuyet,3.0,0.0,3.6169262,7.7481174,4.724532,4.5334783,5.621972,9.016173,9.531315803527832,An toan,0.0,9.531315803527832,A+,An toan
SV1775,Đặng Tuấn Phương,GDTC101,Giáo dục thể chất 1*,GDTC101_L01,thuc_hanh,0.0,1.0,3.1625593,8.048368,9.177741,3.8831978,3.4988084,5.8772564,4.070587635040283,An toan,4.419754,4.070587635040283,D,An toan
SV1775,Đặng Tuấn Phương,GDQP102,Giáo dục quốc phòng*,GDQP102_L01,ly_thuyet,3.0,0.0,6.8771524,4.42317,7.3577275,5.3303485,7.781323,7.9303145,8.945878982543945,An toan,0.0,8.945878982543945,A,An toan
SV1776,Phạm Tuấn Nam,GDTC101,Giáo dục thể chất 1*,GDTC101_L01,thuc_hanh,0.0,1.0,6.2227063,5.4137235,8.319705,7.816206,8.213516,9.552981,8.388335227966309,An toan,8.527568,8.388335227966309,B+,An toan
SV1776,Phạm Tuấn Nam,GDQP102,Giáo dục quốc phòng*,GDQP102_L01,ly_thuyet,3.0,0.0,8.750889,2.1028464,4.248609,6.397544,3.6921685,8.004449,1.88226318359375,Nguy co rot mon,0.0,1.88226318359375,F,Nguy co rot mon
SV1777,Lê Thị Nam,GDTC101,Giáo dục thể chất 1*,GDTC101_L01,thuc_hanh,0.0,1.0,5.2791877,3.9679263,7.129012,5.8883977,5.4568257,4.159981,2.7737081050872803,Nguy co rot mon,5.1684012,2.7737081050872803,F,Nguy co rot mon
SV1777,Lê Thị Nam,INT1001,Lập trình Python,INT1001_L01,tich_hop,2.0,1.0,4.4191885,9.734561,7.9475527,3.9587104,8.413241,7.0629025,7.070829073588054,An toan,6.478285,7.070829073588054,B,An toan
SV1777,Lê Thị Nam,GDQP102,Giáo dục quốc phòng*,GDQP102_L01,ly_thuyet,3.0,0.0,9.572999,6.789095,5.318379,9.29608,8.385579,5.261515,2.281914234161377,Nguy co rot mon,0.0,2.281914234161377,F,Nguy co rot mon
SV1778,Phan Thu Anh,GDTC101,Giáo dục thể chất 1*,GDTC101_L01,thuc_hanh,0.0,1.0,5.9323883,5.6642833,4.7751565,6.336136,8.989152,8.811719,4.724486351013184,An toan,8.045669,4.724486351013184,D,An toan
SV1778,Phan Thu Anh,INT1002,Cơ sở dữ liệu,INT1002_L01,ly_thuyet,3.0,0.0,3.1617296,8.938986,8.497744,9.22883,7.424352,4.8072796,7.718379020690918,An toan,0.0,7.718379020690918,B,An toan
SV1779,Đặng Đức Linh,INT1001,Lập trình Python,INT1001_L01,tich_hop,2.0,1.0,6.878459,7.0587387,5.7060747,9.128055,3.7192624,5.407204,6.393451849619548,Nguy co rot mon,6.0848403,6.393451849619548,C+,An toan
SV1779,Đặng Đức Linh,GDTC101,Giáo dục thể chất 1*,GDTC101_L01,thuc_hanh,0.0,1.0,5.9305606,4.5960875,1.2396605,6.433821,7.20944,9.151348,0.9794341325759888,Nguy co rot mon,7.598203,0.9794341325759888,F,Nguy co rot mon
SV1779,Đặng Đức Linh,INT1002,Cơ sở dữ liệu,INT1002_L01,ly_thuyet,3.0,0.0,5.4204454,7.9934072,9.151883,5.2488103,7.1679125,3.9023232,9.41508674621582,An toan,0.0,9.41508674621582,A+,An toan
SV1780,Phạm Đức Vy,INT1001,Lập trình Python,INT1001_L01,tich_hop,2.0,1.0,8.63093,8.498388,6.9887233,4.2123766,7.3850856,8.86487,7.633157571156819,Nguy co rot mon,6.8207774,7.633157571156819,B,An toan
SV1780,Phạm Đức Vy,GDTC101,Giáo dục thể chất 1*,GDTC101_L01,thuc_hanh,0.0,1.0,5.8988724,4.376561,2.9372418,6.417775,8.073238,4.854332,6.388846397399902,An toan,6.448448,6.388846397399902,C+,An toan
SV1781,Đặng Thu Đức,GDTC101,Giáo dục thể chất 1*,GDTC101_L01,thuc_hanh,0.0,1.0,5.401396,9.078442,5.4483633,5.0267053,7.1775393,9.493607,2.9080395698547363,Nguy co rot mon,7.232617,2.9080395698547363,F,Nguy co rot mon
SV1781,Đặng Thu Đức,INT1002,Cơ sở dữ liệu,INT1002_L01,ly_thuyet,3.0,0.0,8.720633,7.2570267,8.294555,7.2180037,3.166656,4.101568,1.574159860610962,Nguy co rot mon,0.0,1.574159860610962,F,Nguy co rot mon
SV1781,Đặng Thu Đức,GDQP102,Giáo dục quốc phòng*,GDQP102_L01,ly_thuyet,3.0,0.0,5.838588,9.823427,4.2810802,4.43766,3.2797205,5.31113,2.8803017139434814,Nguy co rot mon,0.0,2.8803017139434814,F,Nguy co rot mon
SV1781,Đặng Thu Đức,INT1001,Lập trình Python,INT1001_L01,tich_hop,2.0,1.0,7.369112,6.397663,7.9099646,5.8298497,6.79305,5.251653,6.803114732106526,Nguy co rot mon,5.9581847,6.803114732106526,C+,An toan
SV1782,Trần Hoàng Phương,INT1002,Cơ sở dữ liệu,INT1002_L01,ly_thuyet,3.0,0.0,7.901668,8.438688,4.908903,4.463478,8.409518,5.524337,0.9132612943649292,Nguy co rot mon,0.0,0.9132612943649292,F,Nguy co rot mon
SV1782,Trần Hoàng Phương,INT1001,Lập trình Python,INT1001_L01,tich_hop,2.0,1.0,8.992472,8.177617,9.665441,3.5647748,9.318802,8.934154,8.387643019358316,An toan,7.272577,8.387643019358316,B+,An toan
SV1782,Trần Hoàng Phương,INT1003,Phát triển ứng dụng,INT1003_L01,tich_hop,2.0,1.5,7.6779547,3.831052,5.0423594,3.1094928,6.592533,7.7369614,5.6439249856131415,An toan,5.812996,5.6439249856131415,C,An toan
SV1782,Trần Hoàng Phương,GDQP102,Giáo dục quốc phòng*,GDQP102_L01,ly_thuyet,3.0,0.0,6.9839616,4.8398833,3.5546775,3.605957,3.1284878,8.463428,7.43496561050415,An toan,0.0,7.43496561050415,B,An toan
SV1783,Đỗ Đức Đức,GDTC101,Giáo dục thể chất 1*,GDTC101_L01,thuc_hanh,0.0,1.0,7.834683,5.747264,7.4385953,8.184852,4.1473165,4.9857693,9.212788581848145,An toan,5.772646,9.212788581848145,A+,An toan
SV1783,Đỗ Đức Đức,GDQP102,Giáo dục quốc phòng*,GDQP102_L01,ly_thuyet,3.0,0.0,9.919414,4.587495,8.438492,4.1415753,9.542964,8.096796,4.4733805656433105,An toan,0.0,4.4733805656433105,D,An toan
SV1784,Đặng Ngọc An,GDQP102,Giáo dục quốc phòng*,GDQP102_L01,ly_thuyet,3.0,0.0,5.1599765,2.7717152,6.2981524,9.286601,4.986982,9.91267,8.762357711791992,An toan,0.0,8.762357711791992,A,An toan
SV1784,Đặng Ngọc An,INT1001,Lập trình Python,INT1001_L01,tich_hop,2.0,1.0,3.9814827,3.6630232,2.8207421,8.919198,3.9784603,8.0418415,4.6522216796875,Nguy co rot mon,6.979833,4.6522216796875,D,An toan
SV1784,Đặng Ngọc An,INT1003,Phát triển ứng dụng,INT1003_L01,tich_hop,2.0,1.5,8.053331,9.214341,8.910873,7.624113,7.680962,9.862661,8.581780433654785,An toan,8.389245,8.581780433654785,A,An toan
SV1785,Đặng Minh Đức,INT1003,Phát triển ứng dụng,INT1003_L01,tich_hop,2.0,1.5,7.5648236,7.638274,5.428147,6.380741,8.713037,9.804203,7.486615180969238,An toan,8.299327,7.486615180969238,B,An toan
SV1785,Đặng Minh Đức,INT1001,Lập trình Python,INT1001_L01,tich_hop,2.0,1.0,4.032944,8.1768055,4.546221,7.1918497,5.25433,8.009942,5.996451536814372,An toan,6.818708,5.996451536814372,C,An toan
SV1785,Đặng Minh Đức,GDTC101,Giáo dục thể chất 1*,GDTC101_L01,thuc_hanh,0.0,1.0,9.710703,4.1022673,9.9024515,3.6007595,9.139607,8.168791,9.656388282775879,An toan,6.969719,9.656388282775879,A+,An toan
SV1786,Phạm Ngọc Anh,INT1001,Lập trình Python,INT1001_L01,tich_hop,2.0,1.0,5.8102117,6.7951508,3.5686522,3.6186445,3.4518285,9.479573,5.433119455973308,Nguy co rot mon,5.5166817,5.433119455973308,D+,An toan
SV1786,Phạm Ngọc Anh,GDQP102,Giáo dục quốc phòng*,GDQP102_L01,ly_thuyet,3.0,0.0,7.6359224,8.281328,3.340927,5.6871285,9.659636,3.5934548,2.9644525051116943,Nguy co rot mon,0.0,2.9644525051116943,F,Nguy co rot mon
SV1787,Trần Thị Bình,INT1003,Phát triển ứng dụng,INT1003_L01,tich_hop,2.0,1.5,3.3548145,4.2413745,2.6270738,4.684826,4.01928,6.371212,4.100904941558838,Nguy co rot mon,5.025106,4.100904941558838,D,An toan
SV1787,Trần Thị Bình,GDTC101,Giáo dục thể chất 1*,GDTC101_L01,thuc_hanh,0.0,1.0,8.994385,7.494879,9.174048,8.407888,6.172785,4.9476895,4.844038009643555,An toan,6.5094543,4.844038009643555,D,An toan
SV1787,Trần Thị Bình,INT1001,Lập trình Python,INT1001_L01,tich_hop,2.0,1.0,8.031518,9.132049,8.95421,9.895645,8.411571,7.4933,8.670674641927084,Nguy co rot mon,8.600172,8.670674641927084,A,An toan
SV1787,Trần Thị Bình,GDQP102,Giáo dục quốc phòng*,GDQP102_L01,ly_thuyet,3.0,0.0,7.5737715,9.030304,8.791598,4.2041073,5.4752626,8.374194,6.392696380615234,An toan,0.0,6.392696380615234,C+,An toan
SV1788,Bùi Văn Anh,GDQP102,Giáo dục quốc phòng*,GDQP102_L01,ly_thuyet,3.0,0.0,2.0389948,2.2166462,6.6091886,5.6392713,8.470809,7.2536592,3.4988467693328857,Nguy co rot mon,0.0,3.4988467693328857,F,Nguy co rot mon
SV1788,Bùi Văn Anh,INT1002,Cơ sở dữ liệu,INT1002_L01,ly_thuyet,3.0,0.0,6.8909855,6.6967993,2.3835022,3.4202776,5.681177,5.132432,7.027187347412109,An toan,0.0,7.027187347412109,B,An toan
SV1789,Lê Ngọc Vy,INT1003,Phát triển ứng dụng,INT1003_L01,tich_hop,2.0,1.5,4.932903,3.37205,1.7498363,8.165243,9.161166,8.3341055,5.580985614231655,An toan,8.553505,5.580985614231655,C,An toan
SV1789,Lê Ngọc Vy,INT1001,Lập trình Python,INT1001_L01,tich_hop,2.0,1.0,9.791939,8.080611,8.7961645,7.7424674,9.055469,6.3647065,8.500008265177408,Nguy co rot mon,7.7208805,8.500008265177408,A,An toan
SV1789,Lê Ngọc Vy,GDQP102,Giáo dục quốc phòng*,GDQP102_L01,ly_thuyet,3.0,0.0,9.181803,8.853986,9.743207,5.237295,4.292386,7.8540316,6.837316989898682,An toan,0.0,6.837316989898682,C+,An toan
SV1789,Lê Ngọc Vy,GDTC101,Giáo dục thể chất 1*,GDTC101_L01,thuc_hanh,0.0,1.0,9.142575,2.927343,3.5792637,9.628,3.5038362,7.89899,9.828072547912598,An toan,7.0102754,9.828072547912598,A+,An toan
SV1790,Hoàng Hải Phương,GDTC101,Giáo dục thể chất 1*,GDTC101_L01,thuc_hanh,0.0,1.0,2.0858078,8.478956,4.3358088,4.398351,3.7238512,3.4634416,4.198509693145752,An toan,3.8618813,4.198509693145752,D,An toan
SV1790,Hoàng Hải Phương,INT1001,Lập trình Python,INT1001_L01,tich_hop,2.0,1.0,7.4013553,2.0953834,4.240537,4.001709,8.646191,7.070351,5.243644714355469,Nguy co rot mon,6.57275,5.243644714355469,D+,An toan
SV1790,Hoàng Hải Phương,INT1003,Phát triển ứng dụng,INT1003_L01,tich_hop,2.0,1.5,7.927026,5.6327586,4.273561,9.126428,5.7178564,3.4787872,6.014409269605364,An toan,6.1076903,6.014409269605364,C+,An toan
SV1790,Hoàng Hải Phương,GDQP102,Giáo dục quốc phòng*,GDQP102_L01,ly_thuyet,3.0,0.0,5.5373707,3.779793,5.024453,5.0790687,8.58828,8.400141,8.834360122680664,An toan,0.0,8.834360122680664,A,An toan
SV1791,Vũ Thảo Chinh,INT1002,Cơ sở dữ liệu,INT1002_L01,ly_thuyet,3.0,0.0,7.6214876,4.926464,7.249507,5.320626,4.275854,7.7217684,6.218859672546387,An toan,0.0,6.218859672546387,C+,An toan
SV1791,Vũ Thảo Chinh,GDQP102,Giáo dục quốc phòng*,GDQP102_L01,ly_thuyet,3.0,0.0,7.587062,5.9259777,8.814251,8.055208,4.761066,5.21541,8.84047794342041,An toan,0.0,8.84047794342041,A,An toan
SV1791,Vũ Thảo Chinh,INT1003,Phát triển ứng dụng,INT1003_L01,tich_hop,2.0,1.5,4.352591,6.809561,1.6791263,5.8149266,7.852789,3.6821551,4.9245107514517645,Nguy co rot mon,5.7832904,4.9245107514517645,D,An toan
SV1792,Đặng Hải Anh,INT1003,Phát triển ứng dụng,INT1003_L01,tich_hop,2.0,1.5,8.049713,7.024912,9.8955765,6.9199805,7.449156,8.436581,8.014188494001116,Nguy co rot mon,7.601906,8.014188494001116,B+,An toan
SV1792,Đặng Hải Anh,INT1002,Cơ sở dữ liệu,INT1002_L01,ly_thuyet,3.0,0.0,4.046424,6.1200786,4.77404,8.520545,5.1036797,8.808625,1.5498929023742676,Nguy co rot mon,0.0,1.5498929023742676,F,Nguy co rot mon
SV1792,Đặng Hải Anh,GDQP102,Giáo dục quốc phòng*,GDQP102_L01,ly_thuyet,3.0,0.0,4.9886274,8.032971,7.4252596,8.902675,9.383069,5.693104,5.161202907562256,An toan,0.0,5.161202907562256,D+,An toan
SV1792,Đặng Hải Anh,INT1001,Lập trình Python,INT1001_L01,tich_hop,2.0,1.0,4.299586,5.2091193,1.3382487,5.0585613,7.2984276,8.839444,4.765593528747559,Nguy co rot mon,7.065478,4.765593528747559,D,An toan
SV1793,Phan Ngọc Nam,INT1002,Cơ sở dữ liệu,INT1002_L01,ly_thuyet,3.0,0.0,4.3332906,3.079669,4.768004,6.1798654,5.8157377,9.090689,5.860769271850586,An toan,0.0,5.860769271850586,C,An toan
SV1793,Phan Ngọc Nam,INT1001,Lập trình Python,INT1001_L01,tich_hop,2.0,1.0,8.380021,4.0774016,1.4973849,7.9285264,4.349078,5.1189036,5.034013589223226,An toan,5.798836,5.034013589223226,D+,An toan
SV1793,Phan Ngọc Nam,GDTC101,Giáo dục thể chất 1*,GDTC101_L01,thuc_hanh,0.0,1.0,2.9752057,4.4076962,6.860929,6.4062424,3.1366687,3.7037778,7.846945285797119,An toan,4.415563,7.846945285797119,B,An toan
SV1793,Phan Ngọc Nam,GDQP102,Giáo dục quốc phòng*,GDQP102_L01,ly_thuyet,3.0,0.0,2.1182725,5.663117,9.990421,4.781616,5.587028,4.9711328,3.0303001403808594,Nguy co rot mon,0.0,3.0303001403808594,F,Nguy co rot mon
SV1794,Trần Tuấn Linh,GDTC101,Giáo dục thể chất 1*,GDTC101_L01,thuc_hanh,0.0,1.0,3.0180893,2.2415047,3.0398571,4.70435,9.815582,3.7070796,6.64316463470459,An toan,6.0756702,6.64316463470459,C+,An toan
SV1794,Trần Tuấn Linh,INT1001,Lập trình Python,INT1001_L01,tich_hop,2.0,1.0,2.1559305,7.110192,9.239276,6.0415893,4.8063507,4.4298024,5.809837659200032,An toan,5.092581,5.809837659200032,C,An toan
SV1795,Trần Tuấn Phương,INT1003,Phát triển ứng dụng,INT1003_L01,tich_hop,2.0,1.5,3.8512287,4.2762265,9.758122,6.6071286,9.06817,5.169405,6.3845915113176614,Nguy co rot mon,6.9482346,6.3845915113176614,C+,An toan
SV1795,Trần Tuấn Phương,INT1002,Cơ sở dữ liệu,INT1002_L01,ly_thuyet,3.0,0.0,9.998265,5.812025,2.962992,3.4266484,4.147169,9.907896,3.577108383178711,Nguy co rot mon,0.0,3.577108383178711,F,Nguy co rot mon
SV1796,Đặng Văn Trang,INT1001,Lập trình Python,INT1001_L01,tich_hop,2.0,1.0,5.751542,2.513244,3.6063523,9.422793,9.345753,4.5771804,5.232000350952148,Nguy co rot mon,7.7819095,5.232000350952148,D+,An toan
SV1796,Đặng Văn Trang,INT1003,Phát triển ứng dụng,INT1003_L01,tich_hop,2.0,1.5,7.101169,3.472387,2.9995697,5.2116423,3.8741684,4.191663,4.482139383043561,An toan,4.4258246,4.482139383043561,D,An toan
SV1797,Vũ Minh Chinh,INT1003,Phát triển ứng dụng,INT1003_L01,tich_hop,2.0,1.5,9.115158,5.795102,7.606178,8.399695,9.339372,6.0624824,7.689066682543073,An toan,7.93385,7.689066682543073,B,An toan
SV1797,Vũ Minh Chinh,GDTC101,Giáo dục thể chất 1*,GDTC101_L01,thuc_hanh,0.0,1.0,6.9705353,8.015293,2.6377797,6.592329,3.9585943,4.9334683,8.980463027954102,An toan,5.161464,8.980463027954102,A,An toan
SV1797,Vũ Minh Chinh,INT1001,Lập trình Python,INT1001_L01,tich_hop,2.0,1.0,7.8939195,8.577017,9.924858,7.2181287,9.839038,7.4332595,8.586890856424967,Nguy co rot mon,8.163476,8.586890856424967,A,An toan
SV1797,Vũ Minh Chinh,GDQP102,Giáo dục quốc phòng*,GDQP102_L01,ly_thuyet,3.0,0.0,3.184809,5.372305,5.1231136,6.014078,7.3185873,9.806761,0.8218767046928406,Nguy co rot mon,0.0,0.8218767046928406,F,Nguy co rot mon
SV1798,Đặng Tuấn Nam,INT1003,Phát triển ứng dụng,INT1003_L01,tich_hop,2.0,1.5,6.4190755,8.051967,8.455952,4.141335,7.5290613,5.888354,6.875439507620675,An toan,5.8529167,6.875439507620675,C+,An toan
SV1798,Đặng Tuấn Nam,INT1001,Lập trình Python,INT1001_L01,tich_hop,2.0,1.0,3.9781957,2.0594041,4.354905,4.9747605,3.5876093,3.811313,3.6842991511027017,Nguy co rot mon,4.124561,3.6842991511027017,F,Nguy co rot mon
SV1799,Bùi Văn Khoa,GDQP102,Giáo dục quốc phòng*,GDQP102_L01,ly_thuyet,3.0,0.0,2.516086,2.2954903,8.28905,9.069665,4.294004,5.1551733,2.7291100025177,Nguy co rot mon,0.0,2.7291100025177,F,Nguy co rot mon
SV1799,Bùi Văn Khoa,INT1003,Phát triển ứng dụng,INT1003_L01,tich_hop,2.0,1.5,3.6196434,8.10863,3.611254,8.764836,4.575903,4.539249,5.476098673684256,An toan,5.9599957,5.476098673684256,D+,An toan
SV1800,Lê Tuấn Vy,GDTC101,Giáo dục thể chất 1*,GDTC101_L01,thuc_hanh,0.0,1.0,8.249971,4.33201,9.802558,4.325945,3.7845895,8.182139,8.447890281677246,An toan,5.4308915,8.447890281677246,B+,An toan
SV1800,Lê Tuấn Vy,INT1001,Lập trình Python,INT1001_L01,tich_hop,2.0,1.0,7.481718,5.9060483,1.7368942,4.2580996,9.617978,9.7532835,5.986520131429036,An toan,7.8764534,5.986520131429036,C,An toan
SV1800,Lê Tuấn Vy,INT1003,Phát triển ứng dụng,INT1003_L01,tich_hop,2.0,1.5,4.8016014,4.7961297,7.01069,6.874781,5.7148557,5.6341014,5.766899926321847,Nguy co rot mon,6.0745792,5.766899926321847,C,An toan
SV1800,Lê Tuấn Vy,GDQP102,Giáo dục quốc phòng*,GDQP102_L01,ly_thuyet,3.0,0.0,4.7122917,9.331132,1.3849891,9.967119,3.5741208,8.485248,0.0587821900844574,Nguy co rot mon,0.0,0.0587821900844574,F,Nguy co rot mon
SV1801,Trần Minh Chinh,GDQP102,Giáo dục quốc phòng*,GDQP102_L01,ly_thuyet,3.0,0.0,7.662289,5.104599,5.396187,9.350318,5.7703714,9.736772,9.466952323913574,An toan,0.0,9.466952323913574,A+,An toan
SV1801,Trần Minh Chinh,INT1002,Cơ sở dữ liệu,INT1002_L01,ly_thuyet,3.0,0.0,6.843217,4.960328,5.000195,4.3018026,3.580116,4.382849,2.128970146179199,Nguy co rot mon,0.0,2.128970146179199,F,Nguy co rot mon
SV1801,Trần Minh Chinh,INT1001,Lập trình Python,INT1001_L01,tich_hop,2.0,1.0,6.157149,9.827927,8.023308,8.082448,4.7042193,8.129144,7.659175078074138,An toan,6.9719367,7.659175078074138,B,An toan
SV1802,Đặng Thu Anh,INT1001,Lập trình Python,INT1001_L01,tich_hop,2.0,1.0,4.985179,6.969166,4.789849,8.871167,5.397331,4.100464,5.761927763621013,Nguy co rot mon,6.1229873,5.761927763621013,C,An toan
SV1802,Đặng Thu Anh,INT1003,Phát triển ứng dụng,INT1003_L01,tich_hop,2.0,1.5,4.710657,6.330251,2.839069,3.7821164,3.9260972,7.5435443,4.822628021240234,Nguy co rot mon,5.0839195,4.822628021240234,D,An toan
SV1802,Đặng Thu Anh,INT1002,Cơ sở dữ liệu,INT1002_L01,ly_thuyet,3.0,0.0,7.513538,7.4197254,7.7072444,7.60468,7.9050984,4.8447285,4.468045711517334,An toan,0.0,4.468045711517334,D,An toan
SV1803,Phan Hoàng Trang,GDTC101,Giáo dục thể chất 1*,GDTC101_L01,thuc_hanh,0.0,1.0,7.771869,8.1640215,7.7105002,5.17879,8.70835,9.711091,8.300925254821777,An toan,7.8660774,8.300925254821777,B+,An toan
SV1803,Phan Hoàng Trang,GDQP102,Giáo dục quốc phòng*,GDQP102_L01,ly_thuyet,3.0,0.0,2.288387,5.758201,6.3968315,9.989847,6.549059,3.8932068,8.908332824707031,An toan,0.0,8.908332824707031,A,An toan
SV1803,Phan Hoàng Trang,INT1003,Phát triển ứng dụng,INT1003_L01,tich_hop,2.0,1.5,9.385348,7.6286883,3.1341608,6.511153,3.3240395,5.826897,6.075193473270962,An toan,5.220697,6.075193473270962,C+,An toan
SV1804,Lê Thị Đức,INT1003,Phát triển ứng dụng,INT1003_L01,tich_hop,2.0,1.5,7.587714,5.5282755,4.6252375,3.682582,6.555623,4.738973,5.518878187452044,An toan,4.992393,5.518878187452044,C,An toan
SV1804,Lê Thị Đức,INT1001,Lập trình Python,INT1001_L01,tich_hop,2.0,1.0,3.1967483,9.493148,3.4919026,7.911782,3.956738,8.188767,5.82454268137614,An toan,6.6857624,5.82454268137614,C,An toan
SV1804,Lê Thị Đức,GDTC101,Giáo dục thể chất 1*,GDTC101_L01,thuc_hanh,0.0,1.0,5.0262194,3.5517128,2.1710632,4.966219,3.9627979,3.316803,2.872385025024414,Nguy co rot mon,4.08194,2.872385025024414,F,Nguy co rot mon
SV1804,Lê Thị Đức,GDQP102,Giáo dục quốc phòng*,GDQP102_L01,ly_thuyet,3.0,0.0,8.384022,3.89057,7.054393,4.9157624,4.6381435,4.848523,5.9427714347839355,An toan,0.0,5.9427714347839355,C,An toan
SV1805,Đặng Hoàng An,GDTC101,Giáo dục thể chất 1*,GDTC101_L01,thuc_hanh,0.0,1.0,3.5747015,4.0800157,5.339011,4.071295,5.68851,8.217384,3.265723943710327,Nguy co rot mon,5.992396,3.265723943710327,F,Nguy co rot mon
SV1805,Đặng Hoàng An,INT1003,Phát triển ứng dụng,INT1003_L01,tich_hop,2.0,1.5,5.7085266,8.576605,1.4299331,6.9577928,4.4372187,6.667008,5.573634352002825,Nguy co rot mon,6.0206733,5.573634352002825,C,An toan
SV1805,Đặng Hoàng An,INT1002,Cơ sở dữ liệu,INT1002_L01,ly_thuyet,3.0,0.0,6.916413,2.7384703,1.4967008,3.6515212,7.6260905,5.3997173,0.1772451400756836,Nguy co rot mon,0.0,0.1772451400756836,F,Nguy co rot mon
SV1805,Đặng Hoàng An,INT1001,Lập trình Python,INT1001_L01,tich_hop,2.0,1.0,8.336617,3.6205018,8.108006,6.087844,7.246581,9.014768,6.942160447438558,An toan,7.4497313,6.942160447438558,C+,An toan
SV1806,Phạm Tuấn Vy,INT1001,Lập trình Python,INT1001_L01,tich_hop,2.0,1.0,9.1046295,3.2940881,1.8334234,7.567849,9.757899,8.398368,6.020933469136556,Nguy co rot mon,8.574706,6.020933469136556,C+,An toan
SV1806,Phạm Tuấn Vy,GDTC101,Giáo dục thể chất 1*,GDTC101_L01,thuc_hanh,0.0,1.0,9.532251,9.629128,8.538502,6.1545844,8.778745,8.212778,6.204013824462891,An toan,7.7153687,6.204013824462891,C+,An toan
SV1806,Phạm Tuấn Vy,INT1003,Phát triển ứng dụng,INT1003_L01,tich_hop,2.0,1.5,5.5571065,5.2613893,8.8378,7.864283,5.7202744,8.551926,6.906411102839878,Nguy co rot mon,7.3788276,6.906411102839878,C+,An toan
SV1806,Phạm Tuấn Vy,INT1002,Cơ sở dữ liệu,INT1002_L01,ly_thuyet,3.0,0.0,2.4335084,6.2396708,6.5350084,8.331198,7.6830034,3.1840267,4.932313442230225,An toan,0.0,4.932313442230225,D,An toan
SV1807,Lê Thu Đức,INT1001,Lập trình Python,INT1001_L01,tich_hop,2.0,1.0,8.388659,2.3568022,1.9347125,7.8454504,4.85338,9.582564,5.293526649475098,An toan,7.4271317,5.293526649475098,D+,An toan
SV1807,Lê Thu Đức,GDQP102,Giáo dục quốc phòng*,GDQP102_L01,ly_thuyet,3.0,0.0,2.1396723,8.496297,3.5813656,7.372233,8.333011,5.480767,4.95590877532959,An toan,0.0,4.95590877532959,D,An toan
SV1807,Lê Thu Đức,INT1003,Phát triển ứng dụng,INT1003_L01,tich_hop,2.0,1.5,2.1538937,7.860588,4.2159534,8.713062,3.1433485,7.9348154,5.537876878465925,An toan,6.597075,5.537876878465925,C,An toan
SV1808,Đặng Thu Trang,INT1001,Lập trình Python,INT1001_L01,tich_hop,2.0,1.0,6.704267,2.2433562,8.76674,8.872793,3.875973,7.5091248,6.18740177154541,An toan,6.75263,6.18740177154541,C+,An toan
SV1808,Đặng Thu Trang,INT1003,Phát triển ứng dụng,INT1003_L01,tich_hop,2.0,1.5,3.1545365,4.991869,3.9660287,6.4120855,8.686087,4.6889906,5.1338677406311035,Nguy co rot mon,6.595721,5.1338677406311035,D+,An toan
SV1808,Đặng Thu Trang,GDTC101,Giáo dục thể chất 1*,GDTC101_L01,thuc_hanh,0.0,1.0,8.917278,2.7332072,3.3518493,7.087355,7.7314634,6.42491,4.835477828979492,An toan,7.081243,4.835477828979492,D,An toan
SV1809,Nguyễn Thị Hùng,INT1002,Cơ sở dữ liệu,INT1002_L01,ly_thuyet,3.0,0.0,7.212787,2.5329742,9.950707,5.740317,8.029645,8.3178425,7.475891590118408,An toan,0.0,7.475891590118408,B,An toan
SV1809,Nguyễn Thị Hùng,GDQP102,Giáo dục quốc phòng*,GDQP102_L01,ly_thuyet,3.0,0.0,8.058966,5.266866,8.180851,4.905988,3.1535757,5.189407,9.178678512573242,An toan,0.0,9.178678512573242,A+,An toan
SV1809,Nguyễn Thị Hùng,INT1001,Lập trình Python,INT1001_L01,tich_hop,2.0,1.0,4.349034,9.984604,9.646579,4.5331492,6.5364876,9.551766,7.620204130808513,Nguy co rot mon,6.8738008,7.620204130808513,B,An toan
SV1810,Lê Hoàng Linh,INT1003,Phát triển ứng dụng,INT1003_L01,tich_hop,2.0,1.5,4.826651,7.6265526,1.9488536,4.1035695,5.7788053,6.073421,5.022648062024798,An toan,5.3185983,5.022648062024798,D+,An toan
SV1810,Lê Hoàng Linh,GDQP102,Giáo dục quốc phòng*,GDQP102_L01,ly_thuyet,3.0,0.0,6.3398166,6.833037,2.1712124,6.81842,5.2244678,6.715645,3.479489326477051,Nguy co rot mon,0.0,3.479489326477051,F,Nguy co rot mon
SV1810,Lê Hoàng Linh,INT1001,Lập trình Python,INT1001_L01,tich_hop,2.0,1.0,6.224499,2.1683457,6.8750744,7.4831347,5.9558187,9.749902,5.969410260518392,Nguy co rot mon,7.729618,5.969410260518392,C,An toan
SV1810,Lê Hoàng Linh,GDTC101,Giáo dục thể chất 1*,GDTC101_L01,thuc_hanh,0.0,1.0,5.6074314,2.9279158,2.1190097,8.795624,9.560973,9.641496,4.948104381561279,An toan,9.332698,4.948104381561279,D,An toan
SV1811,Vũ Đức Hùng,INT1001,Lập trình Python,INT1001_L01,tich_hop,2.0,1.0,4.3061886,9.187361,3.1998768,3.2424734,3.9438944,5.9064684,5.16440995534261,Nguy co rot mon,4.364279,5.16440995534261,D+,An toan
SV1811,Vũ Đức Hùng,GDTC101,Giáo dục thể chất 1*,GDTC101_L01,thuc_hanh,0.0,1.0,3.944716,6.665638,4.494187,5.6025686,9.501369,3.7726579,1.1308329105377197,Nguy co rot mon,6.2921987,1.1308329105377197,F,Nguy co rot mon
SV1811,Vũ Đức Hùng,GDQP102,Giáo dục quốc phòng*,GDQP102_L01,ly_thuyet,3.0,0.0,4.1425753,9.456451,8.501305,4.5065618,8.153196,9.2315855,8.597003936767578,An toan,0.0,8.597003936767578,A,An toan
SV1812,Bùi Minh Nam,GDTC101,Giáo dục thể chất 1*,GDTC101_L01,thuc_hanh,0.0,1.0,8.832503,5.03177,1.3268578,5.9376044,8.065844,3.1925116,8.973690032958984,An toan,5.731987,8.973690032958984,A,An toan
SV1812,Bùi Minh Nam,INT1002,Cơ sở dữ liệu,INT1002_L01,ly_thuyet,3.0,0.0,3.2629857,2.604478,6.7697606,7.729726,4.8074865,6.706441,2.6914100646972656,Nguy co rot mon,0.0,2.6914100646972656,F,Nguy co rot mon
SV1813,Nguyễn Ngọc Anh,INT1001,Lập trình Python,INT1001_L01,tich_hop,2.0,1.0,5.833252,2.5123396,2.1014302,6.9605627,4.14422,8.627385,4.514023303985596,An toan,6.577389,4.514023303985596,D,An toan
SV1813,Nguyễn Ngọc Anh,INT1003,Phát triển ứng dụng,INT1003_L01,tich_hop,2.0,1.5,9.765357,5.8907623,3.9731903,6.0036387,5.9287167,8.616076,6.674406664712088,An toan,6.8494773,6.674406664712088,C+,An toan
SV1814,Đỗ Thị An,INT1001,Lập trình Python,INT1001_L01,tich_hop,2.0,1.0,3.7383828,9.883988,9.678483,9.7466345,9.777673,5.24626,7.93025271097819,Nguy co rot mon,8.256856,7.93025271097819,B,An toan
SV1814,Đỗ Thị An,INT1003,Phát triển ứng dụng,INT1003_L01,tich_hop,2.0,1.5,3.7483723,2.9521859,7.734625,8.732701,9.221012,7.374125,6.3678211484636575,Nguy co rot mon,8.442613,6.3678211484636575,C+,An toan
SV1815,Phan Hải Nam,INT1001,Lập trình Python,INT1001_L01,tich_hop,2.0,1.0,8.275434,2.8460605,9.81843,9.136667,3.7762,7.9297295,6.969160715738933,An toan,6.9475327,6.969160715738933,C+,An toan
SV1815,Phan Hải Nam,INT1003,Phát triển ứng dụng,INT1003_L01,tich_hop,2.0,1.5,9.406823,4.896317,3.4520683,3.0702188,6.986507,4.6096,5.477134091513498,An toan,4.8887753,5.477134091513498,D+,An toan
SV1815,Phan Hải Nam,GDQP102,Giáo dục quốc phòng*,GDQP102_L01,ly_thuyet,3.0,0.0,3.1027434,4.481429,2.9354055,5.72126,8.199391,9.215411,7.7269415855407715,An toan,0.0,7.7269415855407715,B,An toan
SV1815,Phan Hải Nam,INT1002,Cơ sở dữ liệu,INT1002_L01,ly_thuyet,3.0,0.0,9.679021,6.055712,8.766491,7.4519944,6.180952,7.5245495,6.955799102783203,An toan,0.0,6.955799102783203,C+,An toan
SV1816,Trần Ngọc Hùng,INT1002,Cơ sở dữ liệu,INT1002_L01,ly_thuyet,3.0,0.0,6.1678915,9.3146,4.216418,9.270417,9.518345,5.9463997,4.389206409454346,An toan,0.0,4.389206409454346,D,An toan
SV1816,Trần Ngọc Hùng,GDQP102,Giáo dục quốc phòng*,GDQP102_L01,ly_thuyet,3.0,0.0,3.2690518,9.004479,5.535552,3.065102,6.6060057,6.477078,9.653756141662598,An toan,0.0,9.653756141662598,A+,An toan
SV1816,Trần Ngọc Hùng,INT1001,Lập trình Python,INT1001_L01,tich_hop,2.0,1.0,7.2362695,6.610557,9.53224,6.360266,7.9404225,4.6596203,7.302049001057942,An toan,6.3201027,7.302049001057942,B,An toan
SV1816,Trần Ngọc Hùng,INT1003,Phát triển ứng dụng,INT1003_L01,tich_hop,2.0,1.5,2.9057457,4.0231194,8.581068,7.7747593,8.0380945,3.6408787,5.733377456665039,An toan,6.484577,5.733377456665039,C,An toan
SV1817,Phan Tuấn Linh,INT1001,Lập trình Python,INT1001_L01,tich_hop,2.0,1.0,2.6564384,5.3315344,5.481951,4.521452,7.8149877,8.912605,5.354321320851644,Nguy co rot mon,7.083015,5.354321320851644,D+,An toan
SV1817,Phan Tuấn Linh,INT1002,Cơ sở dữ liệu,INT1002_L01,ly_thuyet,3.0,0.0,7.293653,7.644464,1.6298423,7.734429,3.7410495,5.6624203,2.129114866256714,Nguy co rot mon,0.0,2.129114866256714,F,Nguy co rot mon
SV1817,Phan Tuấn Linh,GDQP102,Giáo dục quốc phòng*,GDQP102_L01,ly_thuyet,3.0,0.0,8.002002,4.9816313,9.639269,8.3019705,7.247014,4.6258755,3.184368133544922,Nguy co rot mon,0.0,3.184368133544922,F,Nguy co rot mon
SV1817,Phan Tuấn Linh,INT1003,Phát triển ứng dụng,INT1003_L01,tich_hop,2.0,1.5,4.3596745,3.0137994,3.905302,3.6686876,7.8785853,4.8228846,4.486932141440255,An toan,5.456719,4.486932141440255,D,An toan
SV1818,Bùi Tuấn Linh,INT1001,Lập trình Python,INT1001_L01,tich_hop,2.0,1.0,6.478912,4.6766233,3.6362808,4.4655213,7.418508,8.052336,5.502221902211507,An toan,6.645455,5.502221902211507,C,An toan
SV1818,Bùi Tuấn Linh,GDQP102,Giáo dục quốc phòng*,GDQP102_L01,ly_thuyet,3.0,0.0,2.3361344,5.481543,3.7942214,7.317119,4.2066216,8.947304,5.040638446807861,An toan,0.0,5.040638446807861,D+,An toan
SV1818,Bùi Tuấn Linh,INT1002,Cơ sở dữ liệu,INT1002_L01,ly_thuyet,3.0,0.0,3.763131,6.1658497,1.4037756,8.617514,7.340904,7.553354,6.290661811828613,An toan,0.0,6.290661811828613,C+,An toan
SV1818,Bùi Tuấn Linh,GDTC101,Giáo dục thể chất 1*,GDTC101_L01,thuc_hanh,0.0,1.0,2.3742287,3.1992211,8.263953,5.709218,5.455839,6.3533087,4.962740421295166,An toan,5.839455,4.962740421295166,D,An toan
SV1819,Đặng Tuấn Chinh,INT1001,Lập trình Python,INT1001_L01,tich_hop,2.0,1.0,9.077775,3.286975,4.9590797,8.005895,5.252769,9.22447,6.34786589940389,Nguy co rot mon,7.4943776,6.34786589940389,C+,An toan
SV1819,Đặng Tuấn Chinh,INT1002,Cơ sở dữ liệu,INT1002_L01,ly_thuyet,3.0,0.0,3.9590433,6.5243387,8.466656,8.40468,4.0207605,9.850604,7.471500396728516,An toan,0.0,7.471500396728516,B,An toan
SV1819,Đặng Tuấn Chinh,INT1003,Phát triển ứng dụng,INT1003_L01,tich_hop,2.0,1.5,3.4476998,2.6785967,5.9317517,7.1755385,3.404815,4.736076,4.484832491193499,An toan,5.1054764,4.484832491193499,D,An toan
SV1820,Đỗ Thu Linh,INT1001,Lập trình Python,INT1001_L01,tich_hop,2.0,1.0,3.7687047,5.5698805,6.5382414,5.7655945,9.208238,9.715193,6.271408716837565,An toan,8.229675,6.271408716837565,C+,An toan
SV1820,Đỗ Thu Linh,INT1003,Phát triển ứng dụng,INT1003_L01,tich_hop,2.0,1.5,8.779824,5.222834,7.3437824,8.687851,5.6359315,4.971731,6.8224906240190775,Nguy co rot mon,6.4318376,6.8224906240190775,C+,An toan
SV1821,Lê Văn Chinh,INT1002,Cơ sở dữ liệu,INT1002_L01,ly_thuyet,3.0,0.0,2.2630482,7.4375224,5.0884795,7.737321,4.8751016,8.8124485,7.326965808868408,An toan,0.0,7.326965808868408,B,An toan
SV1821,Lê Văn Chinh,GDTC101,Giáo dục thể chất 1*,GDTC101_L01,thuc_hanh,0.0,1.0,2.9070146,6.637148,6.145099,8.539908,6.886229,5.939073,3.877385139465332,Nguy co rot mon,7.121737,3.877385139465332,F,Nguy co rot mon
SV1821,Lê Văn Chinh,GDQP102,Giáo dục quốc phòng*,GDQP102_L01,ly_thuyet,3.0,0.0,2.1821496,7.0036135,1.4390951,9.920338,8.056932,8.719139,6.527088165283203,An toan,0.0,6.527088165283203,C+,An toan
SV1822,Trần Tuấn Phương,INT1002,Cơ sở dữ liệu,INT1002_L01,ly_thuyet,3.0,0.0,8.86019,5.155011,9.937245,4.537654,7.3295336,4.336062,0.34479770064353943,Nguy co rot mon,0.0,0.34479770064353943,F,Nguy co rot mon
SV1822,Trần Tuấn Phương,INT1003,Phát triển ứng dụng,INT1003_L01,tich_hop,2.0,1.5,2.4336748,5.89221,9.132418,4.4108744,6.8634157,6.510198,5.866031987326486,An toan,5.928163,5.866031987326486,C,An toan
SV1822,Trần Tuấn Phương,INT1001,Lập trình Python,INT1001_L01,tich_hop,2.0,1.0,6.314885,7.1125774,6.919139,5.1084228,9.66041,3.561948,6.558220386505127,Nguy co rot mon,6.1102605,6.558220386505127,C+,An toan
SV1822,Trần Tuấn Phương,GDQP102,Giáo dục quốc phòng*,GDQP102_L01,ly_thuyet,3.0,0.0,4.941536,8.075204,5.194665,7.0323906,7.649017,6.6824794,3.1959941387176514,Nguy co rot mon,0.0,3.1959941387176514,F,Nguy co rot mon
SV1823,Đỗ Hải Anh,GDQP102,Giáo dục quốc phòng*,GDQP102_L01,ly_thuyet,3.0,0.0,2.0315368,4.9402633,2.4349055,5.867427,9.033746,7.3838496,9.26739501953125,An toan,0.0,9.26739501953125,A+,An toan
SV1823,Đỗ Hải Anh,INT1001,Lập trình Python,INT1001_L01,tich_hop,2.0,1.0,2.0388396,8.651225,4.7058187,7.5591645,3.133357,6.9820204,5.385145505269368,An toan,5.891514,5.385145505269368,D+,An toan
SV1824,Phạm Hải Phương,INT1001,Lập trình Python,INT1001_L01,tich_hop,2.0,1.0,6.466794,4.923608,5.3222437,9.419339,4.6875186,7.613016,6.127240816752116,An toan,7.239958,6.127240816752116,C+,An toan
SV1824,Phạm Hải Phương,GDQP102,Giáo dục quốc phòng*,GDQP102_L01,ly_thuyet,3.0,0.0,9.21392,7.374135,8.431616,8.7861595,5.8669677,4.2906857,0.7193191647529602,Nguy co rot mon,0.0,0.7193191647529602,F,Nguy co rot mon
SV1824,Phạm Hải Phương,INT1002,Cơ sở dữ liệu,INT1002_L01,ly_thuyet,3.0,0.0,7.968706,3.3574564,8.564786,7.183593,9.338469,6.789992,0.7913558483123779,Nguy co rot mon,0.0,0.7913558483123779,F,Nguy co rot mon
SV1824,Phạm Hải Phương,GDTC101,Giáo dục thể chất 1*,GDTC101_L01,thuc_hanh,0.0,1.0,4.359837,3.5649357,2.25638,4.178264,3.1759882,7.6896243,6.469232559204102,An toan,5.0146255,6.469232559204102,C+,An toan
SV1825,Trần Thu Hùng,INT1002,Cơ sở dữ liệu,INT1002_L01,ly_thuyet,3.0,0.0,5.257305,7.010948,6.0668645,4.748376,8.762085,7.782168,6.583679676055908,An toan,0.0,6.583679676055908,C+,An toan
SV1825,Trần Thu Hùng,GDQP102,Giáo dục quốc phòng*,GDQP102_L01,ly_thuyet,3.0,0.0,9.992344,7.506168,8.906098,3.448692,4.3981357,6.934146,3.566209316253662,Nguy co rot mon,0.0,3.566209316253662,F,Nguy co rot mon
SV1825,Trần Thu Hùng,INT1001,Lập trình Python,INT1001_L01,tich_hop,2.0,1.0,2.1054692,7.2610717,3.4947867,9.310416,3.8515399,3.195705,4.6755906740824384,An toan,5.4525533,4.6755906740824384,D,An toan
SV1826,Bùi Đức An,INT1002,Cơ sở dữ liệu,INT1002_L01,ly_thuyet,3.0,0.0,3.1853576,8.908938,4.5479636,8.1198,3.189743,6.780029,5.031014442443848,An toan,0.0,5.031014442443848,D+,An toan
SV1826,Bùi Đức An,INT1003,Phát triển ứng dụng,INT1003_L01,tich_hop,2.0,1.5,3.069608,9.708719,7.237733,3.9925513,8.874992,9.908092,7.066245010920933,Nguy co rot mon,7.5918784,7.066245010920933,B,An toan
SV1827,Nguyễn Thu Đức,INT1001,Lập trình Python,INT1001_L01,tich_hop,2.0,1.0,6.6961493,8.825625,9.004552,6.243439,3.0915892,6.610655,7.222037156422933,An toan,5.315228,7.222037156422933,B,An toan
SV1827,Nguyễn Thu Đức,GDTC101,Giáo dục thể chất 1*,GDTC101_L01,thuc_hanh,0.0,1.0,7.402666,7.352611,6.8214846,6.40527,3.1979945,6.49914,7.353158950805664,An toan,5.3674684,7.353158950805664,B,An toan
SV1828,Hoàng Thảo Phương,GDTC101,Giáo dục thể chất 1*,GDTC101_L01,thuc_hanh,0.0,1.0,6.434757,3.9661834,7.7782702,6.1635356,4.161376,3.8322093,5.62905740737915,An toan,4.7190404,5.62905740737915,C,An toan
SV1828,Hoàng Thảo Phương,GDQP102,Giáo dục quốc phòng*,GDQP102_L01,ly_thuyet,3.0,0.0,5.765772,9.4496765,3.754046,8.3594885,6.126352,5.183071,3.811478853225708,Nguy co rot mon,0.0,3.811478853225708,F,Nguy co rot mon
SV1828,Hoàng Thảo Phương,INT1002,Cơ sở dữ liệu,INT1002_L01,ly_thuyet,3.0,0.0,9.579553,7.5168414,9.383166,9.441925,6.4974337,6.130207,4.187406063079834,An toan,0.0,4.187406063079834,D,An toan
SV1828,Hoàng Thảo Phương,INT1003,Phát triển ứng dụng,INT1003_L01,tich_hop,2.0,1.5,7.3903837,2.859322,1.4305615,8.793832,5.4860215,7.991404,5.406420912061419,Nguy co rot mon,7.4237523,5.406420912061419,D+,An toan
SV1829,Đỗ Thảo Hùng,GDQP102,Giáo dục quốc phòng*,GDQP102_L01,ly_thuyet,3.0,0.0,4.5513043,3.8451412,6.5745096,6.453557,6.0965014,5.7280636,0.22039897739887238,Nguy co rot mon,0.0,0.22039897739887238,F,Nguy co rot mon
SV1829,Đỗ Thảo Hùng,GDTC101,Giáo dục thể chất 1*,GDTC101_L01,thuc_hanh,0.0,1.0,3.0575,2.2500362,4.775782,3.531634,4.903268,8.2191515,9.567421913146973,An toan,5.551351,9.567421913146973,A+,An toan
SV1830,Phạm Thảo Vy,GDTC101,Giáo dục thể chất 1*,GDTC101_L01,thuc_hanh,0.0,1.0,5.6684437,8.253576,5.106654,8.541126,3.126054,6.865963,0.7212740778923035,Nguy co rot mon,6.177714,0.7212740778923035,F,Nguy co rot mon
SV1830,Phạm Thảo Vy,INT1003,Phát triển ứng dụng,INT1003_L01,tich_hop,2.0,1.5,3.8286264,9.65926,8.366086,9.930932,9.316601,3.1719103,7.365438938140869,An toan,7.473147,7.365438938140869,B,An toan
SV1831,Nguyễn Văn Nam,INT1001,Lập trình Python,INT1001_L01,tich_hop,2.0,1.0,3.9599252,5.580673,3.7088287,7.99994,4.579087,4.8345146,4.879155158996582,An toan,5.804514,4.879155158996582,D,An toan
SV1831,Nguyễn Văn Nam,INT1003,Phát triển ứng dụng,INT1003_L01,tich_hop,2.0,1.5,3.4609468,2.9755585,7.8164263,5.4488626,4.961786,4.2933755,4.815418720245361,An toan,4.901341,4.815418720245361,D,An toan
SV1831,Nguyễn Văn Nam,GDQP102,Giáo dục quốc phòng*,GDQP102_L01,ly_thuyet,3.0,0.0,3.2379656,7.691789,6.549872,4.5664296,8.48104,8.835988,9.514456748962402,An toan,0.0,9.514456748962402,A+,An toan
SV1832,Phan Đức Bình,GDQP102,Giáo dục quốc phòng*,GDQP102_L01,ly_thuyet,3.0,0.0,6.386451,5.049656,2.510317,9.722938,6.1033897,3.6472852,0.3877973258495331,Nguy co rot mon,0.0,0.3877973258495331,F,Nguy co rot mon
SV1832,Phan Đức Bình,GDTC101,Giáo dục thể chất 1*,GDTC101_L01,thuc_hanh,0.0,1.0,4.538957,9.056825,5.5258026,6.8367257,5.2693005,8.886801,6.457976341247559,An toan,6.9976087,6.457976341247559,C+,An toan
SV1833,Lê Thu Linh,INT1001,Lập trình Python,INT1001_L01,tich_hop,2.0,1.0,4.158362,6.00546,5.982855,9.041111,9.003967,5.349107,6.187504132588704,Nguy co rot mon,7.7980614,6.187504132588704,C+,An toan
SV1833,Lê Thu Linh,GDTC101,Giáo dục thể chất 1*,GDTC101_L01,thuc_hanh,0.0,1.0,8.52359,7.2224636,4.843445,9.968488,4.3727646,8.878422,0.6566659808158875,Nguy co rot mon,7.739891,0.6566659808158875,F,Nguy co rot mon
SV1833,Lê Thu Linh,INT1002,Cơ sở dữ liệu,INT1002_L01,ly_thuyet,3.0,0.0,5.9422574,6.2716866,8.8063135,4.7328115,7.9731164,5.324262,0.823375403881073,Nguy co rot mon,0.0,0.823375403881073,F,Nguy co rot mon
SV1833,Lê Thu Linh,INT1003,Phát triển ứng dụng,INT1003_L01,tich_hop,2.0,1.5,3.9749746,6.038859,3.0236673,4.3724523,6.632666,8.002635,5.198726994650705,An toan,6.335918,5.198726994650705,D+,An toan
SV1834,Hoàng Hoàng Chinh,GDQP102,Giáo dục quốc phòng*,GDQP102_L01,ly_thuyet,3.0,0.0,4.2151976,9.974715,5.944531,8.756436,7.759236,6.306383,6.182978630065918,An toan,0.0,6.182978630065918,C+,An toan
SV1834,Hoàng Hoàng Chinh,INT1001,Lập trình Python,INT1001_L01,tich_hop,2.0,1.0,2.2752373,9.398727,3.8382745,3.1252387,9.902084,7.6185493,5.74115006128947,An toan,6.8819575,5.74115006128947,C,An toan
SV1834,Hoàng Hoàng Chinh,INT1002,Cơ sở dữ liệu,INT1002_L01,ly_thuyet,3.0,0.0,5.2602997,9.697817,5.943931,3.3946323,8.603511,6.061941,0.9839054346084595,Nguy co rot mon,0.0,0.9839054346084595,F,Nguy co rot mon
SV1835,Nguyễn Hải An,GDQP102,Giáo dục quốc phòng*,GDQP102_L01,ly_thuyet,3.0,0.0,8.733596,8.321579,6.4924054,8.819385,4.6766143,5.8554773,4.205743312835693,An toan,0.0,4.205743312835693,D,An toan
SV1835,Nguyễn Hải An,INT1001,Lập trình Python,INT1001_L01,tich_hop,2.0,1.0,7.338689,5.0419245,5.5840483,4.727964,8.734296,4.9867563,6.042037487030029,Nguy co rot mon,6.149672,6.042037487030029,C+,An toan
SV1835,Nguyễn Hải An,GDTC101,Giáo dục thể chất 1*,GDTC101_L01,thuc_hanh,0.0,1.0,5.573367,5.0949874,3.029229,4.0546355,4.2776117,3.8142624,0.7013640403747559,Nguy co rot mon,4.048836,0.7013640403747559,F,Nguy co rot mon
SV1835,Nguyễn Hải An,INT1003,Phát triển ứng dụng,INT1003_L01,tich_hop,2.0,1.5,6.6770816,4.682656,2.6499362,4.978273,4.7584696,9.252526,5.381262029920306,An toan,6.3297563,5.381262029920306,D+,An toan
SV1836,Vũ Thị Hùng,INT1001,Lập trình Python,INT1001_L01,tich_hop,2.0,1.0,8.863658,4.093655,7.281973,9.417012,8.30357,3.0667133,6.807318687438965,An toan,6.929098,6.807318687438965,C+,An toan
SV1836,Vũ Thị Hùng,GDQP102,Giáo dục quốc phòng*,GDQP102_L01,ly_thuyet,3.0,0.0,5.584983,8.816914,9.411498,5.178064,8.417614,9.961443,0.21958762407302856,Nguy co rot mon,0.0,0.21958762407302856,F,Nguy co rot mon
SV1836,Vũ Thị Hùng,INT1002,Cơ sở dữ liệu,INT1002_L01,ly_thuyet,3.0,0.0,2.333687,7.1276894,4.652881,4.390258,4.10933,7.1721473,8.316435813903809,An toan,0.0,8.316435813903809,B+,An toan
SV1836,Vũ Thị Hùng,GDTC101,Giáo dục thể chất 1*,GDTC101_L01,thuc_hanh,0.0,1.0,5.5929093,8.163261,9.142072,3.293849,9.952055,4.725535,5.169392108917236,An toan,5.99048,5.169392108917236,D+,An toan
SV1837,Phan Minh Phương,INT1001,Lập trình Python,INT1001_L01,tich_hop,2.0,1.0,2.2780633,4.4307895,9.208592,3.1318295,5.9367375,4.331883,5.026148955027263,Nguy co rot mon,4.4668164,5.026148955027263,D+,An toan
SV1837,Phan Minh Phương,GDTC101,Giáo dục thể chất 1*,GDTC101_L01,thuc_hanh,0.0,1.0,8.956032,7.730809,2.648732,3.2020206,4.57914,9.814896,3.3329200744628906,Nguy co rot mon,5.865352,3.3329200744628906,F,Nguy co rot mon
SV1837,Phan Minh Phương,GDQP102,Giáo dục quốc phòng*,GDQP102_L01,ly_thuyet,3.0,0.0,5.7052345,5.985413,8.036076,9.003352,7.492402,9.468489,4.342576503753662,An toan,0.0,4.342576503753662,D,An toan
SV1837,Phan Minh Phương,INT1002,Cơ sở dữ liệu,INT1002_L01,ly_thuyet,3.0,0.0,8.788615,3.1311994,6.4824286,5.667299,4.1120787,9.71352,2.107236623764038,Nguy co rot mon,0.0,2.107236623764038,F,Nguy co rot mon
SV1838,Phạm Ngọc Trang,INT1003,Phát triển ứng dụng,INT1003_L01,tich_hop,2.0,1.5,8.90525,2.497267,3.0406475,4.3518624,8.497265,3.001888,5.01550953728812,Nguy co rot mon,5.283672,5.01550953728812,D+,An toan
SV1838,Phạm Ngọc Trang,GDTC101,Giáo dục thể chất 1*,GDTC101_L01,thuc_hanh,0.0,1.0,8.762383,5.452735,1.7381326,5.3001847,7.2747107,5.6988015,8.8411865234375,An toan,6.0912323,8.8411865234375,A,An toan
SV1838,Phạm Ngọc Trang,GDQP102,Giáo dục quốc phòng*,GDQP102_L01,ly_thuyet,3.0,0.0,8.270188,3.9426568,6.3199763,5.89568,4.9157515,7.944948,4.8100996017456055,An toan,0.0,4.8100996017456055,D,An toan
SV1839,Bùi Thị Bình,INT1003,Phát triển ứng dụng,INT1003_L01,tich_hop,2.0,1.5,5.449637,9.717883,5.5776873,6.251062,5.9138227,7.4072857,6.747492722102574,Nguy co rot mon,6.524057,6.747492722102574,C+,An toan
SV1839,Bùi Thị Bình,GDTC101,Giáo dục thể chất 1*,GDTC101_L01,thuc_hanh,0.0,1.0,5.932668,3.7856684,1.7019259,7.2389693,3.875088,9.255177,8.889965057373047,An toan,6.789745,8.889965057373047,A,An toan
SV1839,Bùi Thị Bình,GDQP102,Giáo dục quốc phòng*,GDQP102_L01,ly_thuyet,3.0,0.0,9.793749,2.8394697,2.878072,6.7483172,5.1351047,3.2089324,9.776132583618164,An toan,0.0,9.776132583618164,A+,An toan
SV1840,Phan Tuấn Trang,GDQP102,Giáo dục quốc phòng*,GDQP102_L01,ly_thuyet,3.0,0.0,7.5425463,9.507567,6.1211233,4.9864054,3.3123782,7.24721,3.340930700302124,Nguy co rot mon,0.0,3.340930700302124,F,Nguy co rot mon
SV1840,Phan Tuấn Trang,GDTC101,Giáo dục thể chất 1*,GDTC101_L01,thuc_hanh,0.0,1.0,8.780133,2.7715957,6.0096774,5.7428136,6.308407,8.835056,4.91680383682251,An toan,6.962092,4.91680383682251,D,An toan
SV1841,Vũ Thu Anh,INT1001,Lập trình Python,INT1001_L01,tich_hop,2.0,1.0,7.519378,7.643609,1.6365652,7.230353,9.888332,8.7041235,6.602434794108073,An toan,8.607602,6.602434794108073,C+,An toan
SV1841,Vũ Thu Anh,INT1002,Cơ sở dữ liệu,INT1002_L01,ly_thuyet,3.0,0.0,8.541382,4.8003507,2.0532877,9.814412,6.0899343,8.523964,6.735454082489014,An toan,0.0,6.735454082489014,C+,An toan
SV1842,Đặng Thảo Trang,INT1001,Lập trình Python,INT1001_L01,tich_hop,2.0,1.0,7.2888045,5.974957,2.9164963,6.904542,9.818012,9.483182,6.507361094156901,An toan,8.735245,6.507361094156901,C+,An toan
SV1842,Đặng Thảo Trang,GDTC101,Giáo dục thể chất 1*,GDTC101_L01,thuc_hanh,0.0,1.0,4.0544333,5.927035,8.272535,5.6437364,7.564992,6.341467,7.863183498382568,An toan,6.5167317,7.863183498382568,B,An toan
SV1843,Lê Đức Vy,GDQP102,Giáo dục quốc phòng*,GDQP102_L01,ly_thuyet,3.0,0.0,2.0827112,8.859848,1.1285588,7.3977437,5.282047,6.388222,2.1598074436187744,Nguy co rot mon,0.0,2.1598074436187744,F,Nguy co rot mon
SV1843,Lê Đức Vy,INT1001,Lập trình Python,INT1001_L01,tich_hop,2.0,1.0,7.861298,3.5798557,4.229868,9.209717,3.0171368,7.0274773,5.621819178263347,Nguy co rot mon,6.41811,5.621819178263347,C,An toan
SV1843,Lê Đức Vy,INT1002,Cơ sở dữ liệu,INT1002_L01,ly_thuyet,3.0,0.0,5.8803663,7.4584146,5.7303324,4.847553,6.472039,6.088209,4.236662864685059,An toan,0.0,4.236662864685059,D,An toan
SV1844,Phan Hải Linh,INT1003,Phát triển ứng dụng,INT1003_L01,tich_hop,2.0,1.5,6.4175844,3.3510838,7.801894,4.5300126,9.316408,4.4742775,5.964016233171735,An toan,6.1068993,5.964016233171735,C,An toan
SV1844,Phan Hải Linh,INT1001,Lập trình Python,INT1001_L01,tich_hop,2.0,1.0,4.748322,7.6556997,2.5370543,9.16197,6.3946104,6.9476905,5.820713520050049,An toan,7.5014234,5.820713520050049,C,An toan
SV1844,Phan Hải Linh,GDTC101,Giáo dục thể chất 1*,GDTC101_L01,thuc_hanh,0.0,1.0,5.668306,5.842207,9.844048,3.477172,8.725132,7.6872926,6.616613388061523,An toan,6.6298656,6.616613388061523,C+,An toan
SV1845,Lê Tuấn Phương,INT1001,Lập trình Python,INT1001_L01,tich_hop,2.0,1.0,5.092029,7.973892,6.7372117,4.2358255,5.1306715,5.4593782,6.048015594482422,An toan,4.9419584,6.048015594482422,C+,An toan
SV1845,Lê Tuấn Phương,INT1002,Cơ sở dữ liệu,INT1002_L01,ly_thuyet,3.0,0.0,6.1647196,4.180752,1.6948541,9.653502,4.557898,8.7904005,9.809670448303223,An toan,0.0,9.809670448303223,A+,An toan
SV1846,Đỗ Hoàng An,INT1001,Lập trình Python,INT1001_L01,tich_hop,2.0,1.0,3.3676176,9.742592,2.3350992,8.164827,7.3589416,6.788188,5.911397139231364,Nguy co rot mon,7.4373193,5.911397139231364,C,An toan
SV1846,Đỗ Hoàng An,INT1002,Cơ sở dữ liệu,INT1002_L01,ly_thuyet,3.0,0.0,2.267453,7.710383,8.866479,8.561392,5.3110747,6.6736608,0.9630299210548401,Nguy co rot mon,0.0,0.9630299210548401,F,Nguy co rot mon
SV1846,Đỗ Hoàng An,GDTC101,Giáo dục thể chất 1*,GDTC101_L01,thuc_hanh,0.0,1.0,5.9567003,3.2097092,7.081451,4.820249,4.4658127,3.298654,5.530130386352539,An toan,4.1949058,5.530130386352539,C,An toan
SV1847,Phạm Hoàng Trang,GDQP102,Giáo dục quốc phòng*,GDQP102_L01,ly_thuyet,3.0,0.0,3.8930027,3.6839604,1.1834602,9.236971,4.7274556,8.709702,2.4578897953033447,Nguy co rot mon,0.0,2.4578897953033447,F,Nguy co rot mon
SV1847,Phạm Hoàng Trang,INT1002,Cơ sở dữ liệu,INT1002_L01,ly_thuyet,3.0,0.0,6.0808954,7.3624153,5.6973753,6.8006897,3.2137947,8.282984,2.5130977630615234,Nguy co rot mon,0.0,2.5130977630615234,F,Nguy co rot mon
SV1848,Đặng Thu Bình,GDTC101,Giáo dục thể chất 1*,GDTC101_L01,thuc_hanh,0.0,1.0,2.6180036,3.0256233,2.3366144,5.7066636,5.9972854,7.196877,6.32891845703125,An toan,6.3002753,6.32891845703125,C+,An toan
SV1848,Đặng Thu Bình,INT1003,Phát triển ứng dụng,INT1003_L01,tich_hop,2.0,1.5,5.035772,9.649156,9.99493,4.4067326,5.0994744,5.3520756,6.823536736624582,An toan,4.9527607,6.823536736624582,C+,An toan
SV1849,Đặng Minh Nam,INT1001,Lập trình Python,INT1001_L01,tich_hop,2.0,1.0,5.4373302,9.067974,1.3165491,9.602424,3.254272,6.975556,5.719550768534343,Nguy co rot mon,6.61075,5.719550768534343,C,An toan
SV1849,Đặng Minh Nam,INT1002,Cơ sở dữ liệu,INT1002_L01,ly_thuyet,3.0,0.0,6.5019193,6.1061797,8.147652,6.158874,7.8951964,5.0845037,9.26310920715332,An toan,0.0,9.26310920715332,A+,An toan
SV1849,Đặng Minh Nam,GDQP102,Giáo dục quốc phòng*,GDQP102_L01,ly_thuyet,3.0,0.0,9.722539,9.780583,5.7884054,4.5712004,4.4378123,9.417999,7.308526992797852,An toan,0.0,7.308526992797852,B,An toan
SV1850,Lê Đức Đức,INT1003,Phát triển ứng dụng,INT1003_L01,tich_hop,2.0,1.5,6.7593493,7.2330656,6.638718,5.6244984,6.181452,6.9162626,6.604341506958008,An toan,6.240738,6.604341506958008,C+,An toan
SV1850,Lê Đức Đức,INT1001,Lập trình Python,INT1001_L01,tich_hop,2.0,1.0,2.1124897,6.6939454,4.408991,9.079386,6.683181,8.954081,5.683055559794108,An toan,8.238883,5.683055559794108,C,An toan
SV1851,Đặng Văn Anh,INT1002,Cơ sở dữ liệu,INT1002_L01,ly_thuyet,3.0,0.0,4.5960307,2.3614156,9.277571,5.6732607,3.6185007,3.5918374,7.209622859954834,An toan,0.0,7.209622859954834,B,An toan
SV1851,Đặng Văn Anh,INT1001,Lập trình Python,INT1001_L01,tich_hop,2.0,1.0,6.667569,8.211535,5.412315,7.5928617,7.979678,8.787831,7.215912501017253,An toan,8.120124,7.215912501017253,B,An toan
SV1852,Bùi Hoàng Trang,GDTC101,Giáo dục thể chất 1*,GDTC101_L01,thuc_hanh,0.0,1.0,9.37508,8.812613,2.6381905,7.017598,9.015432,8.397107,3.898869514465332,Nguy co rot mon,8.143379,3.898869514465332,F,Nguy co rot mon
SV1852,Bùi Hoàng Trang,INT1001,Lập trình Python,INT1001_L01,tich_hop,2.0,1.0,4.578751,6.466586,5.305588,9.374343,9.249995,7.7954497,6.569070816040039,Nguy co rot mon,8.806596,6.569070816040039,C+,An toan
SV1852,Bùi Hoàng Trang,INT1003,Phát triển ứng dụng,INT1003_L01,tich_hop,2.0,1.5,4.2604017,8.961325,5.85328,3.276997,4.6632986,6.093026,5.63809483391898,Nguy co rot mon,4.677774,5.63809483391898,C,An toan
SV1852,Bùi Hoàng Trang,GDQP102,Giáo dục quốc phòng*,GDQP102_L01,ly_thuyet,3.0,0.0,6.311489,8.63436,5.841291,4.869812,9.963262,3.5680988,5.916788101196289,An toan,0.0,5.916788101196289,C,An toan
SV1853,Lê Văn Khoa,GDTC101,Giáo dục thể chất 1*,GDTC101_L01,thuc_hanh,0.0,1.0,7.4883943,2.0552688,4.160849,7.4516015,7.8276477,5.391456,6.318823337554932,An toan,6.8902354,6.318823337554932,C+,An toan
SV1853,Lê Văn Khoa,INT1003,Phát triển ứng dụng,INT1003_L01,tich_hop,2.0,1.5,8.181101,4.0903735,9.57928,5.530089,3.2572393,4.5945277,6.073742185320173,Nguy co rot mon,4.460619,6.073742185320173,C+,An toan
SV1854,Lê Hoàng Chinh,INT1003,Phát triển ứng dụng,INT1003_L01,tich_hop,2.0,1.5,9.905821,5.9321566,7.8706827,7.7936068,7.889283,4.9861574,7.468656539916992,An toan,6.889683,7.468656539916992,B,An toan
SV1854,Lê Hoàng Chinh,GDQP102,Giáo dục quốc phòng*,GDQP102_L01,ly_thuyet,3.0,0.0,3.0763125,4.608361,6.4179187,4.0854254,7.716876,8.727772,3.5473687648773193,Nguy co rot mon,0.0,3.5473687648773193,F,Nguy co rot mon
SV1854,Lê Hoàng Chinh,GDTC101,Giáo dục thể chất 1*,GDTC101_L01,thuc_hanh,0.0,1.0,7.1912932,9.771256,3.2402248,6.267458,3.3909652,6.658733,3.628676176071167,Nguy co rot mon,5.439052,3.628676176071167,F,Nguy co rot mon
SV1855,Nguyễn Thu Đức,INT1002,Cơ sở dữ liệu,INT1002_L01,ly_thuyet,3.0,0.0,5.324517,2.7134693,4.9686728,6.9238014,3.053644,3.776542,8.532397270202637,An toan,0.0,8.532397270202637,A,An toan
SV1855,Nguyễn Thu Đức,GDQP102,Giáo dục quốc phòng*,GDQP102_L01,ly_thuyet,3.0,0.0,5.511566,7.375091,5.1257725,6.1804447,8.960063,5.858219,2.1526362895965576,Nguy co rot mon,0.0,2.1526362895965576,F,Nguy co rot mon
SV1855,Nguyễn Thu Đức,INT1001,Lập trình Python,INT1001_L01,tich_hop,2.0,1.0,3.5792077,2.9898043,7.0933943,3.3735123,4.18713,9.382937,4.918710231781006,Nguy co rot mon,5.64786,4.918710231781006,D,An toan
SV1856,Phan Thu Hùng,INT1002,Cơ sở dữ liệu,INT1002_L01,ly_thuyet,3.0,0.0,2.405703,2.1998067,9.96672,5.4052563,4.9474115,4.5045276,0.8477777242660522,Nguy co rot mon,0.0,0.8477777242660522,F,Nguy co rot mon
SV1856,Phan Thu Hùng,INT1003,Phát triển ứng dụng,INT1003_L01,tich_hop,2.0,1.5,2.044092,4.262751,6.094511,9.507514,7.601364,8.593727,6.03396361214774,An toan,8.567535,6.03396361214774,C+,An toan
SV1857,Vũ Thảo Trang,INT1003,Phát triển ứng dụng,INT1003_L01,tich_hop,2.0,1.5,5.1762,6.341866,8.518089,4.1867237,7.75925,4.2841797,6.135004043579102,Nguy co rot mon,5.4100513,6.135004043579102,C+,An toan
SV1857,Vũ Thảo Trang,INT1001,Lập trình Python,INT1001_L01,tich_hop,2.0,1.0,5.8790317,8.7492485,1.2901561,7.7732434,5.066517,4.0705857,5.416357676188151,Nguy co rot mon,5.6367817,5.416357676188151,D+,An toan
SV1857,Vũ Thảo Trang,GDTC101,Giáo dục thể chất 1*,GDTC101_L01,thuc_hanh,0.0,1.0,2.9218128,8.141575,2.2811372,6.9415517,3.722641,7.768994,2.3251519203186035,Nguy co rot mon,6.1443954,2.3251519203186035,F,Nguy co rot mon
SV1857,Vũ Thảo Trang,GDQP102,Giáo dục quốc phòng*,GDQP102_L01,ly_thuyet,3.0,0.0,6.900232,7.761225,1.7681621,8.723249,9.526868,8.519294,8.664953231811523,An toan,0.0,8.664953231811523,A,An toan
SV1858,Đỗ Hoàng Chinh,INT1002,Cơ sở dữ liệu,INT1002_L01,ly_thuyet,3.0,0.0,5.190241,6.98138,2.4255915,5.5949817,8.599114,7.1380672,2.5349340438842773,Nguy co rot mon,0.0,2.5349340438842773,F,Nguy co rot mon
SV1858,Đỗ Hoàng Chinh,GDQP102,Giáo dục quốc phòng*,GDQP102_L01,ly_thuyet,3.0,0.0,2.2865944,8.648301,6.2301817,9.008771,7.7739363,7.011603,7.230352401733398,An toan,0.0,7.230352401733398,B,An toan
SV1859,Phạm Đức Vy,INT1003,Phát triển ứng dụng,INT1003_L01,tich_hop,2.0,1.5,9.898876,2.5916512,8.465407,3.864628,8.837071,4.571954,6.459271362849644,An toan,5.7578845,6.459271362849644,C+,An toan
SV1859,Phạm Đức Vy,GDTC101,Giáo dục thể chất 1*,GDTC101_L01,thuc_hanh,0.0,1.0,8.313352,4.4777417,6.65783,6.128851,3.9505076,6.2475214,8.8765287399292,An toan,5.4422936,8.8765287399292,A,An toan
SV1860,Trần Ngọc Linh,INT1003,Phát triển ứng dụng,INT1003_L01,tich_hop,2.0,1.5,8.118266,3.4567974,9.609781,6.4140434,6.2731047,9.584709,7.216902528490339,Nguy co rot mon,7.4239526,7.216902528490339,B,An toan
SV1860,Trần Ngọc Linh,GDQP102,Giáo dục quốc phòng*,GDQP102_L01,ly_thuyet,3.0,0.0,6.2228384,6.4881864,5.683383,5.5164957,8.069834,7.5972,8.762221336364746,An toan,0.0,8.762221336364746,A,An toan
SV1860,Trần Ngọc Linh,INT1002,Cơ sở dữ liệu,INT1002_L01,ly_thuyet,3.0,0.0,6.0499444,6.0841975,4.0832963,6.351342,4.717656,3.4177637,6.852486610412598,An toan,0.0,6.852486610412598,C+,An toan
SV1861,Phan Hải Trang,INT1001,Lập trình Python,INT1001_L01,tich_hop,2.0,1.0,4.539345,9.939435,8.50987,3.720689,8.861488,8.4662,7.4472975730896,An toan,7.016126,7.4472975730896,B,An toan
SV1861,Phan Hải Trang,GDQP102,Giáo dục quốc phòng*,GDQP102_L01,ly_thuyet,3.0,0.0,5.612407,8.701469,6.1005635,3.8757844,6.892658,3.6825683,9.410750389099121,An toan,0.0,9.410750389099121,A+,An toan
SV1862,Bùi Đức Chinh,GDTC101,Giáo dục thể chất 1*,GDTC101_L01,thuc_hanh,0.0,1.0,7.631318,4.517804,9.424471,9.642296,6.3417697,6.548835,4.552951812744141,An toan,7.5109673,4.552951812744141,D,An toan
SV1862,Bùi Đức Chinh,GDQP102,Giáo dục quốc phòng*,GDQP102_L01,ly_thuyet,3.0,0.0,7.2340612,2.1769502,6.3531384,9.10479,8.613118,6.158752,8.119335174560547,An toan,0.0,8.119335174560547,B+,An toan
SV1862,Bùi Đức Chinh,INT1002,Cơ sở dữ liệu,INT1002_L01,ly_thuyet,3.0,0.0,6.2143784,7.5679874,7.4755406,4.5385118,8.817233,8.010451,5.122476100921631,An toan,0.0,5.122476100921631,D+,An toan
SV1863,Đỗ Hải Linh,INT1003,Phát triển ứng dụng,INT1003_L01,tich_hop,2.0,1.5,2.0987098,9.837316,4.635776,5.7964563,9.766473,6.8955164,6.364883150373187,Nguy co rot mon,7.486149,6.364883150373187,C+,An toan
SV1863,Đỗ Hải Linh,GDTC101,Giáo dục thể chất 1*,GDTC101_L01,thuc_hanh,0.0,1.0,6.4146333,7.5025554,9.211028,3.9506123,6.20328,4.470474,7.330289840698242,An toan,4.8747888,7.330289840698242,B,An toan
SV1863,Đỗ Hải Linh,GDQP102,Giáo dục quốc phòng*,GDQP102_L01,ly_thuyet,3.0,0.0,4.2508545,9.880185,5.1063304,6.790574,8.69786,8.353913,0.9734926819801331,Nguy co rot mon,0.0,0.9734926819801331,F,Nguy co rot mon
SV1864,Bùi Ngọc Chinh,GDQP102,Giáo dục quốc phòng*,GDQP102_L01,ly_thuyet,3.0,0.0,3.1406982,8.84938,8.300622,8.497517,8.134988,8.377028,1.883065938949585,Nguy co rot mon,0.0,1.883065938949585,F,Nguy co rot mon
SV1864,Bùi Ngọc Chinh,INT1001,Lập trình Python,INT1001_L01,tich_hop,2.0,1.0,8.016613,4.944577,2.4635606,7.3514123,5.740683,8.374589,5.812909762064616,Nguy co rot mon,7.1555614,5.812909762064616,C,An toan
SV1865,Hoàng Minh Hùng,INT1003,Phát triển ứng dụng,INT1003_L01,tich_hop,2.0,1.5,2.0320528,6.7186904,5.926632,3.7807615,4.1152644,9.612136,5.2968564714704245,An toan,5.836054,5.2968564714704245,D+,An toan
SV1865,Hoàng Minh Hùng,INT1001,Lập trình Python,INT1001_L01,tich_hop,2.0,1.0,4.2381473,3.4551818,3.54541,4.0799317,7.1890216,3.8314188,4.1753166516621905,An toan,5.0334573,4.1753166516621905,D,An toan
SV1865,Hoàng Minh Hùng,GDTC101,Giáo dục thể chất 1*,GDTC101_L01,thuc_hanh,0.0,1.0,2.8499777,8.483354,9.085894,9.245011,7.109515,9.075753,8.198598861694336,An toan,8.47676,8.198598861694336,B+,An toan
SV1866,Lê Thu Trang,INT1002,Cơ sở dữ liệu,INT1002_L01,ly_thuyet,3.0,0.0,5.9497175,2.36177,8.6317,9.792734,4.037416,4.511923,6.99627685546875,An toan,0.0,6.99627685546875,C+,An toan
SV1866,Lê Thu Trang,GDTC101,Giáo dục thể chất 1*,GDTC101_L01,thuc_hanh,0.0,1.0,3.661567,9.396837,5.440703,8.253326,5.193537,9.726621,4.949921607971191,An toan,7.724495,4.949921607971191,D,An toan
SV1866,Lê Thu Trang,GDQP102,Giáo dục quốc phòng*,GDQP102_L01,ly_thuyet,3.0,0.0,6.6705713,9.570363,3.9097931,3.89613,5.1939373,4.318233,2.85036563873291,Nguy co rot mon,0.0,2.85036563873291,F,Nguy co rot mon
SV1867,Phạm Văn Bình,INT1001,Lập trình Python,INT1001_L01,tich_hop,2.0,1.0,7.8816085,6.053341,9.765997,6.8546767,9.163569,4.439093,7.539914766947429,Nguy co rot mon,6.819113,7.539914766947429,B,An toan
SV1867,Phạm Văn Bình,INT1002,Cơ sở dữ liệu,INT1002_L01,ly_thuyet,3.0,0.0,4.6088066,3.5053904,2.8699791,7.769604,3.273432,7.2564197,9.392782211303711,An toan,0.0,9.392782211303711,A+,An toan
SV1867,Phạm Văn Bình,INT1003,Phát triển ứng dụng,INT1003_L01,tich_hop,2.0,1.5,5.9676847,8.01694,4.4267726,3.684944,9.804274,8.608043,6.6636843000139505,Nguy co rot mon,7.365753,6.6636843000139505,C+,An toan
SV1868,Hoàng Tuấn An,INT1003,Phát triển ứng dụng,INT1003_L01,tich_hop,2.0,1.5,3.030822,4.1410303,1.9293518,9.624376,8.787769,4.4810934,5.0040251186915805,Nguy co rot mon,7.631079,5.0040251186915805,D+,An toan
SV1868,Hoàng Tuấn An,INT1002,Cơ sở dữ liệu,INT1002_L01,ly_thuyet,3.0,0.0,9.810926,4.381262,1.6964612,8.26352,9.344372,8.163485,3.486837863922119,Nguy co rot mon,0.0,3.486837863922119,F,Nguy co rot mon
SV1868,Hoàng Tuấn An,GDQP102,Giáo dục quốc phòng*,GDQP102_L01,ly_thuyet,3.0,0.0,9.284003,7.9482994,7.3108516,6.557546,8.240454,5.083993,6.533940315246582,An toan,0.0,6.533940315246582,C+,An toan
SV1869,Phan Thảo Khoa,INT1003,Phát triển ứng dụng,INT1003_L01,tich_hop,2.0,1.5,9.373534,3.8241923,7.198794,5.0570927,4.795326,6.1418586,6.169948373522077,An toan,5.331426,6.169948373522077,C+,An toan
SV1869,Phan Thảo Khoa,GDTC101,Giáo dục thể chất 1*,GDTC101_L01,thuc_hanh,0.0,1.0,6.8618274,5.6366205,5.9681196,5.953746,3.1633031,3.724482,2.848480224609375,Nguy co rot mon,4.2805104,2.848480224609375,F,Nguy co rot mon
SV1870,Vũ Đức Chinh,INT1003,Phát triển ứng dụng,INT1003_L01,tich_hop,2.0,1.5,6.5762124,8.624375,1.0719291,8.969451,8.951109,3.986996,6.229178088051932,Nguy co rot mon,7.3025184,6.229178088051932,C+,An toan
SV1870,Vũ Đức Chinh,GDTC101,Giáo dục thể chất 1*,GDTC101_L01,thuc_hanh,0.0,1.0,4.891179,8.556162,1.1185219,8.267107,9.115548,9.721227,8.307694435119629,An toan,9.034627,8.307694435119629,B+,An toan
SV1871,Đặng Đức Trang,GDQP102,Giáo dục quốc phòng*,GDQP102_L01,ly_thuyet,3.0,0.0,4.714066,7.4016275,8.180941,8.671867,3.212424,5.381815,3.264464855194092,Nguy co rot mon,0.0,3.264464855194092,F,Nguy co rot mon
SV1871,Đặng Đức Trang,INT1002,Cơ sở dữ liệu,INT1002_L01,ly_thuyet,3.0,0.0,8.742272,3.1216283,3.3300881,5.317705,4.475844,3.7907827,0.914495587348938,Nguy co rot mon,0.0,0.914495587348938,F,Nguy co rot mon
SV1871,Đặng Đức Trang,GDTC101,Giáo dục thể chất 1*,GDTC101_L01,thuc_hanh,0.0,1.0,8.831455,6.4617405,6.040074,3.1768832,3.5889883,6.3881516,2.925187587738037,Nguy co rot mon,4.3846745,2.925187587738037,F,Nguy co rot mon
SV1871,Đặng Đức Trang,INT1003,Phát triển ứng dụng,INT1003_L01,tich_hop,2.0,1.5,3.7527819,6.98822,8.42614,7.40882,3.8374224,5.8585315,6.094423294067383,An toan,5.7015915,6.094423294067383,C+,An toan
SV1872,Hoàng Tuấn Khoa,INT1002,Cơ sở dữ liệu,INT1002_L01,ly_thuyet,3.0,0.0,3.8977032,3.3867612,2.5049863,6.220505,4.9661,6.9974685,0.08304334431886673,Nguy co rot mon,0.0,0.08304334431886673,F,Nguy co rot mon
SV1872,Hoàng Tuấn Khoa,INT1001,Lập trình Python,INT1001_L01,tich_hop,2.0,1.0,3.0955217,9.727609,5.424757,9.383123,8.658649,4.8012424,6.5931986172993975,An toan,7.6143384,6.5931986172993975,C+,An toan
SV1872,Hoàng Tuấn Khoa,GDQP102,Giáo dục quốc phòng*,GDQP102_L01,ly_thuyet,3.0,0.0,9.21257,6.7395144,7.891663,8.233932,9.980427,6.789589,9.377246856689453,An toan,0.0,9.377246856689453,A+,An toan
SV1873,Nguyễn Hoàng Trang,GDQP102,Giáo dục quốc phòng*,GDQP102_L01,ly_thuyet,3.0,0.0,3.7095437,5.3276067,7.278829,7.068117,4.500158,4.1030393,3.198547840118408,Nguy co rot mon,0.0,3.198547840118408,F,Nguy co rot mon
SV1873,Nguyễn Hoàng Trang,INT1001,Lập trình Python,INT1001_L01,tich_hop,2.0,1.0,8.667792,8.492227,9.1282625,4.812288,9.713989,6.4547334,8.173063437143961,Nguy co rot mon,6.99367,8.173063437143961,B+,An toan
SV1873,Nguyễn Hoàng Trang,INT1002,Cơ sở dữ liệu,INT1002_L01,ly_thuyet,3.0,0.0,9.366709,9.352295,2.387931,5.113331,3.6052966,7.457815,6.3736371994018555,An toan,0.0,6.3736371994018555,C+,An toan
SV1874,Đỗ Minh Linh,INT1002,Cơ sở dữ liệu,INT1002_L01,ly_thuyet,3.0,0.0,5.518377,5.4465446,7.1595235,5.9822145,3.4641733,7.190035,5.139392852783203,An toan,0.0,5.139392852783203,D+,An toan
SV1874,Đỗ Minh Linh,INT1001,Lập trình Python,INT1001_L01,tich_hop,2.0,1.0,4.013751,4.8221397,5.241927,3.5818477,6.9447117,6.00179,4.964887460072835,An toan,5.5094504,4.964887460072835,D,An toan
SV1874,Đỗ Minh Linh,GDQP102,Giáo dục quốc phòng*,GDQP102_L01,ly_thuyet,3.0,0.0,6.1750736,6.630833,7.183763,3.5882502,5.3998632,9.414642,2.0769786834716797,Nguy co rot mon,0.0,2.0769786834716797,F,Nguy co rot mon
SV1875,Trần Thị An,INT1001,Lập trình Python,INT1001_L01,tich_hop,2.0,1.0,9.154451,8.214148,6.620147,6.5391674,7.1311684,7.924689,7.730279604593913,An toan,7.1983414,7.730279604593913,B,An toan
SV1875,Trần Thị An,INT1003,Phát triển ứng dụng,INT1003_L01,tich_hop,2.0,1.5,9.621832,5.6731696,7.0502768,4.067531,8.338528,8.172813,7.196082864488874,Nguy co rot mon,6.8596244,7.196082864488874,B,An toan
SV1875,Trần Thị An,GDTC101,Giáo dục thể chất 1*,GDTC101_L01,thuc_hanh,0.0,1.0,6.3671303,9.181658,2.3196478,4.042654,8.250516,6.2120852,0.8436450958251953,Nguy co rot mon,6.1684184,0.8436450958251953,F,Nguy co rot mon
SV1876,Phạm Đức Anh,INT1003,Phát triển ứng dụng,INT1003_L01,tich_hop,2.0,1.5,4.1691813,9.096035,9.814205,3.2023046,6.6726627,4.4739437,6.445924758911133,An toan,4.7829704,6.445924758911133,C+,An toan
SV1876,Phạm Đức Anh,INT1002,Cơ sở dữ liệu,INT1002_L01,ly_thuyet,3.0,0.0,7.8977237,6.8731194,3.451846,4.855566,9.778707,4.207952,5.560391426086426,An toan,0.0,5.560391426086426,C,An toan
SV1876,Phạm Đức Anh,GDTC101,Giáo dục thể chất 1*,GDTC101_L01,thuc_hanh,0.0,1.0,3.0439951,3.1850047,2.609826,9.656962,6.859056,7.0989294,9.507980346679688,An toan,7.8716493,9.507980346679688,A+,An toan
SV1876,Phạm Đức Anh,GDQP102,Giáo dục quốc phòng*,GDQP102_L01,ly_thuyet,3.0,0.0,4.0636177,6.4038672,7.2638264,4.513682,7.142083,3.1106145,1.19440495967865,Nguy co rot mon,0.0,1.19440495967865,F,Nguy co rot mon
SV1877,Hoàng Văn Hùng,GDTC101,Giáo dục thể chất 1*,GDTC101_L01,thuc_hanh,0.0,1.0,6.2412868,4.375789,2.741982,6.0144377,5.1123567,3.0358539,6.296943664550781,An toan,4.720883,6.296943664550781,C+,An toan
SV1877,Hoàng Văn Hùng,INT1001,Lập trình Python,INT1001_L01,tich_hop,2.0,1.0,3.5085468,4.824266,6.599687,5.718667,7.5026274,4.9494967,5.3373104731241865,An toan,6.0569305,5.3373104731241865,D+,An toan
SV1878,Lê Hoàng Anh,INT1003,Phát triển ứng dụng,INT1003_L01,tich_hop,2.0,1.5,8.181759,2.0434954,7.8239064,4.5113287,7.893568,3.4103768,5.697259834834507,An toan,5.2717576,5.697259834834507,C,An toan
SV1878,Lê Hoàng Anh,GDTC101,Giáo dục thể chất 1*,GDTC101_L01,thuc_hanh,0.0,1.0,8.33971,8.026179,8.172056,5.571164,6.4132323,5.6022186,9.404879570007324,An toan,5.862205,9.404879570007324,A+,An toan
SV1879,Lê Minh Đức,INT1002,Cơ sở dữ liệu,INT1002_L01,ly_thuyet,3.0,0.0,7.9940395,2.0220466,6.4754786,4.5411124,5.6678734,5.7745676,7.710679054260254,An toan,0.0,7.710679054260254,B,An toan
SV1879,Lê Minh Đức,INT1001,Lập trình Python,INT1001_L01,tich_hop,2.0,1.0,8.282136,7.7775755,8.529681,9.110939,6.5985045,4.03125,7.65772008895874,Nguy co rot mon,6.580231,7.65772008895874,B,An toan
SV1879,Lê Minh Đức,INT1003,Phát triển ứng dụng,INT1003_L01,tich_hop,2.0,1.5,3.100862,6.729234,9.179801,4.4654183,3.7295809,6.223528,5.680722304752895,Nguy co rot mon,4.8061757,5.680722304752895,C,An toan
SV1880,Bùi Tuấn Nam,GDQP102,Giáo dục quốc phòng*,GDQP102_L01,ly_thuyet,3.0,0.0,9.166106,2.3035676,4.2543745,6.912223,6.201113,3.4219673,5.9682135581970215,An toan,0.0,5.9682135581970215,C,An toan
SV1880,Bùi Tuấn Nam,INT1003,Phát triển ứng dụng,INT1003_L01,tich_hop,2.0,1.5,5.2933326,2.7496514,4.428457,5.8938217,7.1263194,6.246436,5.127880981990269,An toan,6.422193,5.127880981990269,D+,An toan
SV1881,Trần Ngọc Đức,GDTC101,Giáo dục thể chất 1*,GDTC101_L01,thuc_hanh,0.0,1.0,4.7876835,5.3544283,2.4837677,4.48758,5.3225193,8.254023,2.741575002670288,Nguy co rot mon,6.0213737,2.741575002670288,F,Nguy co rot mon
SV1881,Trần Ngọc Đức,INT1001,Lập trình Python,INT1001_L01,tich_hop,2.0,1.0,5.7465305,5.653582,6.589542,3.3754933,9.300584,9.6144085,6.474421660105388,Nguy co rot mon,7.430162,6.474421660105388,C+,An toan
SV1881,Trần Ngọc Đức,INT1002,Cơ sở dữ liệu,INT1002_L01,ly_thuyet,3.0,0.0,6.897862,8.815138,3.291366,7.338676,6.7031207,6.9999237,1.193907380104065,Nguy co rot mon,0.0,1.193907380104065,F,Nguy co rot mon
SV1881,Trần Ngọc Đức,INT1003,Phát triển ứng dụng,INT1003_L01,tich_hop,2.0,1.5,9.39137,6.141384,8.886086,5.4296126,4.7978916,4.1888247,6.71068320955549,An toan,4.8054433,6.71068320955549,C+,An toan
SV1882,Bùi Ngọc Phương,INT1002,Cơ sở dữ liệu,INT1002_L01,ly_thuyet,3.0,0.0,8.013727,9.076871,4.7657967,5.512687,4.3547716,7.158414,8.789132118225098,An toan,0.0,8.789132118225098,A,An toan
SV1882,Bùi Ngọc Phương,INT1003,Phát triển ứng dụng,INT1003_L01,tich_hop,2.0,1.5,7.146261,8.176472,3.554468,5.628995,4.102486,6.4523335,5.907630988529751,An toan,5.394605,5.907630988529751,C,An toan
SV1882,Bùi Ngọc Phương,GDTC101,Giáo dục thể chất 1*,GDTC101_L01,thuc_hanh,0.0,1.0,8.886404,7.5647335,2.227364,3.6848948,4.2153053,7.429016,5.41431188583374,An toan,5.109739,5.41431188583374,D+,An toan
SV1882,Bùi Ngọc Phương,GDQP102,Giáo dục quốc phòng*,GDQP102_L01,ly_thuyet,3.0,0.0,6.163029,7.3359075,5.2667155,6.3165736,4.136322,7.179837,0.036907974630594254,Nguy co rot mon,0.0,0.036907974630594254,F,Nguy co rot mon
SV1883,Hoàng Minh Bình,GDTC101,Giáo dục thể chất 1*,GDTC101_L01,thuc_hanh,0.0,1.0,7.2452726,7.2948155,1.3223692,3.1949089,5.0778327,9.976898,7.568394660949707,An toan,6.0832133,7.568394660949707,B,An toan
SV1883,Hoàng Minh Bình,INT1003,Phát triển ứng dụng,INT1003_L01,tich_hop,2.0,1.5,3.7493372,5.114097,6.251454,4.258813,7.077573,4.5620375,5.150229385920933,Nguy co rot mon,5.2994742,5.150229385920933,D+,An toan
SV1883,Hoàng Minh Bình,INT1001,Lập trình Python,INT1001_L01,tich_hop,2.0,1.0,2.7084389,5.449278,3.0379736,8.791855,3.8431184,3.159609,4.242884635925293,Nguy co rot mon,5.2648606,4.242884635925293,D,An toan
SV1884,Phan Thị Nam,GDTC101,Giáo dục thể chất 1*,GDTC101_L01,thuc_hanh,0.0,1.0,5.054872,2.066822,7.386229,9.15227,4.3627505,5.902133,8.817744255065918,An toan,6.472384,8.817744255065918,A,An toan
SV1884,Phan Thị Nam,GDQP102,Giáo dục quốc phòng*,GDQP102_L01,ly_thuyet,3.0,0.0,7.6039333,6.951369,1.8792955,7.868134,5.4551635,8.39999,1.0485103130340576,Nguy co rot mon,0.0,1.0485103130340576,F,Nguy co rot mon
SV1884,Phan Thị Nam,INT1002,Cơ sở dữ liệu,INT1002_L01,ly_thuyet,3.0,0.0,2.1744518,5.0524726,3.5301366,7.017501,7.8279395,5.1072974,3.0524790287017822,Nguy co rot mon,0.0,3.0524790287017822,F,Nguy co rot mon
SV1885,Trần Thu Linh,GDTC101,Giáo dục thể chất 1*,GDTC101_L01,thuc_hanh,0.0,1.0,4.3493385,8.393016,4.4998307,6.830086,6.888737,6.5919275,3.5777456760406494,Nguy co rot mon,6.7702503,3.5777456760406494,F,Nguy co rot mon
SV1885,Trần Thu Linh,INT1001,Lập trình Python,INT1001_L01,tich_hop,2.0,1.0,5.471316,7.8315725,5.591346,7.888348,8.331974,8.51532,6.947123209635417,An toan,8.2452135,6.947123209635417,C+,An toan
SV1885,Trần Thu Linh,INT1002,Cơ sở dữ liệu,INT1002_L01,ly_thuyet,3.0,0.0,8.810648,8.463178,2.6931815,3.1186717,5.0081725,9.4779415,1.8765126466751099,Nguy co rot mon,0.0,1.8765126466751099,F,Nguy co rot mon
SV1886,Phan Tuấn Phương,GDTC101,Giáo dục thể chất 1*,GDTC101_L01,thuc_hanh,0.0,1.0,5.1206307,5.157263,2.7539566,7.8900003,5.321876,9.751057,0.1679992824792862,Nguy co rot mon,7.6543107,0.1679992824792862,F,Nguy co rot mon
SV1886,Phan Tuấn Phương,INT1001,Lập trình Python,INT1001_L01,tich_hop,2.0,1.0,2.7420087,3.2148046,3.5160377,4.188004,6.7457848,6.004058,3.987060864766439,Nguy co rot mon,5.645949,3.987060864766439,F,Nguy co rot mon
SV1886,Phan Tuấn Phương,GDQP102,Giáo dục quốc phòng*,GDQP102_L01,ly_thuyet,3.0,0.0,6.623073,7.2349453,9.706781,9.874125,7.5221434,6.297254,7.908076286315918,An toan,0.0,7.908076286315918,B,An toan
SV1887,Đặng Thị Hùng,INT1001,Lập trình Python,INT1001_L01,tich_hop,2.0,1.0,3.0906897,3.6528635,4.360321,6.7546597,3.7390156,9.556767,4.695354461669922,Nguy co rot mon,6.6834807,4.695354461669922,D,An toan
SV1887,Đặng Thị Hùng,GDTC101,Giáo dục thể chất 1*,GDTC101_L01,thuc_hanh,0.0,1.0,3.4035585,8.528688,6.1041875,3.4965892,7.7698216,6.117792,6.446439743041992,An toan,5.7947345,6.446439743041992,C+,An toan
SV1888,Phạm Thu Chinh,GDTC101,Giáo dục thể chất 1*,GDTC101_L01,thuc_hanh,0.0,1.0,3.3055363,6.5890417,5.519008,6.471446,9.74367,8.108759,8.46589469909668,An toan,8.107959,8.46589469909668,B+,An toan
SV1888,Phạm Thu Chinh,INT1001,Lập trình Python,INT1001_L01,tich_hop,2.0,1.0,3.900773,3.040801,5.149728,4.4996147,4.1778407,4.8246365,4.187188625335693,An toan,4.5006976,4.187188625335693,D,An toan
SV1888,Phạm Thu Chinh,INT1002,Cơ sở dữ liệu,INT1002_L01,ly_thuyet,3.0,0.0,7.4019446,9.893739,5.5474114,4.9700074,9.177153,9.208924,3.5863771438598633,Nguy co rot mon,0.0,3.5863771438598633,F,Nguy co rot mon
SV1889,Lê Tuấn Vy,GDTC101,Giáo dục thể chất 1*,GDTC101_L01,thuc_hanh,0.0,1.0,3.2055583,9.046564,5.8800044,7.474089,4.1145225,5.823798,9.31222152709961,An toan,5.8041368,9.31222152709961,A+,An toan
SV1889,Lê Tuấn Vy,GDQP102,Giáo dục quốc phòng*,GDQP102_L01,ly_thuyet,3.0,0.0,3.82407,3.4353092,5.0318627,7.461699,7.0549674,9.905264,7.899084568023682,An toan,0.0,7.899084568023682,B,An toan
SV1889,Lê Tuấn Vy,INT1003,Phát triển ứng dụng,INT1003_L01,tich_hop,2.0,1.5,6.6411304,7.4299955,9.385782,4.64819,4.661809,9.328118,7.130571024758475,An toan,6.212706,7.130571024758475,B,An toan
SV1890,Nguyễn Hải Trang,INT1003,Phát triển ứng dụng,INT1003_L01,tich_hop,2.0,1.5,8.178644,7.118191,4.501892,5.1441107,7.657591,8.216708,6.773815904344831,An toan,7.0061364,6.773815904344831,C+,An toan
SV1890,Nguyễn Hải Trang,INT1001,Lập trình Python,INT1001_L01,tich_hop,2.0,1.0,8.982568,5.636069,1.0825502,3.2791066,5.6734905,9.184981,5.504438877105713,Nguy co rot mon,6.045859,5.504438877105713,C,An toan
SV1891,Vũ Minh Nam,GDTC101,Giáo dục thể chất 1*,GDTC101_L01,thuc_hanh,0.0,1.0,9.693668,2.2899868,1.6743977,7.132201,8.84347,5.301363,5.414350986480713,An toan,7.0923448,5.414350986480713,D+,An toan
SV1891,Vũ Minh Nam,INT1001,Lập trình Python,INT1001_L01,tich_hop,2.0,1.0,3.168946,6.3893843,4.5788026,4.9899898,5.898908,9.643146,5.42292324701945,An toan,6.8440146,5.42292324701945,D+,An toan
SV1891,Vũ Minh Nam,GDQP102,Giáo dục quốc phòng*,GDQP102_L01,ly_thuyet,3.0,0.0,8.01681,2.6885586,8.324862,4.763155,7.7003384,4.987502,0.3304055333137512,Nguy co rot mon,0.0,0.3304055333137512,F,Nguy co rot mon
SV1891,Vũ Minh Nam,INT1002,Cơ sở dữ liệu,INT1002_L01,ly_thuyet,3.0,0.0,5.94124,4.1871986,2.329493,5.271172,9.149261,8.370275,8.454438209533691,An toan,0.0,8.454438209533691,B+,An toan
SV1892,Hoàng Thảo Hùng,INT1001,Lập trình Python,INT1001_L01,tich_hop,2.0,1.0,9.65891,6.3575706,6.8556952,7.311107,6.990449,4.622598,7.185389359792073,An toan,6.3080516,7.185389359792073,B,An toan
SV1892,Hoàng Thảo Hùng,GDTC101,Giáo dục thể chất 1*,GDTC101_L01,thuc_hanh,0.0,1.0,5.6276245,4.7668967,2.9068367,5.8776975,9.891456,4.9018674,0.8688616156578064,Nguy co rot mon,6.8903403,0.8688616156578064,F,Nguy co rot mon
SV1893,Trần Hoàng Đức,INT1001,Lập trình Python,INT1001_L01,tich_hop,2.0,1.0,3.5106335,3.9143279,6.0859914,9.19223,9.717276,8.689229,6.068959871927897,An toan,9.199578,6.068959871927897,C+,An toan
SV1893,Trần Hoàng Đức,INT1003,Phát triển ứng dụng,INT1003_L01,tich_hop,2.0,1.5,6.906799,3.3379333,1.5445299,8.470494,8.446819,8.639133,5.896494456699917,Nguy co rot mon,8.518815,5.896494456699917,C,An toan
SV1893,Trần Hoàng Đức,INT1002,Cơ sở dữ liệu,INT1002_L01,ly_thuyet,3.0,0.0,4.027756,3.4454508,7.8657017,5.4661913,7.0790462,6.985002,7.178639888763428,An toan,0.0,7.178639888763428,B,An toan
SV1893,Trần Hoàng Đức,GDQP102,Giáo dục quốc phòng*,GDQP102_L01,ly_thuyet,3.0,0.0,6.1844244,8.311758,1.2927883,7.1881094,5.0974927,6.463281,5.354493618011475,An toan,0.0,5.354493618011475,D+,An toan
SV1894,Vũ Văn Linh,INT1002,Cơ sở dữ liệu,INT1002_L01,ly_thuyet,3.0,0.0,2.3056946,4.581866,6.062772,6.600309,8.132433,5.06656,7.422730445861816,An toan,0.0,7.422730445861816,B,An toan
SV1894,Vũ Văn Linh,GDTC101,Giáo dục thể chất 1*,GDTC101_L01,thuc_hanh,0.0,1.0,4.7054553,3.9936168,1.3149141,5.148185,8.163369,6.94894,1.8190058469772339,Nguy co rot mon,6.753498,1.8190058469772339,F,Nguy co rot mon
SV1894,Vũ Văn Linh,INT1003,Phát triển ứng dụng,INT1003_L01,tich_hop,2.0,1.5,2.178807,9.983066,1.0865532,5.2478385,7.1783805,6.136286,5.175296034131732,Nguy co rot mon,6.1875014,5.175296034131732,D+,An toan
SV1895,Đặng Minh Chinh,INT1002,Cơ sở dữ liệu,INT1002_L01,ly_thuyet,3.0,0.0,9.293034,3.1461968,1.2663479,7.4730277,7.846961,8.289184,9.392436027526855,An toan,0.0,9.392436027526855,A+,An toan
SV1895,Đặng Minh Chinh,INT1003,Phát triển ứng dụng,INT1003_L01,tich_hop,2.0,1.5,6.964882,5.698284,8.472751,7.659869,8.710932,3.6098552,6.880268437521798,An toan,6.6602187,6.880268437521798,C+,An toan
SV1895,Đặng Minh Chinh,INT1001,Lập trình Python,INT1001_L01,tich_hop,2.0,1.0,3.809,3.662308,9.244516,9.455969,6.457357,5.5783854,6.102595488230388,Nguy co rot mon,7.1639037,6.102595488230388,C+,An toan
SV1896,Phan Ngọc Vy,INT1002,Cơ sở dữ liệu,INT1002_L01,ly_thuyet,3.0,0.0,3.5119603,5.3765707,9.253593,8.2302,4.4687853,5.3482523,1.1695913076400757,Nguy co rot mon,0.0,1.1695913076400757,F,Nguy co rot mon
SV1896,Phan Ngọc Vy,INT1001,Lập trình Python,INT1001_L01,tich_hop,2.0,1.0,9.180171,6.3928337,4.203491,4.949381,5.74184,4.4989576,6.082574685414632,An toan,5.063393,6.082574685414632,C+,An toan
SV1897,Nguyễn Tuấn Phương,GDQP102,Giáo dục quốc phòng*,GDQP102_L01,ly_thuyet,3.0,0.0,9.341207,2.769209,1.0038446,4.9559255,4.149012,9.350876,1.2121076583862305,Nguy co rot mon,0.0,1.2121076583862305,F,Nguy co rot mon
SV1897,Nguyễn Tuấn Phương,INT1002,Cơ sở dữ liệu,INT1002_L01,ly_thuyet,3.0,0.0,6.8168163,7.3330846,4.702641,9.523706,7.967644,6.9197807,2.1182830333709717,Nguy co rot mon,0.0,2.1182830333709717,F,Nguy co rot mon
SV1897,Nguyễn Tuấn Phương,GDTC101,Giáo dục thể chất 1*,GDTC101_L01,thuc_hanh,0.0,1.0,8.397098,3.2851336,3.2664258,5.2266064,4.101603,4.490021,6.830867290496826,An toan,4.6060767,6.830867290496826,C+,An toan
SV1898,Phạm Minh Trang,GDQP102,Giáo dục quốc phòng*,GDQP102_L01,ly_thuyet,3.0,0.0,7.4512496,4.7330484,9.068936,7.1517496,8.030438,9.597588,9.523819923400879,An toan,0.0,9.523819923400879,A+,An toan
SV1898,Phạm Minh Trang,GDTC101,Giáo dục thể chất 1*,GDTC101_L01,thuc_hanh,0.0,1.0,9.957682,7.932855,4.6909723,7.4700403,9.177799,5.6343093,6.390728950500488,An toan,7.427383,6.390728950500488,C+,An toan
SV1898,Phạm Minh Trang,INT1001,Lập trình Python,INT1001_L01,tich_hop,2.0,1.0,3.5801451,5.312491,6.147113,8.205934,9.266061,5.719749,5.919027010599772,Nguy co rot mon,7.7305813,5.919027010599772,C,An toan
SV1898,Phạm Minh Trang,INT1003,Phát triển ứng dụng,INT1003_L01,tich_hop,2.0,1.5,8.943323,7.3518553,4.5196357,6.02361,6.6596866,9.541302,7.139668873378208,An toan,7.4081993,7.139668873378208,B,An toan
SV1899,Phạm Hải Bình,INT1001,Lập trình Python,INT1001_L01,tich_hop,2.0,1.0,5.383889,3.0129163,7.3986793,8.495632,6.77761,8.6375065,6.166857401529948,Nguy co rot mon,7.970249,6.166857401529948,C+,An toan
SV1899,Phạm Hải Bình,INT1002,Cơ sở dữ liệu,INT1002_L01,ly_thuyet,3.0,0.0,5.498081,7.4212856,6.2789264,9.864633,5.908344,4.4877357,9.251818656921387,An toan,0.0,9.251818656921387,A+,An toan
SV1899,Phạm Hải Bình,GDTC101,Giáo dục thể chất 1*,GDTC101_L01,thuc_hanh,0.0,1.0,6.601068,2.4005072,7.610789,8.780303,8.699001,8.188148,6.996850490570068,An toan,8.555818,6.996850490570068,C+,An toan
SV1899,Phạm Hải Bình,GDQP102,Giáo dục quốc phòng*,GDQP102_L01,ly_thuyet,3.0,0.0,5.181831,2.789062,7.4223084,3.645237,8.188415,7.8007417,1.0711487531661987,Nguy co rot mon,0.0,1.0711487531661987,F,Nguy co rot mon
SV1900,Phạm Ngọc Phương,GDQP102,Giáo dục quốc phòng*,GDQP102_L01,ly_thuyet,3.0,0.0,7.4440885,8.301538,7.3703413,4.43754,7.0809054,8.642964,6.038671016693115,An toan,0.0,6.038671016693115,C+,An toan
SV1900,Phạm Ngọc Phương,INT1001,Lập trình Python,INT1001_L01,tich_hop,2.0,1.0,5.669024,9.699127,1.6167583,7.3110456,5.838559,7.526244,6.071740945180257,An toan,6.89195,6.071740945180257,C+,An toan
SV1900,Phạm Ngọc Phương,INT1002,Cơ sở dữ liệu,INT1002_L01,ly_thuyet,3.0,0.0,8.814585,8.882466,3.321569,3.3667893,3.5929673,3.4604657,2.8093934059143066,Nguy co rot mon,0.0,2.8093934059143066,F,Nguy co rot mon
SV1901,Nguyễn Ngọc Trang,GDTC101,Giáo dục thể chất 1*,GDTC101_L01,thuc_hanh,0.0,1.0,6.897079,6.78596,7.7667828,4.4146247,5.9089274,9.081997,6.1352410316467285,An toan,6.468516,6.1352410316467285,C+,An toan
SV1901,Nguyễn Ngọc Trang,INT1003,Phát triển ứng dụng,INT1003_L01,tich_hop,2.0,1.5,8.212639,2.4600332,9.656349,6.9282517,4.3178153,3.128726,5.925736495426723,Nguy co rot mon,4.791598,5.925736495426723,C,An toan
SV1902,Hoàng Ngọc Vy,INT1002,Cơ sở dữ liệu,INT1002_L01,ly_thuyet,3.0,0.0,6.161673,3.7384727,8.543013,9.61407,8.408529,7.836622,1.2941529750823975,Nguy co rot mon,0.0,1.2941529750823975,F,Nguy co rot mon
SV1902,Hoàng Ngọc Vy,INT1001,Lập trình Python,INT1001_L01,tich_hop,2.0,1.0,7.88198,9.7818365,8.113667,6.124515,7.4774804,8.855758,8.223635196685791,An toan,7.4859176,8.223635196685791,B+,An toan
SV1902,Hoàng Ngọc Vy,GDQP102,Giáo dục quốc phòng*,GDQP102_L01,ly_thuyet,3.0,0.0,4.2430253,2.862468,3.6326702,8.796551,7.129727,7.6601863,4.118479251861572,An toan,0.0,4.118479251861572,D,An toan
SV1903,Phan Ngọc Chinh,INT1003,Phát triển ứng dụng,INT1003_L01,tich_hop,2.0,1.5,8.844376,3.6929584,6.579452,3.5395133,4.0726004,4.0931973,5.3134801387786865,An toan,3.9017704,5.3134801387786865,D+,An toan
SV1903,Phan Ngọc Chinh,GDTC101,Giáo dục thể chất 1*,GDTC101_L01,thuc_hanh,0.0,1.0,5.707678,5.677304,5.0648127,9.215324,6.6324406,7.786879,3.3036913871765137,Nguy co rot mon,7.8782144,3.3036913871765137,F,Nguy co rot mon
SV1903,Phan Ngọc Chinh,GDQP102,Giáo dục quốc phòng*,GDQP102_L01,ly_thuyet,3.0,0.0,2.3425841,2.3185897,8.602016,8.751225,3.319767,7.26503,5.8326849937438965,An toan,0.0,5.8326849937438965,C,An toan
SV1903,Phan Ngọc Chinh,INT1001,Lập trình Python,INT1001_L01,tich_hop,2.0,1.0,4.9628816,8.711778,3.821062,3.4294698,5.1393986,3.1937017,5.194890419642131,Nguy co rot mon,3.9208567,5.194890419642131,D+,An toan
SV1904,Lê Tuấn Khoa,INT1002,Cơ sở dữ liệu,INT1002_L01,ly_thuyet,3.0,0.0,7.621411,5.933646,3.4678793,5.415497,6.2538652,8.66393,1.5026003122329712,Nguy co rot mon,0.0,1.5026003122329712,F,Nguy co rot mon
SV1904,Lê Tuấn Khoa,GDTC101,Giáo dục thể chất 1*,GDTC101_L01,thuc_hanh,0.0,1.0,5.3820834,9.809027,2.8887644,8.846818,7.1051655,5.4024363,7.165955066680908,An toan,7.1181397,7.165955066680908,B,An toan
SV1904,Lê Tuấn Khoa,INT1003,Phát triển ứng dụng,INT1003_L01,tich_hop,2.0,1.5,4.056902,6.9978533,4.081515,8.520333,4.648442,7.5483103,5.842682906559536,An toan,6.9056954,5.842682906559536,C,An toan
SV1905,Bùi Thị Linh,INT1001,Lập trình Python,INT1001_L01,tich_hop,2.0,1.0,4.520539,3.1122935,3.1842442,6.611927,5.670162,9.988786,4.878336270650228,Nguy co rot mon,7.4236245,4.878336270650228,D,An toan
SV1905,Bùi Thị Linh,GDQP102,Giáo dục quốc phòng*,GDQP102_L01,ly_thuyet,3.0,0.0,8.923928,3.4833393,4.600156,7.0310864,5.131385,4.770082,5.422170639038086,An toan,0.0,5.422170639038086,D+,An toan
SV1905,Bùi Thị Linh,INT1002,Cơ sở dữ liệu,INT1002_L01,ly_thuyet,3.0,0.0,5.312994,2.9205396,1.8170412,8.750596,4.0467505,4.825107,4.709372043609619,An toan,0.0,4.709372043609619,D,An toan
SV1906,Hoàng Ngọc Nam,INT1003,Phát triển ứng dụng,INT1003_L01,tich_hop,2.0,1.5,3.6921093,9.910882,7.435987,9.664235,6.9925666,6.0276227,7.24805634362357,An toan,7.5614743,7.24805634362357,B,An toan
SV1906,Hoàng Ngọc Nam,GDQP102,Giáo dục quốc phòng*,GDQP102_L01,ly_thuyet,3.0,0.0,3.1599672,7.5065823,3.2391999,3.699049,4.6668744,7.8903112,9.692151069641113,An toan,0.0,9.692151069641113,A+,An toan
SV1907,Trần Thu Linh,INT1001,Lập trình Python,INT1001_L01,tich_hop,2.0,1.0,6.704602,2.782127,4.516715,8.149563,9.391654,5.0609,5.623222827911377,An toan,7.534039,5.623222827911377,C,An toan
SV1907,Trần Thu Linh,GDQP102,Giáo dục quốc phòng*,GDQP102_L01,ly_thuyet,3.0,0.0,7.7867837,8.308593,1.6625459,7.1580234,4.3687253,4.0523214,7.141225337982178,An toan,0.0,7.141225337982178,B,An toan
SV1907,Trần Thu Linh,INT1002,Cơ sở dữ liệu,INT1002_L01,ly_thuyet,3.0,0.0,4.331999,8.220342,1.5794972,3.1590874,9.624442,8.6941,6.033656120300293,An toan,0.0,6.033656120300293,C+,An toan
SV1908,Lê Hải Linh,INT1002,Cơ sở dữ liệu,INT1002_L01,ly_thuyet,3.0,0.0,6.997785,3.2581985,5.875817,8.752761,5.0182667,3.0889337,5.116513729095459,An toan,0.0,5.116513729095459,D+,An toan
SV1908,Lê Hải Linh,GDTC101,Giáo dục thể chất 1*,GDTC101_L01,thuc_hanh,0.0,1.0,5.60286,3.1641266,2.3408687,8.437959,8.2060795,8.279306,4.984646320343018,An toan,8.307782,4.984646320343018,D,An toan
SV1908,Lê Hải Linh,GDQP102,Giáo dục quốc phòng*,GDQP102_L01,ly_thuyet,3.0,0.0,8.890715,8.351953,2.9519165,7.6391935,3.6605575,3.5564733,4.859460830688477,An toan,0.0,4.859460830688477,D,An toan
SV1909,Phạm Hoàng Bình,INT1002,Cơ sở dữ liệu,INT1002_L01,ly_thuyet,3.0,0.0,9.9724245,2.212951,1.1050111,5.624965,9.905418,3.7545207,8.072526931762695,An toan,0.0,8.072526931762695,B+,An toan
SV1909,Phạm Hoàng Bình,GDQP102,Giáo dục quốc phòng*,GDQP102_L01,ly_thuyet,3.0,0.0,8.850662,3.0066297,7.62686,8.712306,7.991235,6.67598,8.530158996582031,An toan,0.0,8.530158996582031,A,An toan
SV1909,Phạm Hoàng Bình,INT1001,Lập trình Python,INT1001_L01,tich_hop,2.0,1.0,5.508029,3.9858046,5.0450163,7.3519526,8.444885,7.9157033,5.865582466125488,An toan,7.9041805,5.865582466125488,C,An toan
SV1909,Phạm Hoàng Bình,INT1003,Phát triển ứng dụng,INT1003_L01,tich_hop,2.0,1.5,9.31428,2.5860794,8.2527485,7.870967,8.594627,5.4109116,6.963902405330113,An toan,7.292169,6.963902405330113,C+,An toan
SV1910,Lê Hoàng Trang,INT1002,Cơ sở dữ liệu,INT1002_L01,ly_thuyet,3.0,0.0,4.8370376,4.458194,3.2027037,4.5713067,4.1925597,4.3753533,8.50409984588623,An toan,0.0,8.50409984588623,A,An toan
SV1910,Lê Hoàng Trang,GDTC101,Giáo dục thể chất 1*,GDTC101_L01,thuc_hanh,0.0,1.0,3.705407,7.7125254,7.8467994,3.6708133,9.113129,9.004525,0.2568042278289795,Nguy co rot mon,7.2628226,0.2568042278289795,F,Nguy co rot mon
SV1910,Lê Hoàng Trang,INT1001,Lập trình Python,INT1001_L01,tich_hop,2.0,1.0,8.097151,8.76631,1.6978567,7.5917525,6.6132054,5.8238497,6.350160280863444,An toan,6.6762695,6.350160280863444,C+,An toan
SV1911,Hoàng Hoàng Linh,GDQP102,Giáo dục quốc phòng*,GDQP102_L01,ly_thuyet,3.0,0.0,4.540761,8.208585,4.9206123,7.0003757,7.814716,4.848469,6.2180681228637695,An toan,0.0,6.2180681228637695,C+,An toan
SV1911,Hoàng Hoàng Linh,INT1001,Lập trình Python,INT1001_L01,tich_hop,2.0,1.0,9.876628,9.558886,6.4332027,6.0789065,9.900159,5.736817,8.161478837331137,Nguy co rot mon,7.238627,8.161478837331137,B+,An toan
SV1911,Hoàng Hoàng Linh,INT1002,Cơ sở dữ liệu,INT1002_L01,ly_thuyet,3.0,0.0,8.480971,4.119009,1.418741,6.0590363,5.5136404,9.846271,9.149303436279297,An toan,0.0,9.149303436279297,A+,An toan
SV1912,Nguyễn Thu Trang,GDQP102,Giáo dục quốc phòng*,GDQP102_L01,ly_thuyet,3.0,0.0,5.122133,4.7507815,9.620196,8.652124,7.8041687,7.2047086,5.658502101898193,An toan,0.0,5.658502101898193,C,An toan
SV1912,Nguyễn Thu Trang,INT1003,Phát triển ứng dụng,INT1003_L01,tich_hop,2.0,1.5,7.1442413,5.733285,3.7752533,9.538259,8.916575,7.897453,6.936570303780692,Nguy co rot mon,8.784096,6.936570303780692,C+,An toan
SV1913,Trần Thu Trang,GDQP102,Giáo dục quốc phòng*,GDQP102_L01,ly_thuyet,3.0,0.0,9.336966,5.6593556,2.5851843,8.813554,5.749674,4.9624414,3.9312076568603516,Nguy co rot mon,0.0,3.9312076568603516,F,Nguy co rot mon
SV1913,Trần Thu Trang,INT1002,Cơ sở dữ liệu,INT1002_L01,ly_thuyet,3.0,0.0,6.5916023,5.058812,1.7706987,6.735745,4.328544,5.3920703,9.598381042480469,An toan,0.0,9.598381042480469,A+,An toan
SV1914,Bùi Minh Hùng,GDQP102,Giáo dục quốc phòng*,GDQP102_L01,ly_thuyet,3.0,0.0,5.4889393,7.542574,8.996413,4.563508,4.9997897,3.3784215,8.091248512268066,An toan,0.0,8.091248512268066,B+,An toan
SV1914,Bùi Minh Hùng,GDTC101,Giáo dục thể chất 1*,GDTC101_L01,thuc_hanh,0.0,1.0,7.1556993,4.160956,3.5696988,5.584561,6.5585213,9.150718,2.1440999507904053,Nguy co rot mon,7.0979333,2.1440999507904053,F,Nguy co rot mon
SV1914,Bùi Minh Hùng,INT1003,Phát triển ứng dụng,INT1003_L01,tich_hop,2.0,1.5,3.8242445,8.55674,8.892116,7.0629654,4.7681417,6.054462,6.607100418635777,Nguy co rot mon,5.9618564,6.607100418635777,C+,An toan
SV1915,Nguyễn Tuấn Hùng,INT1001,Lập trình Python,INT1001_L01,tich_hop,2.0,1.0,3.9749622,5.1674194,7.163189,5.613326,3.546694,7.0876384,5.428755442301433,Nguy co rot mon,5.415886,5.428755442301433,D+,An toan
SV1915,Nguyễn Tuấn Hùng,GDTC101,Giáo dục thể chất 1*,GDTC101_L01,thuc_hanh,0.0,1.0,6.835855,2.6893826,5.350426,3.8096275,7.0501075,4.466971,8.539642333984375,An toan,5.108902,8.539642333984375,A,An toan
SV1915,Nguyễn Tuấn Hùng,INT1003,Phát triển ứng dụng,INT1003_L01,tich_hop,2.0,1.5,9.009488,3.7411265,2.0746,5.8887424,4.1290174,4.1175213,4.843176092420306,Nguy co rot mon,4.71176,4.843176092420306,D,An toan
SV1916,Nguyễn Hoàng Trang,INT1003,Phát triển ứng dụng,INT1003_L01,tich_hop,2.0,1.5,6.3275037,7.6784024,8.701873,7.734279,6.2934065,3.591828,6.84236444745745,An toan,5.873171,6.84236444745745,C+,An toan
SV1916,Nguyễn Hoàng Trang,INT1001,Lập trình Python,INT1001_L01,tich_hop,2.0,1.0,9.418234,8.350538,2.011386,6.0026917,5.4291368,6.5591164,6.394584496815999,An toan,5.996981,6.394584496815999,C+,An toan
SV1916,Nguyễn Hoàng Trang,GDTC101,Giáo dục thể chất 1*,GDTC101_L01,thuc_hanh,0.0,1.0,5.059794,5.4006004,8.29921,3.025236,6.4765315,4.5442724,1.9488118886947632,Nguy co rot mon,4.682013,1.9488118886947632,F,Nguy co rot mon
SV1917,Bùi Văn Nam,INT1002,Cơ sở dữ liệu,INT1002_L01,ly_thuyet,3.0,0.0,9.181259,9.37374,1.7742198,6.3010807,4.5761967,4.945645,3.612172842025757,Nguy co rot mon,0.0,3.612172842025757,F,Nguy co rot mon
SV1917,Bùi Văn Nam,INT1003,Phát triển ứng dụng,INT1003_L01,tich_hop,2.0,1.5,2.5354867,2.506845,7.9846573,8.013941,7.750295,8.682071,5.97366087777274,An toan,8.148769,5.97366087777274,C,An toan
SV1917,Bùi Văn Nam,GDQP102,Giáo dục quốc phòng*,GDQP102_L01,ly_thuyet,3.0,0.0,3.6719642,7.2564187,3.7542732,7.332935,9.276305,4.4168115,1.516060471534729,Nguy co rot mon,0.0,1.516060471534729,F,Nguy co rot mon
SV1918,Bùi Đức Hùng,INT1003,Phát triển ứng dụng,INT1003_L01,tich_hop,2.0,1.5,7.0548463,9.038983,7.379961,3.233068,6.9695406,9.935675,7.348095757620675,An toan,6.712761,7.348095757620675,B,An toan
SV1918,Bùi Đức Hùng,INT1002,Cơ sở dữ liệu,INT1002_L01,ly_thuyet,3.0,0.0,4.9062753,9.293772,7.254401,7.041202,3.738308,7.920653,1.9062961339950562,Nguy co rot mon,0.0,1.9062961339950562,F,Nguy co rot mon
SV1918,Bùi Đức Hùng,GDQP102,Giáo dục quốc phòng*,GDQP102_L01,ly_thuyet,3.0,0.0,2.053423,9.648928,6.313786,3.9007778,5.20886,8.653535,3.1720688343048096,Nguy co rot mon,0.0,3.1720688343048096,F,Nguy co rot mon
SV1918,Bùi Đức Hùng,GDTC101,Giáo dục thể chất 1*,GDTC101_L01,thuc_hanh,0.0,1.0,6.7955484,7.132357,8.149127,5.7977343,5.339326,9.472518,3.8818531036376953,Nguy co rot mon,6.869859,3.8818531036376953,F,Nguy co rot mon
SV1919,Đỗ Minh Linh,GDQP102,Giáo dục quốc phòng*,GDQP102_L01,ly_thuyet,3.0,0.0,9.544466,8.913693,5.9214754,7.514778,7.199747,6.325071,4.552727222442627,An toan,0.0,4.552727222442627,D,An toan
SV1919,Đỗ Minh Linh,INT1002,Cơ sở dữ liệu,INT1002_L01,ly_thuyet,3.0,0.0,4.5346174,4.4033446,7.9282684,4.095354,4.8743854,4.681087,7.6974053382873535,An toan,0.0,7.6974053382873535,B,An toan
SV1919,Đỗ Minh Linh,GDTC101,Giáo dục thể chất 1*,GDTC101_L01,thuc_hanh,0.0,1.0,5.9252534,4.735088,6.1730614,6.46972,4.167252,7.8525734,0.3030213713645935,Nguy co rot mon,6.163182,0.3030213713645935,F,Nguy co rot mon
SV1919,Đỗ Minh Linh,INT1003,Phát triển ứng dụng,INT1003_L01,tich_hop,2.0,1.5,9.794153,2.052502,3.7027855,8.035606,7.4693727,3.4811363,5.67410033089774,Nguy co rot mon,6.328705,5.67410033089774,C,An toan
SV1920,Bùi Thảo Vy,GDTC101,Giáo dục thể chất 1*,GDTC101_L01,thuc_hanh,0.0,1.0,9.75685,5.104255,3.255133,8.820518,8.890181,7.3647294,9.502270698547363,An toan,8.358476,9.502270698547363,A+,An toan
SV1920,Bùi Thảo Vy,INT1001,Lập trình Python,INT1001_L01,tich_hop,2.0,1.0,2.0630796,5.031366,3.91097,4.692299,5.504477,8.5583935,4.529555320739746,An toan,6.251723,4.529555320739746,D,An toan
SV1920,Bùi Thảo Vy,INT1002,Cơ sở dữ liệu,INT1002_L01,ly_thuyet,3.0,0.0,4.2742033,9.020359,2.5361924,4.6153502,6.014597,4.938471,8.77377700805664,An toan,0.0,8.77377700805664,A,An toan
SV1920,Bùi Thảo Vy,GDQP102,Giáo dục quốc phòng*,GDQP102_L01,ly_thuyet,3.0,0.0,8.619449,6.007888,5.4427834,8.992296,4.0864162,9.487044,6.556305885314941,An toan,0.0,6.556305885314941,C+,An toan
SV1921,Vũ Tuấn An,INT1003,Phát triển ứng dụng,INT1003_L01,tich_hop,2.0,1.5,8.31224,6.731447,7.7024493,6.5953474,5.5776935,6.211676,6.9589851924351285,Nguy co rot mon,6.1282387,6.9589851924351285,C+,An toan
SV1921,Vũ Tuấn An,GDTC101,Giáo dục thể chất 1*,GDTC101_L01,thuc_hanh,0.0,1.0,2.8247733,2.2918224,1.1721646,8.85636,5.7099175,9.851354,7.52544641494751,An toan,8.139211,7.52544641494751,B,An toan
SV1921,Vũ Tuấn An,GDQP102,Giáo dục quốc phòng*,GDQP102_L01,ly_thuyet,3.0,0.0,5.3317094,8.369659,8.808844,8.475955,5.028749,8.936573,0.6740199327468872,Nguy co rot mon,0.0,0.6740199327468872,F,Nguy co rot mon
SV1922,Đặng Văn Phương,GDQP102,Giáo dục quốc phòng*,GDQP102_L01,ly_thuyet,3.0,0.0,7.4339595,4.65667,6.8174224,6.107275,8.785567,8.667713,0.9073638916015625,Nguy co rot mon,0.0,0.9073638916015625,F,Nguy co rot mon
SV1922,Đặng Văn Phương,GDTC101,Giáo dục thể chất 1*,GDTC101_L01,thuc_hanh,0.0,1.0,8.527208,7.194755,9.026009,6.189158,7.8124094,5.9671884,9.367091178894043,An toan,6.656252,9.367091178894043,A+,An toan
SV1922,Đặng Văn Phương,INT1002,Cơ sở dữ liệu,INT1002_L01,ly_thuyet,3.0,0.0,4.8758326,4.0895967,7.1826367,7.754029,6.3410926,8.778527,8.622394561767578,An toan,0.0,8.622394561767578,A,An toan
SV1923,Đỗ Đức Vy,INT1002,Cơ sở dữ liệu,INT1002_L01,ly_thuyet,3.0,0.0,6.3619356,5.8560095,8.401375,4.2611437,8.86577,4.7203307,9.925390243530273,An toan,0.0,9.925390243530273,A+,An toan
SV1923,Đỗ Đức Vy,GDTC101,Giáo dục thể chất 1*,GDTC101_L01,thuc_hanh,0.0,1.0,3.5474322,4.7688518,8.889818,6.4835443,5.7269998,3.8741302,6.788453102111816,An toan,5.3615584,6.788453102111816,C+,An toan
SV1923,Đỗ Đức Vy,INT1001,Lập trình Python,INT1001_L01,tich_hop,2.0,1.0,5.649831,6.4718094,2.4242954,4.7773757,4.386367,8.761794,5.224156538645427,An toan,5.975179,5.224156538645427,D+,An toan
SV1924,Phạm Tuấn Nam,INT1002,Cơ sở dữ liệu,INT1002_L01,ly_thuyet,3.0,0.0,4.070328,2.9684145,2.1435955,9.155018,4.5276594,7.8643236,3.610590934753418,Nguy co rot mon,0.0,3.610590934753418,F,Nguy co rot mon
SV1924,Phạm Tuấn Nam,GDTC101,Giáo dục thể chất 1*,GDTC101_L01,thuc_hanh,0.0,1.0,6.238435,7.1398516,4.3769903,4.333825,3.5575206,6.4251823,0.37576913833618164,Nguy co rot mon,4.7721763,0.37576913833618164,F,Nguy co rot mon
SV1924,Phạm Tuấn Nam,INT1003,Phát triển ứng dụng,INT1003_L01,tich_hop,2.0,1.5,9.396323,5.271209,5.5008426,3.608011,6.467091,8.685103,6.521624360765729,Nguy co rot mon,6.2534013,6.521624360765729,C+,An toan
SV1925,Đặng Thảo Hùng,INT1002,Cơ sở dữ liệu,INT1002_L01,ly_thuyet,3.0,0.0,3.1334682,7.1214714,4.159344,6.5911775,3.9235334,8.312327,6.029598712921143,An toan,0.0,6.029598712921143,C+,An toan
SV1925,Đặng Thảo Hùng,GDTC101,Giáo dục thể chất 1*,GDTC101_L01,thuc_hanh,0.0,1.0,6.9003887,7.0640073,8.364486,5.828495,3.0487897,3.573751,3.7824349403381348,Nguy co rot mon,4.1503453,3.7824349403381348,F,Nguy co rot mon
SV1925,Đặng Thảo Hùng,INT1001,Lập trình Python,INT1001_L01,tich_hop,2.0,1.0,4.8292933,9.575759,4.2950063,9.340921,6.362014,8.493321,6.844041506449382,An toan,8.065419,6.844041506449382,C+,An toan
SV1925,Đặng Thảo Hùng,GDQP102,Giáo dục quốc phòng*,GDQP102_L01,ly_thuyet,3.0,0.0,4.689152,4.968773,5.6868734,5.7891088,6.6741805,9.010269,3.298611879348755,Nguy co rot mon,0.0,3.298611879348755,F,Nguy co rot mon
SV1926,Lê Hải Phương,INT1003,Phát triển ứng dụng,INT1003_L01,tich_hop,2.0,1.5,9.893895,3.2566118,6.570394,9.355132,5.750393,5.7002115,6.728610174996512,Nguy co rot mon,6.9352455,6.728610174996512,C+,An toan
SV1926,Lê Hải Phương,INT1001,Lập trình Python,INT1001_L01,tich_hop,2.0,1.0,8.63386,4.796605,8.29436,8.454781,3.3689616,3.930158,6.578172047932942,An toan,5.2513,6.578172047932942,C+,An toan
SV1926,Lê Hải Phương,INT1002,Cơ sở dữ liệu,INT1002_L01,ly_thuyet,3.0,0.0,6.2176647,6.556976,3.930254,3.5027936,5.6368732,3.1436925,1.4495731592178345,Nguy co rot mon,0.0,1.4495731592178345,F,Nguy co rot mon
SV1927,Nguyễn Hải Anh,INT1001,Lập trình Python,INT1001_L01,tich_hop,2.0,1.0,7.3543286,7.7549143,4.2769094,6.419877,9.9591,3.201705,6.483665148417155,An toan,6.5268936,6.483665148417155,C+,An toan
SV1927,Nguyễn Hải Anh,INT1003,Phát triển ứng dụng,INT1003_L01,tich_hop,2.0,1.5,7.484636,3.9908009,4.296251,6.9026437,7.2300515,6.3997583,5.937338624681745,An toan,6.844151,5.937338624681745,C,An toan
SV1927,Nguyễn Hải Anh,INT1002,Cơ sở dữ liệu,INT1002_L01,ly_thuyet,3.0,0.0,5.1163898,8.269944,2.49882,3.4693594,8.005026,5.012945,5.090031623840332,An toan,0.0,5.090031623840332,D+,An toan
SV1927,Nguyễn Hải Anh,GDQP102,Giáo dục quốc phòng*,GDQP102_L01,ly_thuyet,3.0,0.0,5.6600046,4.6647186,6.660728,7.227362,7.054738,3.445602,7.140492916107178,An toan,0.0,7.140492916107178,B,An toan
SV1928,Phan Thu Phương,INT1002,Cơ sở dữ liệu,INT1002_L01,ly_thuyet,3.0,0.0,7.779005,5.5860896,5.6344037,3.8081753,6.004532,5.1855125,9.727872848510742,An toan,0.0,9.727872848510742,A+,An toan
SV1928,Phan Thu Phương,INT1003,Phát triển ứng dụng,INT1003_L01,tich_hop,2.0,1.5,8.635926,7.760182,9.63345,8.203092,7.400356,9.884075,8.599085807800293,An toan,8.495841,8.599085807800293,A,An toan
SV1928,Phan Thu Phương,INT1001,Lập trình Python,INT1001_L01,tich_hop,2.0,1.0,6.7881427,4.2163067,2.3797803,9.975921,5.3478117,9.681039,5.752581278483073,Nguy co rot mon,8.334924,5.752581278483073,C,An toan
SV1928,Phan Thu Phương,GDQP102,Giáo dục quốc phòng*,GDQP102_L01,ly_thuyet,3.0,0.0,7.6212773,4.2232428,3.5101004,9.410747,6.7930737,8.431977,1.308119773864746,Nguy co rot mon,0.0,1.308119773864746,F,Nguy co rot mon
SV1929,Bùi Hải Đức,GDQP102,Giáo dục quốc phòng*,GDQP102_L01,ly_thuyet,3.0,0.0,5.8439903,8.107514,4.3496284,3.8867197,6.0010843,8.458549,7.216297149658203,An toan,0.0,7.216297149658203,B,An toan
SV1929,Bùi Hải Đức,INT1001,Lập trình Python,INT1001_L01,tich_hop,2.0,1.0,9.595932,9.698733,7.4643536,6.8493924,7.2843485,7.1669946,8.313196976979574,Nguy co rot mon,7.100245,8.313196976979574,B+,An toan
SV1929,Bùi Hải Đức,GDTC101,Giáo dục thể chất 1*,GDTC101_L01,thuc_hanh,0.0,1.0,4.5984664,6.1260657,7.5711727,4.2188344,8.526328,5.3461456,5.666645526885986,An toan,6.030436,5.666645526885986,C,An toan
SV1929,Bùi Hải Đức,INT1002,Cơ sở dữ liệu,INT1002_L01,ly_thuyet,3.0,0.0,9.723846,7.0027432,8.909689,9.600261,8.399434,7.153167,9.623761177062988,An toan,0.0,9.623761177062988,A+,An toan
SV1930,Vũ Ngọc An,GDQP102,Giáo dục quốc phòng*,GDQP102_L01,ly_thuyet,3.0,0.0,8.477122,5.6928177,7.3834596,6.903181,7.8200297,4.402171,1.7907155752182007,Nguy co rot mon,0.0,1.7907155752182007,F,Nguy co rot mon
SV1930,Vũ Ngọc An,GDTC101,Giáo dục thể chất 1*,GDTC101_L01,thuc_hanh,0.0,1.0,5.459047,8.944427,5.2695546,4.659085,5.400557,9.075045,7.828346252441406,An toan,6.3782287,7.828346252441406,B,An toan
SV1930,Vũ Ngọc An,INT1003,Phát triển ứng dụng,INT1003_L01,tich_hop,2.0,1.5,2.2818286,3.8914735,1.2296581,7.0816216,9.34274,4.8940744,4.455578599657331,An toan,7.1061454,4.455578599657331,D,An toan
SV1931,Phan Minh Nam,GDQP102,Giáo dục quốc phòng*,GDQP102_L01,ly_thuyet,3.0,0.0,5.4160457,2.8455508,4.837915,3.527194,7.8014545,3.6633365,5.023731231689453,An toan,0.0,5.023731231689453,D+,An toan
SV1931,Phan Minh Nam,INT1001,Lập trình Python,INT1001_L01,tich_hop,2.0,1.0,8.59948,4.3047233,3.537966,4.942034,5.777339,8.265944,5.7632950146993,Nguy co rot mon,6.328439,5.7632950146993,C,An toan
SV1931,Phan Minh Nam,INT1003,Phát triển ứng dụng,INT1003_L01,tich_hop,2.0,1.5,8.220333,4.3541927,9.080338,5.0381274,9.386811,8.811395,7.444211891719273,Nguy co rot mon,7.745444,7.444211891719273,B,An toan
SV1931,Phan Minh Nam,INT1002,Cơ sở dữ liệu,INT1002_L01,ly_thuyet,3.0,0.0,9.261971,2.2113051,1.677681,7.8791113,7.7793717,7.261103,2.249615430831909,Nguy co rot mon,0.0,2.249615430831909,F,Nguy co rot mon
SV1932,Phan Văn Khoa,INT1003,Phát triển ứng dụng,INT1003_L01,tich_hop,2.0,1.5,5.776726,7.4470367,2.1287897,7.767695,9.508478,4.2771387,6.0033400399344305,An toan,7.184437,6.0033400399344305,C+,An toan
SV1932,Phan Văn Khoa,GDQP102,Giáo dục quốc phòng*,GDQP102_L01,ly_thuyet,3.0,0.0,4.8382907,8.180407,6.720737,9.906156,6.8817587,9.308033,4.327676773071289,An toan,0.0,4.327676773071289,D,An toan
SV1932,Phan Văn Khoa,INT1001,Lập trình Python,INT1001_L01,tich_hop,2.0,1.0,3.8512068,8.634087,4.253601,5.2640333,4.059006,7.161666,5.551388581593831,Nguy co rot mon,5.494902,5.551388581593831,C,An toan
SV1932,Phan Văn Khoa,INT1002,Cơ sở dữ liệu,INT1002_L01,ly_thuyet,3.0,0.0,2.6225076,3.5873072,6.596749,3.6991875,6.022098,7.8200793,6.233631134033203,An toan,0.0,6.233631134033203,C+,An toan
SV1933,Phạm Ngọc Chinh,GDTC101,Giáo dục thể chất 1*,GDTC101_L01,thuc_hanh,0.0,1.0,6.838266,3.5787196,4.734844,3.1120799,3.099046,6.0745344,2.9743757247924805,Nguy co rot mon,4.09522,2.9743757247924805,F,Nguy co rot mon
SV1933,Phạm Ngọc Chinh,INT1003,Phát triển ứng dụng,INT1003_L01,tich_hop,2.0,1.5,7.9565682,7.614349,4.6408353,5.2111816,9.07928,3.1977437,6.348172528403146,An toan,5.8294015,6.348172528403146,C+,An toan
SV1934,Phan Thị Bình,GDTC101,Giáo dục thể chất 1*,GDTC101_L01,thuc_hanh,0.0,1.0,5.3314595,8.31186,6.435945,5.63486,4.476161,6.3073416,9.924821853637695,An toan,5.4727874,9.924821853637695,A+,An toan
SV1934,Phan Thị Bình,INT1002,Cơ sở dữ liệu,INT1002_L01,ly_thuyet,3.0,0.0,5.642888,5.460957,3.4682066,3.5730646,8.8477545,9.858461,1.789979100227356,Nguy co rot mon,0.0,1.789979100227356,F,Nguy co rot mon
SV1934,Phan Thị Bình,INT1001,Lập trình Python,INT1001_L01,tich_hop,2.0,1.0,4.901008,3.7609508,6.3581414,4.1421556,8.52341,4.4441023,5.238874276479085,An toan,5.7032228,5.238874276479085,D+,An toan
SV1935,Phạm Thảo Linh,GDTC101,Giáo dục thể chất 1*,GDTC101_L01,thuc_hanh,0.0,1.0,7.1511173,2.9223213,9.680918,6.1391516,9.224351,9.798561,7.621705055236816,An toan,8.387355,7.621705055236816,B,An toan
SV1935,Phạm Thảo Linh,GDQP102,Giáo dục quốc phòng*,GDQP102_L01,ly_thuyet,3.0,0.0,8.1422205,8.024567,7.8121,3.6802936,8.908138,4.6414695,3.5463526248931885,Nguy co rot mon,0.0,3.5463526248931885,F,Nguy co rot mon
SV1935,Phạm Thảo Linh,INT1002,Cơ sở dữ liệu,INT1002_L01,ly_thuyet,3.0,0.0,4.8422794,6.339283,4.3086867,3.5516534,8.223055,3.4810722,1.6270917654037476,Nguy co rot mon,0.0,1.6270917654037476,F,Nguy co rot mon
SV1936,Nguyễn Văn Linh,GDTC101,Giáo dục thể chất 1*,GDTC101_L01,thuc_hanh,0.0,1.0,8.621689,9.837473,5.288788,4.3441043,8.594003,8.535157,0.8696244359016418,Nguy co rot mon,7.1577544,0.8696244359016418,F,Nguy co rot mon
SV1936,Nguyễn Văn Linh,GDQP102,Giáo dục quốc phòng*,GDQP102_L01,ly_thuyet,3.0,0.0,4.830535,5.6075487,5.6567082,8.043163,6.592617,7.1835537,7.228167533874512,An toan,0.0,7.228167533874512,B,An toan
SV1936,Nguyễn Văn Linh,INT1003,Phát triển ứng dụng,INT1003_L01,tich_hop,2.0,1.5,3.3231637,8.889559,9.328822,9.065722,9.715989,7.965628,7.924200194222586,An toan,8.91578,7.924200194222586,B,An toan
SV1936,Nguyễn Văn Linh,INT1001,Lập trình Python,INT1001_L01,tich_hop,2.0,1.0,3.5585282,2.6753082,6.660382,6.738963,9.387046,9.613777,5.725358009338379,An toan,8.579928,5.725358009338379,C,An toan
SV1937,Phạm Hải Trang,INT1002,Cơ sở dữ liệu,INT1002_L01,ly_thuyet,3.0,0.0,8.479687,6.4890985,2.3920102,7.7813864,6.1802344,6.31124,6.442016124725342,An toan,0.0,6.442016124725342,C+,An toan
SV1937,Phạm Hải Trang,INT1003,Phát triển ứng dụng,INT1003_L01,tich_hop,2.0,1.5,7.8246007,4.156781,5.644525,9.84505,7.682688,3.2864997,6.3307784625462125,An toan,6.9380794,6.3307784625462125,C+,An toan
SV1937,Phạm Hải Trang,GDTC101,Giáo dục thể chất 1*,GDTC101_L01,thuc_hanh,0.0,1.0,8.557144,7.3444138,4.2923946,5.7975845,5.0509863,6.4257793,1.7304052114486694,Nguy co rot mon,5.7581162,1.7304052114486694,F,Nguy co rot mon
SV1937,Phạm Hải Trang,INT1001,Lập trình Python,INT1001_L01,tich_hop,2.0,1.0,9.918353,7.4641643,6.8025575,3.855403,7.9780016,4.655988,7.206615606943767,An toan,5.4964643,7.206615606943767,B,An toan
SV1938,Vũ Thảo An,INT1003,Phát triển ứng dụng,INT1003_L01,tich_hop,2.0,1.5,4.48475,5.6624823,2.590442,6.9482274,3.4487839,9.460237,5.262972899845669,An toan,6.619082,5.262972899845669,D+,An toan
SV1938,Vũ Thảo An,GDQP102,Giáo dục quốc phòng*,GDQP102_L01,ly_thuyet,3.0,0.0,6.121296,2.4056268,4.1445975,7.5468893,3.6183245,3.157913,4.706525802612305,An toan,0.0,4.706525802612305,D,An toan
SV1938,Vũ Thảo An,INT1001,Lập trình Python,INT1001_L01,tich_hop,2.0,1.0,8.776728,7.885427,4.287257,8.452436,7.921282,4.6493273,6.991318861643474,Nguy co rot mon,7.0076814,6.991318861643474,C+,An toan
SV1938,Vũ Thảo An,INT1002,Cơ sở dữ liệu,INT1002_L01,ly_thuyet,3.0,0.0,7.532096,3.3134482,5.0907345,9.588956,8.160561,7.6532283,2.70367431640625,Nguy co rot mon,0.0,2.70367431640625,F,Nguy co rot mon
SV1939,Phan Minh Vy,INT1003,Phát triển ứng dụng,INT1003_L01,tich_hop,2.0,1.5,4.893334,3.8107212,6.1666703,3.2822595,4.585955,7.510058,5.02941540309361,An toan,5.126091,5.02941540309361,D+,An toan
SV1939,Phan Minh Vy,GDTC101,Giáo dục thể chất 1*,GDTC101_L01,thuc_hanh,0.0,1.0,7.879086,7.902494,5.801645,8.024525,8.993512,4.548454,7.338681697845459,An toan,7.18883,7.338681697845459,B,An toan
SV1939,Phan Minh Vy,INT1002,Cơ sở dữ liệu,INT1002_L01,ly_thuyet,3.0,0.0,8.881783,8.656853,9.907317,3.2278037,7.8221436,9.050411,1.1805511713027954,Nguy co rot mon,0.0,1.1805511713027954,F,Nguy co rot mon
SV1940,Lê Đức Trang,INT1001,Lập trình Python,INT1001_L01,tich_hop,2.0,1.0,7.28905,9.052089,2.1613092,7.2142477,3.4044704,6.416324,6.004437605539958,An toan,5.678347,6.004437605539958,C+,An toan
SV1940,Lê Đức Trang,INT1002,Cơ sở dữ liệu,INT1002_L01,ly_thuyet,3.0,0.0,2.8746104,3.385298,1.8386871,9.115236,5.1014357,3.9013844,6.033464431762695,An toan,0.0,6.033464431762695,C+,An toan
SV1940,Lê Đức Trang,INT1003,Phát triển ứng dụng,INT1003_L01,tich_hop,2.0,1.5,9.5271225,6.924047,8.641175,3.756693,8.888378,6.8983746,7.571415560586112,An toan,6.514482,7.571415560586112,B,An toan
SV1940,Lê Đức Trang,GDTC101,Giáo dục thể chất 1*,GDTC101_L01,thuc_hanh,0.0,1.0,8.291804,6.9791994,1.5431055,6.8670273,7.9701023,9.688427,9.479744911193848,An toan,8.175185,9.479744911193848,A+,An toan
SV1941,Phan Thị Đức,GDTC101,Giáo dục thể chất 1*,GDTC101_L01,thuc_hanh,0.0,1.0,3.9110565,2.7479684,5.4300866,8.98407,3.8050172,5.356069,4.706883907318115,An toan,6.0483856,4.706883907318115,D,An toan
SV1941,Phan Thị Đức,GDQP102,Giáo dục quốc phòng*,GDQP102_L01,ly_thuyet,3.0,0.0,4.812706,5.551722,5.6853228,7.9103384,9.168099,7.0494385,7.93470573425293,An toan,0.0,7.93470573425293,B,An toan
SV1942,Hoàng Minh Chinh,INT1001,Lập trình Python,INT1001_L01,tich_hop,2.0,1.0,4.504014,7.944848,2.0716007,7.9294424,4.6365833,6.005015,5.290218512217204,An toan,6.190347,5.290218512217204,D+,An toan
SV1942,Hoàng Minh Chinh,GDTC101,Giáo dục thể chất 1*,GDTC101_L01,thuc_hanh,0.0,1.0,7.584365,5.5610237,5.038984,6.9962378,7.2334433,5.023817,7.010788917541504,An toan,6.417833,7.010788917541504,B,An toan
SV1942,Hoàng Minh Chinh,INT1003,Phát triển ứng dụng,INT1003_L01,tich_hop,2.0,1.5,8.996228,2.6446507,2.4145665,5.5536637,5.3515387,3.915245,4.7944344111851285,An toan,4.9401493,4.7944344111851285,D,An toan
SV1942,Hoàng Minh Chinh,INT1002,Cơ sở dữ liệu,INT1002_L01,ly_thuyet,3.0,0.0,8.693657,9.592061,9.715769,3.3467393,9.193669,4.7160525,0.8646442294120789,Nguy co rot mon,0.0,0.8646442294120789,F,Nguy co rot mon
SV1943,Đỗ Hải Khoa,INT1001,Lập trình Python,INT1001_L01,tich_hop,2.0,1.0,8.520969,6.833058,1.7931958,9.68824,3.981963,7.0930295,6.117519696553548,An toan,6.9210777,6.117519696553548,C+,An toan
SV1943,Đỗ Hải Khoa,GDQP102,Giáo dục quốc phòng*,GDQP102_L01,ly_thuyet,3.0,0.0,8.635613,2.512568,2.7071407,8.291527,3.2665315,4.142877,4.543746471405029,An toan,0.0,4.543746471405029,D,An toan
SV1943,Đỗ Hải Khoa,GDTC101,Giáo dục thể chất 1*,GDTC101_L01,thuc_hanh,0.0,1.0,8.6255245,4.711975,6.5218205,4.9603095,9.281537,5.7491746,9.76971435546875,An toan,6.6636734,9.76971435546875,A+,An toan
SV1944,Phạm Thu Đức,INT1003,Phát triển ứng dụng,INT1003_L01,tich_hop,2.0,1.5,8.684969,3.7932172,8.987938,4.7657795,6.943412,5.048039,6.48267548424857,Nguy co rot mon,5.5857434,6.48267548424857,C+,An toan
SV1944,Phạm Thu Đức,INT1002,Cơ sở dữ liệu,INT1002_L01,ly_thuyet,3.0,0.0,2.5395412,6.107791,8.70619,7.758175,3.609418,7.2475767,5.758508205413818,An toan,0.0,5.758508205413818,C,An toan
SV1944,Phạm Thu Đức,GDTC101,Giáo dục thể chất 1*,GDTC101_L01,thuc_hanh,0.0,1.0,7.8150716,5.637021,8.063195,7.4325852,4.92969,9.415858,0.06696823239326477,Nguy co rot mon,7.259378,0.06696823239326477,F,Nguy co rot mon
SV1944,Phạm Thu Đức,INT1001,Lập trình Python,INT1001_L01,tich_hop,2.0,1.0,4.1102276,2.6589258,1.5559772,9.026587,5.0600905,3.7832975,3.8355819384256997,Nguy co rot mon,5.956659,3.8355819384256997,F,Nguy co rot mon
SV1945,Phạm Hải Khoa,GDQP102,Giáo dục quốc phòng*,GDQP102_L01,ly_thuyet,3.0,0.0,2.0671082,3.934482,3.5437481,6.551121,4.9227543,5.7328887,2.026750087738037,Nguy co rot mon,0.0,2.026750087738037,F,Nguy co rot mon
SV1945,Phạm Hải Khoa,INT1001,Lập trình Python,INT1001_L01,tich_hop,2.0,1.0,9.498309,9.112581,6.835395,7.5265813,8.382084,7.9611945,8.306936422983805,Nguy co rot mon,7.9566197,8.306936422983805,B+,An toan
SV1946,Hoàng Hải Nam,INT1001,Lập trình Python,INT1001_L01,tich_hop,2.0,1.0,7.535908,3.9931405,2.6176188,9.899276,3.1841094,8.277044,5.517084916432698,An toan,7.1201434,5.517084916432698,C,An toan
SV1946,Hoàng Hải Nam,GDTC101,Giáo dục thể chất 1*,GDTC101_L01,thuc_hanh,0.0,1.0,9.50718,5.026467,2.2556705,6.226994,3.5327857,4.0598974,8.681816101074219,An toan,4.6065593,8.681816101074219,A,An toan
SV1947,Phan Hoàng Khoa,INT1001,Lập trình Python,INT1001_L01,tich_hop,2.0,1.0,2.5285304,7.989588,6.1743536,3.7879956,5.0880084,9.975656,5.804066816965739,Nguy co rot mon,6.2838864,5.804066816965739,C,An toan
SV1947,Phan Hoàng Khoa,GDQP102,Giáo dục quốc phòng*,GDQP102_L01,ly_thuyet,3.0,0.0,2.4301023,9.921315,4.4099693,9.90152,5.9530196,8.978325,8.817502975463867,An toan,0.0,8.817502975463867,A,An toan
SV1947,Phan Hoàng Khoa,GDTC101,Giáo dục thể chất 1*,GDTC101_L01,thuc_hanh,0.0,1.0,6.4678097,2.6215434,1.974418,8.445879,8.417611,7.2464113,1.9223374128341675,Nguy co rot mon,8.0366335,1.9223374128341675,F,Nguy co rot mon
SV1947,Phan Hoàng Khoa,INT1002,Cơ sở dữ liệu,INT1002_L01,ly_thuyet,3.0,0.0,2.5835788,8.226403,6.682121,7.79885,3.2429848,6.245631,0.8926243185997009,Nguy co rot mon,0.0,0.8926243185997009,F,Nguy co rot mon
SV1948,Trần Thị Vy,GDTC101,Giáo dục thể chất 1*,GDTC101_L01,thuc_hanh,0.0,1.0,2.775838,3.8931491,6.4843264,4.8336797,4.8901134,9.710497,8.427896499633789,An toan,6.4780965,8.427896499633789,B+,An toan
SV1948,Trần Thị Vy,INT1001,Lập trình Python,INT1001_L01,tich_hop,2.0,1.0,6.874305,8.287048,7.085562,3.4379888,3.358708,4.4389057,6.192159255345662,Nguy co rot mon,3.7452009,6.192159255345662,C+,An toan
SV1948,Trần Thị Vy,GDQP102,Giáo dục quốc phòng*,GDQP102_L01,ly_thuyet,3.0,0.0,4.4724975,7.713646,8.396248,9.079924,5.9381747,5.357489,1.6366547346115112,Nguy co rot mon,0.0,1.6366547346115112,F,Nguy co rot mon
SV1948,Trần Thị Vy,INT1003,Phát triển ứng dụng,INT1003_L01,tich_hop,2.0,1.5,5.4333315,2.474492,4.35409,8.400381,3.9199438,7.0755816,5.106446334293911,An toan,6.465302,5.106446334293911,D+,An toan
SV1949,Trần Hoàng Anh,INT1002,Cơ sở dữ liệu,INT1002_L01,ly_thuyet,3.0,0.0,9.936439,5.7286944,2.9224782,9.020974,7.634518,8.540219,1.0193816423416138,Nguy co rot mon,0.0,1.0193816423416138,F,Nguy co rot mon
SV1949,Trần Hoàng Anh,INT1003,Phát triển ứng dụng,INT1003_L01,tich_hop,2.0,1.5,9.061695,7.281952,9.650078,8.637573,9.367363,3.6490772,8.044615881783622,Nguy co rot mon,7.218004,8.044615881783622,B+,An toan
SV1949,Trần Hoàng Anh,GDQP102,Giáo dục quốc phòng*,GDQP102_L01,ly_thuyet,3.0,0.0,4.213517,6.2998543,1.1770976,9.517505,5.353687,7.2659035,2.151660680770874,Nguy co rot mon,0.0,2.151660680770874,F,Nguy co rot mon
SV1950,Bùi Đức Linh,GDTC101,Giáo dục thể chất 1*,GDTC101_L01,thuc_hanh,0.0,1.0,6.227851,4.524146,7.87971,4.218379,8.876506,3.9984066,6.14188814163208,An toan,5.697764,6.14188814163208,C+,An toan
SV1950,Bùi Đức Linh,INT1002,Cơ sở dữ liệu,INT1002_L01,ly_thuyet,3.0,0.0,9.928697,7.6432667,2.0643528,8.390433,3.2397099,5.3384204,0.7750099301338196,Nguy co rot mon,0.0,0.7750099301338196,F,Nguy co rot mon
SV1951,Lê Ngọc Khoa,GDQP102,Giáo dục quốc phòng*,GDQP102_L01,ly_thuyet,3.0,0.0,4.355114,5.3533115,2.4957218,9.619498,6.999193,7.2263217,2.330699920654297,Nguy co rot mon,0.0,2.330699920654297,F,Nguy co rot mon
SV1951,Lê Ngọc Khoa,GDTC101,Giáo dục thể chất 1*,GDTC101_L01,thuc_hanh,0.0,1.0,4.6949215,5.9687643,2.4908454,4.709171,3.672129,7.3746495,1.1051729917526245,Nguy co rot mon,5.251983,1.1051729917526245,F,Nguy co rot mon
SV1951,Lê Ngọc Khoa,INT1001,Lập trình Python,INT1001_L01,tich_hop,2.0,1.0,7.713495,7.9792433,8.690349,6.613751,7.1042314,6.3131366,7.644143899281819,Nguy co rot mon,6.6770396,7.644143899281819,B,An toan
SV1952,Lê Ngọc Vy,GDTC101,Giáo dục thể chất 1*,GDTC101_L01,thuc_hanh,0.0,1.0,8.52272,5.485126,7.157436,6.4532375,4.83001,5.2108893,1.5908516645431519,Nguy co rot mon,5.4980454,1.5908516645431519,F,Nguy co rot mon
SV1952,Lê Ngọc Vy,GDQP102,Giáo dục quốc phòng*,GDQP102_L01,ly_thuyet,3.0,0.0,3.4128041,4.5853214,5.0272827,3.5359073,8.601789,6.9995694,1.6226859092712402,Nguy co rot mon,0.0,1.6226859092712402,F,Nguy co rot mon
SV1952,Lê Ngọc Vy,INT1003,Phát triển ứng dụng,INT1003_L01,tich_hop,2.0,1.5,9.435811,3.2912352,1.2253524,4.4616632,4.6890726,7.200048,4.9934259823390414,Nguy co rot mon,5.4502616,4.9934259823390414,D,An toan
SV1952,Lê Ngọc Vy,INT1001,Lập trình Python,INT1001_L01,tich_hop,2.0,1.0,4.78011,4.7832594,5.6733923,5.5463824,5.4922795,7.049924,5.3957899411519366,Nguy co rot mon,6.029528,5.3957899411519366,D+,An toan
SV1953,Trần Thảo Hùng,INT1001,Lập trình Python,INT1001_L01,tich_hop,2.0,1.0,5.4994545,7.5693007,7.6204457,9.340808,4.039284,6.7864614,6.83832852045695,Nguy co rot mon,6.7221847,6.83832852045695,C+,An toan
SV1953,Trần Thảo Hùng,GDTC101,Giáo dục thể chất 1*,GDTC101_L01,thuc_hanh,0.0,1.0,2.1073086,5.166776,3.031899,6.7635326,5.143331,6.2347,6.42506742477417,An toan,6.047188,6.42506742477417,C+,An toan
SV1954,Đỗ Văn Vy,INT1002,Cơ sở dữ liệu,INT1002_L01,ly_thuyet,3.0,0.0,6.37847,2.3540857,5.2826767,5.436192,3.836436,7.503973,9.0888090133667,An toan,0.0,9.0888090133667,A+,An toan
SV1954,Đỗ Văn Vy,GDQP102,Giáo dục quốc phòng*,GDQP102_L01,ly_thuyet,3.0,0.0,5.829014,2.6226473,2.6452627,8.22957,9.869042,9.873676,8.557435989379883,An toan,0.0,8.557435989379883,A,An toan
SV1954,Đỗ Văn Vy,INT1001,Lập trình Python,INT1001_L01,tich_hop,2.0,1.0,9.125359,3.7637253,7.499025,3.2935956,9.274482,5.2678347,6.5124586423238116,An toan,5.9453034,6.5124586423238116,C+,An toan
SV1955,Phan Hoàng Nam,GDQP102,Giáo dục quốc phòng*,GDQP102_L01,ly_thuyet,3.0,0.0,4.1645665,7.45977,9.599891,9.152516,3.543054,8.4632845,6.255246639251709,An toan,0.0,6.255246639251709,C+,An toan
SV1955,Phan Hoàng Nam,GDTC101,Giáo dục thể chất 1*,GDTC101_L01,thuc_hanh,0.0,1.0,4.498552,4.2703514,2.1940138,3.5417006,9.410209,9.5109215,2.5855748653411865,Nguy co rot mon,7.48761,2.5855748653411865,F,Nguy co rot mon
SV1956,Đặng Tuấn Khoa,GDTC101,Giáo dục thể chất 1*,GDTC101_L01,thuc_hanh,0.0,1.0,2.1799333,4.804813,9.277214,9.32203,7.610889,6.9727364,8.932255744934082,An toan,7.9685516,8.932255744934082,A,An toan
SV1956,Đặng Tuấn Khoa,INT1002,Cơ sở dữ liệu,INT1002_L01,ly_thuyet,3.0,0.0,5.9417853,4.609796,6.8600063,4.393409,4.569806,3.6357822,0.11736440658569336,Nguy co rot mon,0.0,0.11736440658569336,F,Nguy co rot mon
SV1957,Đặng Minh Trang,GDQP102,Giáo dục quốc phòng*,GDQP102_L01,ly_thuyet,3.0,0.0,9.173059,6.859828,2.6879387,5.540816,6.3706813,6.5868645,7.09186315536499,An toan,0.0,7.09186315536499,B,An toan
SV1957,Đặng Minh Trang,INT1001,Lập trình Python,INT1001_L01,tich_hop,2.0,1.0,3.770794,5.1491385,2.6068413,6.165162,3.1707969,5.3779554,4.196384429931641,An toan,4.904638,4.196384429931641,D,An toan
SV1958,Nguyễn Đức Nam,INT1001,Lập trình Python,INT1001_L01,tich_hop,2.0,1.0,3.534755,9.845799,4.215794,7.328379,3.0301542,3.9119742,5.495911598205566,Nguy co rot mon,4.756836,5.495911598205566,D+,An toan
SV1958,Nguyễn Đức Nam,INT1003,Phát triển ứng dụng,INT1003_L01,tich_hop,2.0,1.5,8.917528,4.096621,3.6558669,8.477873,5.8217354,4.402008,5.84690032686506,An toan,6.233872,5.84690032686506,C,An toan
SV1958,Nguyễn Đức Nam,GDTC101,Giáo dục thể chất 1*,GDTC101_L01,thuc_hanh,0.0,1.0,5.387014,6.6417327,6.542633,8.285898,7.8699417,6.3908405,7.6173224449157715,An toan,7.51556,7.6173224449157715,B,An toan
SV1959,Bùi Hoàng Hùng,GDQP102,Giáo dục quốc phòng*,GDQP102_L01,ly_thuyet,3.0,0.0,2.986909,8.044906,1.4126272,7.42392,6.7915425,6.357139,4.3392558097839355,An toan,0.0,4.3392558097839355,D,An toan
SV1959,Bùi Hoàng Hùng,INT1001,Lập trình Python,INT1001_L01,tich_hop,2.0,1.0,7.6068053,8.462769,8.613725,9.536814,7.420344,6.4779463,8.089078426361084,An toan,7.8117013,8.089078426361084,B+,An toan
SV1959,Bùi Hoàng Hùng,GDTC101,Giáo dục thể chất 1*,GDTC101_L01,thuc_hanh,0.0,1.0,3.2605038,6.827525,5.9611096,9.171378,9.224186,9.66035,2.2050158977508545,Nguy co rot mon,9.351972,2.2050158977508545,F,Nguy co rot mon
SV1959,Bùi Hoàng Hùng,INT1003,Phát triển ứng dụng,INT1003_L01,tich_hop,2.0,1.5,6.48044,6.086599,5.5726347,6.6993823,9.937441,8.974045,7.1138715744018555,An toan,8.536956,7.1138715744018555,B,An toan
SV1960,Hoàng Thu Nam,INT1003,Phát triển ứng dụng,INT1003_L01,tich_hop,2.0,1.5,8.821385,7.04689,2.3480797,6.999247,7.172614,9.438783,6.842731135232108,Nguy co rot mon,7.870215,6.842731135232108,C+,An toan
SV1960,Hoàng Thu Nam,GDQP102,Giáo dục quốc phòng*,GDQP102_L01,ly_thuyet,3.0,0.0,2.252849,3.1029122,9.876867,3.78766,9.866213,8.263196,6.265707015991211,An toan,0.0,6.265707015991211,C+,An toan
SV1960,Hoàng Thu Nam,INT1002,Cơ sở dữ liệu,INT1002_L01,ly_thuyet,3.0,0.0,8.316965,7.172474,2.8422797,6.97179,6.4517174,8.3423395,6.4300031661987305,An toan,0.0,6.4300031661987305,C+,An toan
SV1961,Đỗ Minh Chinh,GDQP102,Giáo dục quốc phòng*,GDQP102_L01,ly_thuyet,3.0,0.0,8.715893,4.961793,8.915032,3.4420402,6.4403377,6.4915853,3.6420397758483887,Nguy co rot mon,0.0,3.6420397758483887,F,Nguy co rot mon
SV1961,Đỗ Minh Chinh,INT1003,Phát triển ứng dụng,INT1003_L01,tich_hop,2.0,1.5,2.8711457,8.994059,3.0525312,6.349432,9.059702,3.2067418,5.5008841923304965,An toan,6.2052917,5.5008841923304965,C,An toan
SV1962,Bùi Thị Khoa,INT1003,Phát triển ứng dụng,INT1003_L01,tich_hop,2.0,1.5,5.542033,9.083427,7.358322,5.8702984,4.363125,8.490801,6.862276554107666,Nguy co rot mon,6.241408,6.862276554107666,C+,An toan
SV1962,Bùi Thị Khoa,INT1001,Lập trình Python,INT1001_L01,tich_hop,2.0,1.0,2.651497,6.3592834,6.3932056,9.39008,5.744463,9.020627,6.107015927632649,An toan,8.0517235,6.107015927632649,C+,An toan
SV1963,Phạm Văn Chinh,GDQP102,Giáo dục quốc phòng*,GDQP102_L01,ly_thuyet,3.0,0.0,7.543375,3.073805,5.733498,4.903957,6.6787224,4.541047,2.0001039505004883,Nguy co rot mon,0.0,2.0001039505004883,F,Nguy co rot mon
SV1963,Phạm Văn Chinh,GDTC101,Giáo dục thể chất 1*,GDTC101_L01,thuc_hanh,0.0,1.0,6.796323,7.662069,7.841254,9.21803,5.0393476,9.081157,5.977917194366455,An toan,7.779512,5.977917194366455,C,An toan
SV1963,Phạm Văn Chinh,INT1001,Lập trình Python,INT1001_L01,tich_hop,2.0,1.0,7.3343477,6.3444724,7.9621744,3.610066,9.092505,8.964423,7.216554005940755,Nguy co rot mon,7.222332,7.216554005940755,B,An toan
SV1963,Phạm Văn Chinh,INT1003,Phát triển ứng dụng,INT1003_L01,tich_hop,2.0,1.5,2.9935336,7.487815,8.315365,9.562903,7.49317,6.9783416,7.01381424495152,An toan,8.011472,7.01381424495152,B,An toan
SV1964,Nguyễn Thị Chinh,GDQP102,Giáo dục quốc phòng*,GDQP102_L01,ly_thuyet,3.0,0.0,4.244951,5.419968,4.3491755,5.1312346,7.8649383,8.777483,1.1949180364608765,Nguy co rot mon,0.0,1.1949180364608765,F,Nguy co rot mon
SV1964,Nguyễn Thị Chinh,INT1001,Lập trình Python,INT1001_L01,tich_hop,2.0,1.0,2.3741438,6.2581325,3.375834,3.9177003,3.2907217,8.971977,4.4662909507751465,An toan,5.3934665,4.4662909507751465,D,An toan
SV1964,Nguyễn Thị Chinh,GDTC101,Giáo dục thể chất 1*,GDTC101_L01,thuc_hanh,0.0,1.0,4.9998007,9.094488,4.3625307,7.7039337,3.866796,5.4447913,2.654059648513794,Nguy co rot mon,5.6718407,2.654059648513794,F,Nguy co rot mon
SV1965,Nguyễn Ngọc Trang,INT1002,Cơ sở dữ liệu,INT1002_L01,ly_thuyet,3.0,0.0,7.077079,3.9055245,3.4950993,5.3608794,8.983617,6.420221,2.736992835998535,Nguy co rot mon,0.0,2.736992835998535,F,Nguy co rot mon
SV1965,Nguyễn Ngọc Trang,INT1003,Phát triển ứng dụng,INT1003_L01,tich_hop,2.0,1.5,8.991169,2.247725,1.8571798,7.308231,4.017477,7.204141,5.141611644199917,Nguy co rot mon,6.1766167,5.141611644199917,D+,An toan
SV1966,Trần Hoàng Chinh,INT1003,Phát triển ứng dụng,INT1003_L01,tich_hop,2.0,1.5,5.168296,8.052584,4.026695,3.2625322,9.726351,4.461913,5.778223105839321,Nguy co rot mon,5.816932,5.778223105839321,C,An toan
SV1966,Trần Hoàng Chinh,GDQP102,Giáo dục quốc phòng*,GDQP102_L01,ly_thuyet,3.0,0.0,6.5282035,5.452959,6.280847,3.2757616,5.8077683,5.1874776,3.995288610458374,Nguy co rot mon,0.0,3.995288610458374,F,Nguy co rot mon
SV1967,Trần Minh Hùng,GDTC101,Giáo dục thể chất 1*,GDTC101_L01,thuc_hanh,0.0,1.0,5.2860665,2.3201149,3.7613735,5.3654795,5.333325,6.6043177,0.4708558917045593,Nguy co rot mon,5.767708,0.4708558917045593,F,Nguy co rot mon
SV1967,Trần Minh Hùng,GDQP102,Giáo dục quốc phòng*,GDQP102_L01,ly_thuyet,3.0,0.0,4.9689627,3.6133335,7.3152614,3.7971911,9.272423,3.174113,1.8251551389694214,Nguy co rot mon,0.0,1.8251551389694214,F,Nguy co rot mon
SV1968,Phan Thị Hùng,GDQP102,Giáo dục quốc phòng*,GDQP102_L01,ly_thuyet,3.0,0.0,7.750973,8.21199,1.3639266,9.474392,9.159729,6.374541,6.152414798736572,An toan,0.0,6.152414798736572,C+,An toan
SV1968,Phan Thị Hùng,GDTC101,Giáo dục thể chất 1*,GDTC101_L01,thuc_hanh,0.0,1.0,3.5712686,5.292166,6.1144795,6.832345,5.0512557,4.9643497,5.572119235992432,An toan,5.6159835,5.572119235992432,C,An toan
SV1968,Phan Thị Hùng,INT1003,Phát triển ứng dụng,INT1003_L01,tich_hop,2.0,1.5,2.4703376,2.2732356,7.4334526,8.891218,9.037254,5.2023196,5.623832430158343,An toan,7.710264,5.623832430158343,C,An toan
SV1968,Phan Thị Hùng,INT1001,Lập trình Python,INT1001_L01,tich_hop,2.0,1.0,2.2563648,8.154223,8.811034,8.689698,9.770911,9.536486,7.382260004679362,An toan,9.332365,7.382260004679362,B,An toan
SV1969,Phan Hải Anh,INT1001,Lập trình Python,INT1001_L01,tich_hop,2.0,1.0,5.669578,6.9039106,5.1994185,4.4180408,7.9914827,5.688444,5.960420290629069,An toan,6.0326557,5.960420290629069,C,An toan
SV1969,Phan Hải Anh,INT1003,Phát triển ứng dụng,INT1003_L01,tich_hop,2.0,1.5,3.700583,5.123874,6.300767,5.1779366,5.7457833,4.2705255,5.051601478031704,An toan,5.0647483,5.051601478031704,D+,An toan
SV1969,Phan Hải Anh,INT1002,Cơ sở dữ liệu,INT1002_L01,ly_thuyet,3.0,0.0,7.4841776,8.926864,4.069991,4.0262814,6.6261973,8.921056,1.8184266090393066,Nguy co rot mon,0.0,1.8184266090393066,F,Nguy co rot mon
SV1970,Nguyễn Thảo Nam,GDTC101,Giáo dục thể chất 1*,GDTC101_L01,thuc_hanh,0.0,1.0,6.0859795,2.8252392,5.5574737,9.9050665,9.160859,6.399291,3.1053106784820557,Nguy co rot mon,8.488406,3.1053106784820557,F,Nguy co rot mon
SV1970,Nguyễn Thảo Nam,INT1003,Phát triển ứng dụng,INT1003_L01,tich_hop,2.0,1.5,7.7432384,5.6112685,8.638997,7.7503114,8.036989,8.639827,7.678828375680106,Nguy co rot mon,8.142376,7.678828375680106,B,An toan
SV1971,Vũ Ngọc Bình,GDTC101,Giáo dục thể chất 1*,GDTC101_L01,thuc_hanh,0.0,1.0,3.9364414,6.4627776,3.2280698,6.3698125,7.3849807,6.3121347,0.8040292263031006,Nguy co rot mon,6.6889763,0.8040292263031006,F,Nguy co rot mon
SV1971,Vũ Ngọc Bình,INT1003,Phát triển ứng dụng,INT1003_L01,tich_hop,2.0,1.5,2.9929528,6.46011,5.2512817,8.871524,4.452829,6.3000765,5.6043171882629395,An toan,6.541476,5.6043171882629395,C,An toan
SV1972,Phạm Ngọc Nam,INT1003,Phát triển ứng dụng,INT1003_L01,tich_hop,2.0,1.5,5.288546,7.9575863,3.2762783,9.326184,7.098648,8.406821,6.694504601614816,An toan,8.277218,6.694504601614816,C+,An toan
SV1972,Phạm Ngọc Nam,INT1001,Lập trình Python,INT1001_L01,tich_hop,2.0,1.0,8.120754,2.2127163,2.8962955,9.060805,7.2385936,4.7705245,5.281050682067871,Nguy co rot mon,7.023308,5.281050682067871,D+,An toan
SV1973,Phạm Thảo Khoa,GDQP102,Giáo dục quốc phòng*,GDQP102_L01,ly_thuyet,3.0,0.0,8.4138975,6.64571,3.456886,9.240041,9.057755,5.0636225,4.136053562164307,An toan,0.0,4.136053562164307,D,An toan
SV1973,Phạm Thảo Khoa,INT1002,Cơ sở dữ liệu,INT1002_L01,ly_thuyet,3.0,0.0,4.6354012,5.045565,4.158837,9.970438,5.704555,8.727649,0.6107752919197083,Nguy co rot mon,0.0,0.6107752919197083,F,Nguy co rot mon
SV1973,Phạm Thảo Khoa,INT1003,Phát triển ứng dụng,INT1003_L01,tich_hop,2.0,1.5,2.894191,8.481405,4.277035,8.820951,3.2672439,9.328042,6.040916238512311,An toan,7.138746,6.040916238512311,C+,An toan
SV1973,Phạm Thảo Khoa,GDTC101,Giáo dục thể chất 1*,GDTC101_L01,thuc_hanh,0.0,1.0,6.307446,8.76114,2.7564294,9.039602,5.4706397,8.028884,5.610417366027832,An toan,7.5130424,5.610417366027832,C,An toan
SV1974,Trần Minh Phương,INT1002,Cơ sở dữ liệu,INT1002_L01,ly_thuyet,3.0,0.0,9.414276,6.96172,6.1438446,4.9014897,7.1068645,3.212351,1.1250303983688354,Nguy co rot mon,0.0,1.1250303983688354,F,Nguy co rot mon
SV1974,Trần Minh Phương,GDTC101,Giáo dục thể chất 1*,GDTC101_L01,thuc_hanh,0.0,1.0,6.0101023,3.1897736,7.935448,6.813651,7.373643,5.0478997,1.8115066289901733,Nguy co rot mon,6.4117312,1.8115066289901733,F,Nguy co rot mon
SV1974,Trần Minh Phương,GDQP102,Giáo dục quốc phòng*,GDQP102_L01,ly_thuyet,3.0,0.0,7.857769,3.0460942,9.109837,7.554738,9.406398,5.5013647,9.677912712097168,An toan,0.0,9.677912712097168,A+,An toan
SV1975,Phạm Ngọc Đức,GDQP102,Giáo dục quốc phòng*,GDQP102_L01,ly_thuyet,3.0,0.0,2.7633593,2.4080849,6.5236807,9.312397,9.759108,9.038285,9.013259887695312,An toan,0.0,9.013259887695312,A+,An toan
SV1975,Phạm Ngọc Đức,INT1002,Cơ sở dữ liệu,INT1002_L01,ly_thuyet,3.0,0.0,7.1607103,6.139515,2.5889049,7.526468,7.681205,8.382735,0.6910557746887207,Nguy co rot mon,0.0,0.6910557746887207,F,Nguy co rot mon
SV1975,Phạm Ngọc Đức,GDTC101,Giáo dục thể chất 1*,GDTC101_L01,thuc_hanh,0.0,1.0,3.777111,2.5192218,2.6528356,5.198326,8.898123,5.975251,9.017852783203125,An toan,6.690567,9.017852783203125,A+,An toan
SV1975,Phạm Ngọc Đức,INT1001,Lập trình Python,INT1001_L01,tich_hop,2.0,1.0,8.900223,2.732456,3.4294627,8.594142,3.1461344,5.6216927,5.2762502034505205,Nguy co rot mon,5.787323,5.2762502034505205,D+,An toan
SV1976,Đỗ Đức An,INT1003,Phát triển ứng dụng,INT1003_L01,tich_hop,2.0,1.5,5.2607274,4.7258697,1.3448409,7.8977075,9.506897,9.482956,5.999449048723493,Nguy co rot mon,8.96252,5.999449048723493,C,An toan
SV1976,Đỗ Đức An,INT1001,Lập trình Python,INT1001_L01,tich_hop,2.0,1.0,2.5284255,9.880963,7.9378986,5.4282904,5.5111823,5.44403,6.3420084317525225,An toan,5.461168,6.3420084317525225,C+,An toan
SV1976,Đỗ Đức An,GDTC101,Giáo dục thể chất 1*,GDTC101_L01,thuc_hanh,0.0,1.0,4.5316715,2.1867893,6.5358796,5.4376054,9.476762,4.522613,4.695213794708252,An toan,6.478994,4.695213794708252,D,An toan
SV1977,Phan Tuấn Khoa,GDTC101,Giáo dục thể chất 1*,GDTC101_L01,thuc_hanh,0.0,1.0,3.4465897,9.875953,5.389532,9.294953,6.4380183,4.6073065,2.3081443309783936,Nguy co rot mon,6.7800927,2.3081443309783936,F,Nguy co rot mon
SV1977,Phan Tuấn Khoa,GDQP102,Giáo dục quốc phòng*,GDQP102_L01,ly_thuyet,3.0,0.0,6.0122805,2.0286558,7.3871865,5.3500066,3.7610245,9.383603,3.805032968521118,Nguy co rot mon,0.0,3.805032968521118,F,Nguy co rot mon
SV1977,Phan Tuấn Khoa,INT1001,Lập trình Python,INT1001_L01,tich_hop,2.0,1.0,7.958953,5.9556766,5.947623,6.193849,9.437188,4.887263,6.693644682566325,Nguy co rot mon,6.839433,6.693644682566325,C+,An toan
SV1977,Phan Tuấn Khoa,INT1003,Phát triển ứng dụng,INT1003_L01,tich_hop,2.0,1.5,5.0188484,4.641222,1.3712289,6.6989036,5.3504996,7.2846155,4.863202708108084,Nguy co rot mon,6.444673,4.863202708108084,D,An toan
SV1978,Đỗ Thu Chinh,INT1002,Cơ sở dữ liệu,INT1002_L01,ly_thuyet,3.0,0.0,5.792618,7.770777,4.4279723,3.916725,3.9642541,4.3318024,7.087508201599121,An toan,0.0,7.087508201599121,B,An toan
SV1978,Đỗ Thu Chinh,INT1001,Lập trình Python,INT1001_L01,tich_hop,2.0,1.0,4.9637194,2.1019435,4.143903,8.547436,7.3755007,5.936892,4.9198845227559405,Nguy co rot mon,7.2866096,4.9198845227559405,D,An toan
SV1978,Đỗ Thu Chinh,INT1003,Phát triển ứng dụng,INT1003_L01,tich_hop,2.0,1.5,8.200588,6.3129735,6.9301414,7.4792223,5.6722326,7.872439,7.087928295135498,Nguy co rot mon,7.0079646,7.087928295135498,B,An toan
SV1979,Đỗ Tuấn Trang,INT1003,Phát triển ứng dụng,INT1003_L01,tich_hop,2.0,1.5,9.51685,3.6504395,1.149019,3.6487412,9.529126,7.4935446,5.6799748965672086,Nguy co rot mon,6.890471,5.6799748965672086,C,An toan
SV1979,Đỗ Tuấn Trang,GDTC101,Giáo dục thể chất 1*,GDTC101_L01,thuc_hanh,0.0,1.0,9.841998,8.0536785,7.2092123,8.6307335,7.629497,4.6772337,5.3283891677856445,An toan,6.979155,5.3283891677856445,D+,An toan
SV1979,Đỗ Tuấn Trang,INT1001,Lập trình Python,INT1001_L01,tich_hop,2.0,1.0,7.474275,2.1690936,5.4121113,5.473872,6.3881974,9.020844,5.665986061096191,An toan,6.960972,5.665986061096191,C,An toan
SV1979,Đỗ Tuấn Trang,GDQP102,Giáo dục quốc phòng*,GDQP102_L01,ly_thuyet,3.0,0.0,8.876895,7.3643746,7.0996485,7.7304325,6.6104984,8.305541,2.8709185123443604,Nguy co rot mon,0.0,2.8709185123443604,F,Nguy co rot mon
SV1980,Vũ Thị Chinh,INT1001,Lập trình Python,INT1001_L01,tich_hop,2.0,1.0,8.330472,5.656252,3.1837058,3.6058128,3.3252707,3.8043025,5.008471568425496,An toan,3.578462,5.008471568425496,D+,An toan
SV1980,Vũ Thị Chinh,GDQP102,Giáo dục quốc phòng*,GDQP102_L01,ly_thuyet,3.0,0.0,4.008294,9.836595,7.592886,6.6388507,4.3883533,4.7784414,1.982565999031067,Nguy co rot mon,0.0,1.982565999031067,F,Nguy co rot mon
SV1980,Vũ Thị Chinh,INT1002,Cơ sở dữ liệu,INT1002_L01,ly_thuyet,3.0,0.0,4.425724,5.70799,4.6438656,7.8041654,4.659724,7.3087974,3.7259669303894043,Nguy co rot mon,0.0,3.7259669303894043,F,Nguy co rot mon
SV1981,Nguyễn Thu Trang,INT1003,Phát triển ứng dụng,INT1003_L01,tich_hop,2.0,1.5,8.517568,2.844009,7.063286,9.956592,5.015895,3.521876,6.151549203055246,An toan,6.1647873,6.151549203055246,C+,An toan
SV1981,Nguyễn Thu Trang,INT1001,Lập trình Python,INT1001_L01,tich_hop,2.0,1.0,8.261162,3.7331467,6.4558644,8.546839,6.390429,5.2553544,6.343662738800049,An toan,6.7308736,6.343662738800049,C+,An toan
SV1981,Nguyễn Thu Trang,GDQP102,Giáo dục quốc phòng*,GDQP102_L01,ly_thuyet,3.0,0.0,3.6817198,5.956076,5.047924,4.503449,9.883951,8.0975065,5.918673992156982,An toan,0.0,5.918673992156982,C,An toan
SV1982,Đặng Thị Đức,INT1003,Phát triển ứng dụng,INT1003_L01,tich_hop,2.0,1.5,6.1122246,4.2903767,5.5241776,6.343871,4.1034718,8.473561,5.736658436911447,An toan,6.306968,5.736658436911447,C,An toan
SV1982,Đặng Thị Đức,GDTC101,Giáo dục thể chất 1*,GDTC101_L01,thuc_hanh,0.0,1.0,6.9811935,4.3506474,3.2317696,8.405517,3.7068863,5.115081,9.118499755859375,An toan,5.7424946,9.118499755859375,A+,An toan
SV1982,Đặng Thị Đức,INT1002,Cơ sở dữ liệu,INT1002_L01,ly_thuyet,3.0,0.0,7.8558297,4.7804008,1.5170299,8.806239,4.967038,7.2914762,5.515336990356445,An toan,0.0,5.515336990356445,C,An toan
SV1983,Phạm Hoàng Phương,GDTC101,Giáo dục thể chất 1*,GDTC101_L01,thuc_hanh,0.0,1.0,4.3299546,9.106663,2.5270777,7.925132,4.5592732,7.7970185,9.304704666137695,An toan,6.7604747,9.304704666137695,A+,An toan
SV1983,Phạm Hoàng Phương,INT1001,Lập trình Python,INT1001_L01,tich_hop,2.0,1.0,8.882813,4.1343627,7.5746512,8.094066,6.227218,7.1586313,6.962618986765544,An toan,7.1599717,6.962618986765544,C+,An toan
SV1984,Đặng Hoàng Hùng,INT1002,Cơ sở dữ liệu,INT1002_L01,ly_thuyet,3.0,0.0,7.198145,7.9703135,1.0492933,6.806921,6.2972064,7.8445206,1.3455547094345093,Nguy co rot mon,0.0,1.3455547094345093,F,Nguy co rot mon
SV1984,Đặng Hoàng Hùng,INT1001,Lập trình Python,INT1001_L01,tich_hop,2.0,1.0,4.3555956,4.384503,4.5484266,4.31103,6.40811,7.5380316,4.981580416361491,An toan,6.085724,4.981580416361491,D,An toan
SV1985,Trần Thị Vy,GDQP102,Giáo dục quốc phòng*,GDQP102_L01,ly_thuyet,3.0,0.0,6.1219187,9.284671,1.0327486,4.8570933,6.0184307,5.293798,1.8321372270584106,Nguy co rot mon,0.0,1.8321372270584106,F,Nguy co rot mon
SV1985,Trần Thị Vy,INT1002,Cơ sở dữ liệu,INT1002_L01,ly_thuyet,3.0,0.0,4.537018,3.7351036,5.0551004,8.791478,9.119248,6.4102736,6.350712299346924,An toan,0.0,6.350712299346924,C+,An toan
SV1985,Trần Thị Vy,INT1001,Lập trình Python,INT1001_L01,tich_hop,2.0,1.0,4.2094564,2.6412122,7.007261,7.8313184,5.2260637,6.4960546,5.252144018809001,An toan,6.5178123,5.252144018809001,D+,An toan
SV1986,Vũ Văn Trang,GDQP102,Giáo dục quốc phòng*,GDQP102_L01,ly_thuyet,3.0,0.0,9.843208,4.1630225,4.973304,7.044778,4.938454,4.407931,2.5311858654022217,Nguy co rot mon,0.0,2.5311858654022217,F,Nguy co rot mon
SV1986,Vũ Văn Trang,GDTC101,Giáo dục thể chất 1*,GDTC101_L01,thuc_hanh,0.0,1.0,4.4803414,3.5522063,5.489792,5.0567684,8.607381,4.9501457,9.236773490905762,An toan,6.2047653,9.236773490905762,A+,An toan
SV1986,Vũ Văn Trang,INT1003,Phát triển ứng dụng,INT1003_L01,tich_hop,2.0,1.5,2.008176,9.061545,8.442735,6.6540947,4.46156,4.6901374,5.974628380366734,An toan,5.268597,5.974628380366734,C,An toan
SV1987,Nguyễn Thảo Hùng,INT1002,Cơ sở dữ liệu,INT1002_L01,ly_thuyet,3.0,0.0,2.417142,4.7661886,1.9818659,9.917393,8.803269,8.631388,6.289573669433594,An toan,0.0,6.289573669433594,C+,An toan
SV1987,Nguyễn Thảo Hùng,INT1003,Phát triển ứng dụng,INT1003_L01,tich_hop,2.0,1.5,9.519321,7.6636615,2.086935,9.99601,6.6898494,4.3328214,6.673129286084857,An toan,7.006227,6.673129286084857,C+,An toan
SV1987,Nguyễn Thảo Hùng,GDQP102,Giáo dục quốc phòng*,GDQP102_L01,ly_thuyet,3.0,0.0,2.2822034,9.212397,8.659276,5.9760804,3.3442707,6.140113,3.010611057281494,Nguy co rot mon,0.0,3.010611057281494,F,Nguy co rot mon
SV1987,Nguyễn Thảo Hùng,INT1001,Lập trình Python,INT1001_L01,tich_hop,2.0,1.0,7.397586,2.7630568,8.828496,6.477542,6.2920675,3.9164407,6.0738145510355634,An toan,5.562017,6.0738145510355634,C+,An toan
SV1988,Bùi Ngọc Vy,GDQP102,Giáo dục quốc phòng*,GDQP102_L01,ly_thuyet,3.0,0.0,7.57793,8.658271,9.755464,6.3769608,9.680038,6.7063813,2.6782827377319336,Nguy co rot mon,0.0,2.6782827377319336,F,Nguy co rot mon
SV1988,Bùi Ngọc Vy,INT1002,Cơ sở dữ liệu,INT1002_L01,ly_thuyet,3.0,0.0,4.7352443,7.80146,2.0312629,5.088707,5.1605196,5.6508756,2.653475046157837,Nguy co rot mon,0.0,2.653475046157837,F,Nguy co rot mon
SV1988,Bùi Ngọc Vy,INT1003,Phát triển ứng dụng,INT1003_L01,tich_hop,2.0,1.5,9.756603,9.210396,8.53081,5.375666,4.0385036,9.725737,7.9719502585274835,Nguy co rot mon,6.3799686,7.9719502585274835,B,An toan
SV1989,Phạm Hoàng An,GDQP102,Giáo dục quốc phòng*,GDQP102_L01,ly_thuyet,3.0,0.0,2.3494065,4.268725,9.763013,5.694616,6.5208206,8.468329,8.233146667480469,An toan,0.0,8.233146667480469,B+,An toan
SV1989,Phạm Hoàng An,INT1002,Cơ sở dữ liệu,INT1002_L01,ly_thuyet,3.0,0.0,6.297509,8.81319,1.5835111,7.3020453,4.3861933,8.125305,4.858160972595215,An toan,0.0,4.858160972595215,D,An toan
SV1989,Phạm Hoàng An,INT1001,Lập trình Python,INT1001_L01,tich_hop,2.0,1.0,3.814347,7.0872416,4.619244,4.6416135,4.943032,5.9177027,5.1715569496154785,An toan,5.1674495,5.1715569496154785,D+,An toan
SV1990,Đỗ Hoàng Bình,INT1003,Phát triển ứng dụng,INT1003_L01,tich_hop,2.0,1.5,6.0715923,6.679629,3.5139656,3.8288612,7.8841314,4.9232774,5.474740709577288,An toan,5.5454235,5.474740709577288,D+,An toan
SV1990,Đỗ Hoàng Bình,INT1001,Lập trình Python,INT1001_L01,tich_hop,2.0,1.0,5.5593357,2.0276713,2.1532812,3.679917,4.9130945,8.019192,4.010308742523193,Nguy co rot mon,5.537401,4.010308742523193,D,An toan
SV1990,Đỗ Hoàng Bình,GDTC101,Giáo dục thể chất 1*,GDTC101_L01,thuc_hanh,0.0,1.0,5.598245,8.784161,7.902969,5.082735,9.424571,3.1455276,8.911279678344727,An toan,5.884278,8.911279678344727,A,An toan
SV1990,Đỗ Hoàng Bình,INT1002,Cơ sở dữ liệu,INT1002_L01,ly_thuyet,3.0,0.0,9.040954,9.173464,9.895578,3.7089636,3.208224,9.800425,7.291022777557373,An toan,0.0,7.291022777557373,B,An toan
SV1991,Đỗ Hải Phương,INT1003,Phát triển ứng dụng,INT1003_L01,tich_hop,2.0,1.5,9.770262,7.519012,2.834973,9.712091,5.331871,6.0493503,6.846520355769566,An toan,7.0311046,6.846520355769566,C+,An toan
SV1991,Đỗ Hải Phương,GDQP102,Giáo dục quốc phòng*,GDQP102_L01,ly_thuyet,3.0,0.0,3.502878,7.16316,8.83673,7.3520756,8.498608,4.9925313,2.6644949913024902,Nguy co rot mon,0.0,2.6644949913024902,F,Nguy co rot mon
SV1991,Đỗ Hải Phương,GDTC101,Giáo dục thể chất 1*,GDTC101_L01,thuc_hanh,0.0,1.0,3.9503026,2.901806,9.151752,5.3797345,9.763601,4.606192,3.115506649017334,Nguy co rot mon,6.5831757,3.115506649017334,F,Nguy co rot mon
SV1991,Đỗ Hải Phương,INT1002,Cơ sở dữ liệu,INT1002_L01,ly_thuyet,3.0,0.0,9.59329,3.2314,6.0548472,4.434476,9.16793,5.28139,0.48945462703704834,Nguy co rot mon,0.0,0.48945462703704834,F,Nguy co rot mon
SV1992,Bùi Tuấn Linh,GDTC101,Giáo dục thể chất 1*,GDTC101_L01,thuc_hanh,0.0,1.0,9.769599,5.2635818,4.848301,8.897336,3.5140164,3.9225175,7.290076732635498,An toan,5.4446235,7.290076732635498,B,An toan
SV1992,Bùi Tuấn Linh,INT1002,Cơ sở dữ liệu,INT1002_L01,ly_thuyet,3.0,0.0,5.195073,5.8466825,4.107897,8.120963,4.986206,3.6128583,2.109605073928833,Nguy co rot mon,0.0,2.109605073928833,F,Nguy co rot mon
SV1992,Bùi Tuấn Linh,GDQP102,Giáo dục quốc phòng*,GDQP102_L01,ly_thuyet,3.0,0.0,5.310353,8.349436,6.1439056,9.576228,5.2647367,9.399799,5.52672815322876,An toan,0.0,5.52672815322876,C,An toan
SV1992,Bùi Tuấn Linh,INT1001,Lập trình Python,INT1001_L01,tich_hop,2.0,1.0,5.8631797,7.158548,6.5216722,7.350263,7.1303797,3.067033,6.292719682057698,An toan,5.8492255,6.292719682057698,C+,An toan
SV1993,Phan Minh Nam,INT1002,Cơ sở dữ liệu,INT1002_L01,ly_thuyet,3.0,0.0,4.9001193,3.5909429,1.6064858,3.2691877,5.1504183,4.852402,1.70839524269104,Nguy co rot mon,0.0,1.70839524269104,F,Nguy co rot mon
SV1993,Phan Minh Nam,GDQP102,Giáo dục quốc phòng*,GDQP102_L01,ly_thuyet,3.0,0.0,9.982374,8.302298,1.1807873,4.435165,9.806895,3.6199994,4.109649658203125,An toan,0.0,4.109649658203125,D,An toan
SV1993,Phan Minh Nam,INT1003,Phát triển ứng dụng,INT1003_L01,tich_hop,2.0,1.5,6.8768425,8.806838,8.411197,9.66553,9.751527,6.5680285,8.301655224391393,Nguy co rot mon,8.661695,8.301655224391393,B+,An toan
SV1994,Đặng Thu Trang,INT1003,Phát triển ứng dụng,INT1003_L01,tich_hop,2.0,1.5,2.8953564,6.709137,3.8310938,5.4443507,8.795095,3.9388843,5.156063965388706,An toan,6.059444,5.156063965388706,D+,An toan
SV1994,Đặng Thu Trang,GDTC101,Giáo dục thể chất 1*,GDTC101_L01,thuc_hanh,0.0,1.0,6.4074907,6.921906,9.224669,7.69853,4.5814724,4.169678,8.27288818359375,An toan,5.483227,8.27288818359375,B+,An toan
SV1994,Đặng Thu Trang,INT1002,Cơ sở dữ liệu,INT1002_L01,ly_thuyet,3.0,0.0,7.668592,5.4776797,5.1347013,3.704222,8.8657255,7.7266655,1.27919602394104,Nguy co rot mon,0.0,1.27919602394104,F,Nguy co rot mon
SV1994,Đặng Thu Trang,GDQP102,Giáo dục quốc phòng*,GDQP102_L01,ly_thuyet,3.0,0.0,7.882583,9.5890045,1.3236753,8.782158,7.755892,3.2783291,3.6436896324157715,Nguy co rot mon,0.0,3.6436896324157715,F,Nguy co rot mon
SV1995,Vũ Thị Trang,GDQP102,Giáo dục quốc phòng*,GDQP102_L01,ly_thuyet,3.0,0.0,8.724263,4.853671,1.5290475,5.434205,6.3417907,5.940197,9.477193832397461,An toan,0.0,9.477193832397461,A+,An toan
SV1995,Vũ Thị Trang,GDTC101,Giáo dục thể chất 1*,GDTC101_L01,thuc_hanh,0.0,1.0,8.101863,9.455176,2.0236704,5.5180807,4.7152543,6.1599126,9.24099349975586,An toan,5.464416,9.24099349975586,A+,An toan
SV1996,Đỗ Thị Linh,GDTC101,Giáo dục thể chất 1*,GDTC101_L01,thuc_hanh,0.0,1.0,4.368476,6.2148485,2.3099005,4.6842604,4.429665,4.852019,1.3425310850143433,Nguy co rot mon,4.655315,1.3425310850143433,F,Nguy co rot mon
SV1996,Đỗ Thị Linh,INT1001,Lập trình Python,INT1001_L01,tich_hop,2.0,1.0,9.156529,7.9679055,5.4556727,7.203353,5.0945554,7.5638394,7.224662780761719,Nguy co rot mon,6.6205826,7.224662780761719,B,An toan
SV1996,Đỗ Thị Linh,GDQP102,Giáo dục quốc phòng*,GDQP102_L01,ly_thuyet,3.0,0.0,3.5069227,4.7824216,9.184795,8.355589,9.938315,6.4955487,2.3634018898010254,Nguy co rot mon,0.0,2.3634018898010254,F,Nguy co rot mon
SV1997,Phạm Thu Phương,GDTC101,Giáo dục thể chất 1*,GDTC101_L01,thuc_hanh,0.0,1.0,2.085708,8.803047,1.2814656,3.8212788,3.409264,3.875937,9.48727798461914,An toan,3.70216,9.48727798461914,A+,An toan
SV1997,Phạm Thu Phương,INT1002,Cơ sở dữ liệu,INT1002_L01,ly_thuyet,3.0,0.0,5.2394714,9.805589,3.7529063,3.9222975,7.5766416,6.316443,9.203158378601074,An toan,0.0,9.203158378601074,A+,An toan
SV1997,Phạm Thu Phương,GDQP102,Giáo dục quốc phòng*,GDQP102_L01,ly_thuyet,3.0,0.0,7.084262,7.733669,4.560624,8.907655,9.912068,6.5029883,9.8672513961792,An toan,0.0,9.8672513961792,A+,An toan
SV1998,Lê Minh Nam,GDTC101,Giáo dục thể chất 1*,GDTC101_L01,thuc_hanh,0.0,1.0,3.529278,6.0143385,5.8862023,4.960025,3.0201693,7.6592827,3.7297589778900146,Nguy co rot mon,5.213159,3.7297589778900146,F,Nguy co rot mon
SV1998,Lê Minh Nam,INT1002,Cơ sở dữ liệu,INT1002_L01,ly_thuyet,3.0,0.0,3.2918284,7.774353,6.468049,8.968022,3.2980525,4.3219576,5.887790203094482,An toan,0.0,5.887790203094482,C,An toan
SV1999,Nguyễn Hải Nam,INT1001,Lập trình Python,INT1001_L01,tich_hop,2.0,1.0,7.8129506,9.220385,2.0918562,9.198096,8.609428,5.3652945,6.824800173441569,Nguy co rot mon,7.7242737,6.824800173441569,C+,An toan
SV1999,Nguyễn Hải Nam,INT1002,Cơ sở dữ liệu,INT1002_L01,ly_thuyet,3.0,0.0,3.3762,3.5090163,6.6581225,8.025701,4.655663,5.1178,9.163570404052734,An toan,0.0,9.163570404052734,A+,An toan
SV1999,Nguyễn Hải Nam,INT1003,Phát triển ứng dụng,INT1003_L01,tich_hop,2.0,1.5,2.0893793,4.806922,6.936885,4.0820312,3.5309238,5.566661,4.517694813864572,Nguy co rot mon,4.393205,4.517694813864572,D,An toan
SV2000,Bùi Ngọc Nam,INT1002,Cơ sở dữ liệu,INT1002_L01,ly_thuyet,3.0,0.0,5.4518824,9.011396,7.853904,7.555818,6.272705,8.106777,1.7718862295150757,Nguy co rot mon,0.0,1.7718862295150757,F,Nguy co rot mon
SV2000,Bùi Ngọc Nam,INT1001,Lập trình Python,INT1001_L01,tich_hop,2.0,1.0,5.892096,4.1448107,8.050574,5.872697,9.152146,3.362363,6.062463601430257,An toan,6.129069,6.062463601430257,C+,An toan
SV2000,Bùi Ngọc Nam,INT1003,Phát triển ứng dụng,INT1003_L01,tich_hop,2.0,1.5,4.8939905,2.8654683,1.0678577,6.9620857,6.6162486,8.376584,4.817810467311314,An toan,7.318306,4.817810467311314,D,An toan
SV2000,Bùi Ngọc Nam,GDQP102,Giáo dục quốc phòng*,GDQP102_L01,ly_thuyet,3.0,0.0,4.7417836,4.2893915,7.8196816,4.1327615,6.6841426,5.2947235,6.473071098327637,An toan,0.0,6.473071098327637,C+,An toan
